request_count,session_duration,failed_login_attempts,typing_speed,mouse_movement,label
2,124.28914461605524,0,314.9860328512815,0.7569735044151621,0
7,135.89630285791014,3,235.6523750898588,0.5488722900473564,1
36,73.31652320038934,6,280.504235133647,0.24126536343336139,1
2,111.69839420070387,0,241.52097405470676,0.7376490270611256,0
23,16.898810705766916,3,297.75035618454115,0.21111755597422588,1
5,140.45341358379784,0,441.29072106660584,0.8060294930169832,0
6,111.54067483288401,0,171.72511935572652,1.0,0
1,111.13690289428007,0,215.46152392276028,0.8230198366738579,0
5,158.22275763312845,6,151.4915784665588,0.8102711605288331,1
5,149.17959332128456,1,314.0192229126856,0.8437396693114146,0
2,104.61376214717616,0,190.95932630936287,0.8621855441255154,0
21,60.17448789128478,3,175.37746908462032,0.4768954114208502,1
3,118.2755345895116,0,301.6644469671433,1.0,0
10,152.83926349687863,0,385.3873098255014,1.0,0
4,69.04337923035979,0,286.31208799561375,0.6170309447934426,0
3,71.83290920928181,0,175.17612380551944,0.9035118428890953,0
4,138.64602869593404,0,218.85171262841328,1.0,0
17,52.785798098111826,8,278.50075883035447,0.41707437560302996,1
17,78.0868417285419,6,272.9465395077977,0.5319837324671522,1
6,92.53665374408631,0,149.38882172437403,0.8427722401846686,0
3,121.37286379513068,0,223.55951170692344,0.7596400490612285,0
3,22.38440625183582,0,362.5119172398325,0.8267135276914341,0
9,128.50875357211677,0,304.3565813984226,0.9009958357002584,0
17,63.881998196580696,1,283.1893928965004,0.388907229016409,1
12,126.08380506875915,9,158.45947556330816,0.5918072932779147,1
5,228.1592999021904,0,70.31579502726782,1.0,0
7,193.59047360479292,0,304.2166012903609,0.8199983362324769,0
6,152.86112473542494,1,297.64245377006773,0.8059232523220594,0
7,135.5291553229863,0,266.8201547370511,0.7656113453941328,0
5,182.79740091388788,0,338.53180174729044,1.0,0
7,78.2787315604209,0,356.56304360074324,1.0,0
17,57.03669074317503,1,175.3725853498931,0.5729962892569164,1
3,84.29778961190195,0,245.99953206058132,0.7186062482250004,0
5,192.46707914240716,0,108.88906511363447,0.8832388378854699,0
5,57.24424011616708,0,281.04696349354697,0.8772538104276478,0
7,122.63656892759664,1,275.89940326628295,0.756034917807696,0
3,155.6400414318693,0,260.6891836505617,1.0,0
3,120.82286008371928,1,201.7178716784204,0.7652877813290757,0
5,124.91091240454364,6,271.58203007203565,0.6086994078391763,1
11,118.52887814730099,0,231.9958282108699,1.0,0
2,97.67464652719936,0,377.34844796866247,1.0,0
6,133.93795828943266,0,316.7096955252516,0.7327143223180834,0
3,81.56911052965164,0,196.07636220014749,1.0,0
2,131.51638027345328,0,239.993849697405,0.7451833854309549,0
1,167.63037645077492,1,268.82965279826243,0.6792753692134942,0
3,60.597383897387154,0,229.27291773855507,0.8769684687773456,0
26,53.97159157738562,7,189.92598045455514,0.4651567219704417,1
4,99.27964907833628,0,299.04277165072136,0.8080711407548774,0
7,143.8811614744426,0,242.26907366564797,0.6480532204617147,0
30,38.32694183572201,9,175.29917005024305,0.20060261179263866,1
7,77.02565725716136,0,189.3410758828345,1.0,0
28,40.35032862002037,7,123.3023902347045,0.12155618059393675,1
6,63.49879476013722,0,350.273618876866,0.8496179860527007,0
114,25.160263787813115,1,162.66943147507314,0.008948029815358716,1
4,132.43916544742754,1,262.8426591106818,0.7649671914034438,0
58,44.46871088109761,1,191.78231917496893,0.15513142601383426,1
124,10.759812040180332,3,157.33129138204544,0.0,1
3,106.37719385214642,0,285.10163214145496,0.8975003869266125,0
8,83.0204649154692,0,156.87174388511738,0.9983962992580934,0
60,20.009953323433095,1,167.43254797770138,0.0,1
7,81.38431851648349,0,378.044966458573,0.9859694087772014,0
7,182.59430366275075,0,216.4655054104498,0.8256690263135918,0
10,115.67021511166841,1,264.45414471713326,0.8800923352052202,0
5,105.14875975093285,0,291.6236434396678,0.8954677898322273,0
3,157.84810254151316,1,133.33715940857093,0.9684733118465412,0
9,105.0334142408,1,188.9277460795962,0.7563813060557067,0
2,153.7632652276519,0,138.88233648032622,0.8013413716140392,0
3,91.43537747798457,5,340.8483637623681,0.5253932278804527,1
6,70.2703436917056,1,96.5391138077959,0.9702178411904385,0
17,44.67021056198876,4,294.6617598431708,0.49890026865862436,1
7,151.64651963505295,0,239.7974477716537,0.8471105114563325,0
109,21.16662635611799,1,163.61253666914405,0.0,1
33,5.0,9,152.1522340455098,0.5361067215858611,1
3,88.14393749630977,0,256.3547893716249,0.899679155183089,0
6,167.61304805625565,0,218.60043119478945,0.8643258865735557,0
9,89.85298531820287,0,134.6907781065835,0.9895260870073886,0
17,19.743028604961157,5,350.96382915113185,0.439811593449459,1
4,50.479852021802685,2,124.03080684805722,0.7074277046677411,0
36,39.67449351386537,6,212.60520512270472,0.385735741949212,1
5,143.54490392753368,0,143.61792026819901,0.8941079776461872,0
5,114.90843685243581,1,214.95938254406005,0.6949775090310304,0
5,138.772564581814,0,217.2308754006055,0.7537266428509246,0
2,82.07737601041347,0,364.2809286756757,0.732498034458644,0
138,20.80324991689482,4,240.5925478145137,0.12899731412217608,1
132,19.840046817699026,4,138.1193671646529,0.0,1
35,52.2250967948625,7,185.81911525447688,0.1095973806552343,1
3,90.74402058705294,0,265.1386467095258,1.0,0
7,98.91708736812154,0,287.34987160273704,0.9981828559437339,0
5,141.19689678395565,0,239.93632205116745,0.9334114951673907,0
6,115.36640656495628,0,237.88178615740898,0.8872223157647948,0
6,206.04872206932103,1,296.95209762453663,0.9417717765396822,0
57,35.689888222573806,1,88.68556896297036,0.20433871998269892,1
5,143.74577438157135,0,206.31845694625636,0.9103735416674325,0
146,37.957086270036,2,143.98173276356678,0.08183613440572685,1
45,20.375351095939443,1,172.87930400002,0.15247488006829496,1
1,146.24258164278547,1,349.0703498702388,0.6677653410231038,0
7,79.149608646081,0,404.1845725123741,1.0,0
33,99.54719198087274,5,159.71549532535425,0.15900017285445275,1
121,2.064096735164742,2,104.04402297761855,0.0,1
7,177.10540445688687,0,275.2618683835,1.0,0
5,107.75116312973721,0,279.18056751346126,0.9487271483865215,0
7,132.85981314934625,0,200.81545294495754,1.0,0
6,138.08900729668667,0,77.76574579107084,0.737192322876969,0
2,143.92014182412197,0,241.47862769367063,0.6346773691744568,0
4,112.20886350649563,0,127.97922089123998,0.9003216872901868,0
42,25.519280701716095,7,200.53993105224833,0.2580845790118066,1
122,24.3203409150415,0,192.2491260180683,0.30754792888174926,1
30,5.0,12,155.68094970773825,0.30209666135849217,1
7,114.7840013580377,0,352.6695252523546,0.9874716615957014,0
3,130.60463227046955,1,434.12141823945205,1.0,0
4,104.6101159782737,1,199.26107829400976,0.9897802568988514,0
6,140.7077759671879,1,233.03872133778472,0.6941433307586534,0
18,60.15824066759942,4,306.53449088082357,0.4248500067970006,1
10,130.04200005920336,2,280.1416593366886,0.6474735501850466,1
7,168.56312719417733,0,257.8559121686776,0.7498188777114522,0
4,136.54563033519688,0,322.27489248577956,1.0,0
5,112.2449943714607,0,216.924312466296,0.9108869311305744,0
6,73.02414694241334,0,229.9761819569988,0.8383183690892584,0
57,19.38950786546778,1,141.03272269905668,0.24562143477720516,1
3,114.68198750358587,0,244.47169516940792,0.8390618674632367,0
3,213.01355412317787,1,192.79599947766397,0.7917490951549476,0
5,101.09600900447512,1,256.8486268479691,0.8284997494831459,0
118,3.075002527178179,4,181.68651989141088,0.25488093090772024,1
105,23.904734289294144,1,191.23880047567724,0.11061131378063022,1
14,115.15680249375845,0,97.22859020409632,0.9131741071929458,0
4,86.72793566323348,1,293.4016527534115,0.7425840748396303,0
4,94.20933410712867,0,304.1100279354488,0.6715372783390678,0
7,71.02650442626216,1,299.9342549796509,0.24808875726260313,1
10,121.94771948587446,1,164.29197511156391,0.6746585621131983,0
5,209.67840254280657,0,303.2640179811798,0.4639258887027263,0
6,161.61524216745315,1,195.14811940014135,0.7965364865093693,0
2,115.28344604024284,0,334.26848013828743,0.857003862691093,0
1,176.77824732935366,0,322.7080879969309,0.6762669311814089,0
6,148.29469904029537,0,302.9649495221029,0.8669063571925306,0
2,37.65372761787759,1,309.8444057403638,1.0,0
22,93.15222549230634,2,172.43642384618133,0.5811646328682083,1
6,186.9012454867398,1,405.5884623756187,0.8514112845117296,0
2,112.12668438455101,0,292.05378424175547,1.0,0
23,129.77742306036137,2,212.1251053273435,0.1640423057925199,1
4,137.31456995289574,1,273.4865426564426,0.857414830228684,0
4,177.65622103732457,1,271.5893706295132,0.9546715399959917,0
7,118.3011454041562,2,278.4274097837046,0.9416751544313715,0
2,191.94552523072042,0,136.3054194738299,1.0,0
9,144.85306074192678,2,253.23353672277798,0.9145701604445441,0
5,153.29245890927203,4,253.65122157602516,0.8192226466088194,1
2,133.177998540607,0,214.8935640404764,0.8136374722541403,0
5,108.40710959505378,1,224.5761958020606,1.0,0
70,2.0,1,175.67628602564744,0.13449641242909333,1
17,101.9627157880243,2,216.6079862331878,0.8428665730844419,1
8,106.67107867664926,0,330.3876679305596,0.8009375179629065,0
4,129.9086498704432,0,411.1742362263242,0.8961228116272528,0
7,108.8420997284765,0,239.95178115978086,0.8381061243046277,0
21,50.40665782654476,3,151.69240426483256,0.28733521948579605,1
5,150.91593385790412,0,261.4792143140173,0.8891210372498085,0
5,79.26316635831557,0,306.5568393545233,0.8941815592561809,0
129,12.299276947089155,1,40.0,0.1313560886430206,1
5,92.22989126088513,1,252.2166205909274,0.96613072499575,0
56,31.555454062471608,1,163.32953266969034,0.04167116745735625,1
4,103.79963314639633,0,278.91785627294354,0.9362939484010523,0
19,56.704147480030336,3,304.1447229498928,0.6678562119850591,1
6,87.34046767005832,1,270.7705029031129,0.9169061557730972,0
8,105.17479789515828,0,353.278721487245,0.8547303466856361,0
2,104.5262868833351,0,269.77713269042573,0.5275201259402034,0
4,50.34841699364898,0,138.06941131515333,0.9785043445396957,0
3,132.98466418883007,0,346.5186256824706,1.0,0
2,153.1324925529548,0,60.0,0.8245929655101379,0
4,89.68602522262852,0,181.3792689015463,0.7807813874820028,0
115,24.938591072363675,1,178.10236100840444,0.0,1
64,21.288528944815965,0,235.5028384728631,0.0,1
5,198.07712437248784,0,308.20388319104325,0.6428526310478988,0
5,140.40749901210745,0,299.5434589783661,1.0,0
42,98.52461318676595,7,133.10690204082073,0.14959928483063556,1
4,161.44758620329918,0,265.2676343691281,0.7593055481502157,0
63,2.0,1,64.50782978422059,0.1282721674937175,1
6,192.27680309742814,0,316.6235766574419,0.8229454150089396,0
1,98.95095798138998,0,321.8074860778144,0.9653511671281261,0
9,147.77154501998615,0,451.90525757268244,0.6443621134625183,0
5,139.4207316686024,0,172.68810278165162,0.8152828924091714,0
5,123.08119274750214,0,206.95885838443627,1.0,0
15,80.06763565776339,5,105.23217599562209,0.3267650366877557,1
13,11.77565287370224,5,218.34715868321098,0.24153320667452183,1
4,170.0367014517535,0,333.434092330195,0.9854592771011755,0
5,127.1325357387143,0,348.5187839896072,0.6789479132547548,0
1,63.062899030536684,0,281.54113033677766,1.0,0
144,6.768440724311789,2,167.43586802067804,0.14008486948091103,1
41,32.313561431873225,10,40.0,0.2765358686876192,1
1,172.66451677711447,0,179.91266621965332,0.975001209920307,0
3,174.37248329007906,1,296.79325929217805,0.8868835778996078,0
3,179.00343162493593,0,435.0345705620004,0.7943915611963848,0
9,94.26387982457068,0,213.10857222828048,0.9933660848133099,0
36,51.96401062369593,10,229.56029787388388,0.48863413061608263,1
8,160.31083054684748,0,306.8082033975345,0.6820558049423472,0
12,104.90131186792705,4,367.9329109525147,0.2995413389212251,1
1,95.29112247397637,0,352.52045710612475,0.812837534336044,0
7,143.02184449511597,1,154.21072434075552,0.7032537647573498,0
4,118.94246862222604,0,299.4322137035727,1.0,0
2,95.2826373946198,0,273.2944211245694,0.6633234241665935,0
6,77.39552808913578,0,318.800019603957,0.6601451731305779,0
7,155.62609073795335,0,292.31108704296815,0.9287699584084119,0
3,73.90996199799301,0,366.2464799988263,0.7634808345483921,0
2,127.85895960969007,0,222.68837907635069,0.655929509817422,0
5,171.96582313455593,0,208.41343485297594,1.0,0
4,98.95100514026286,0,248.80453076433048,1.0,0
101,2.0,1,199.83135774077516,0.12656810774532004,1
5,134.71799394418747,0,286.8333406801661,1.0,0
24,31.27757256554925,3,297.3525685208643,0.0,1
2,134.91745043521206,0,166.27133155448578,0.8248271253872496,0
3,108.46001081674923,0,340.24261008354915,0.9658197131359696,0
42,5.0,11,221.1275288387596,0.2879662677264029,1
3,38.94646960801463,0,134.82925398961893,0.9031775817657968,0
3,137.91973572719772,0,207.40426209962288,0.905504399527939,0
4,133.23445264790496,0,455.57172549017764,0.6049786220451261,0
6,69.15161101703103,0,88.56768305944544,0.9477538380991903,0
19,71.22373065517392,0,146.46007033771983,0.415720261134235,1
3,191.05400689837154,0,202.42915156565473,1.0,0
5,143.19917452711064,0,297.03106996618465,0.8006877214656384,0
3,111.96856725272924,0,303.7608263903735,0.8684564367419786,0
0,162.97945752304716,0,167.15188544399263,0.897833447529375,0
120,16.830270598691083,1,92.58665804142257,0.2753915919863668,1
3,182.76157136034016,1,309.002690297087,0.573851264676987,0
9,127.49297108010418,5,344.65049880840047,0.29825537754895726,1
5,67.89602990728474,1,185.61335382066483,0.7430799924810964,0
4,152.15569337881718,1,173.59322262351262,1.0,0
16,84.5416428901234,2,298.8139180061696,0.21262751232494553,1
4,73.9766577144811,0,261.1440976166153,0.8822090144783722,0
5,143.97007048260923,0,190.8837225507163,0.9713795818514525,0
3,146.41864169180434,0,386.25520116737863,0.7641909862890822,0
4,150.6280045322771,0,270.52657858144084,0.7232613356069617,0
5,124.11004031788755,0,238.19541357454082,0.8576368589599102,0
7,155.08123579947767,0,214.82707399257583,1.0,0
6,54.885645586943866,0,231.22329018367776,0.6769288858733847,0
5,65.86025727399799,0,418.75908352803833,1.0,0
135,23.692586701354102,1,121.2031286234698,0.187850502667486,1
6,158.46042284916044,1,257.9948721594065,0.8353593301523631,0
5,80.2868651783902,0,280.64553905015316,0.8353750498289719,0
1,86.90577947221121,0,221.17784340043332,0.8535161221225248,0
9,169.72889520691612,0,213.0441543977335,0.7006476000822425,0
26,33.07762810283743,18,348.2146669102844,0.5781523820034639,1
2,91.06535111770502,0,262.28639277653974,0.6996621615075924,0
23,99.47234947742163,9,121.73837684634218,0.5974314612663206,1
9,68.2377976166381,0,353.5505413701638,0.8277629535452969,0
4,115.8346382015036,0,286.6033602097879,0.7413501434874478,0
1,65.03870829509079,1,352.58806089409757,0.7167560585652147,0
8,74.04215794184266,1,301.53681937900825,0.8107307515107155,0
4,141.75423347724006,0,279.95211544766687,0.8315567655720881,0
64,4.408569625661603,0,125.23154698750236,0.0,1
5,149.99568317255523,0,258.7332253424547,0.9922661271910199,0
5,107.91980378468381,0,327.66123142198217,0.6187863437610733,0
1,51.34550882947573,0,136.95956147522233,1.0,0
5,85.74307230060334,0,340.1231363746879,0.9141956955214094,0
15,33.43215634445672,4,111.52085713167455,0.3535175767183372,1
11,133.55729823114973,0,247.39345379414428,0.9332133576583947,0
45,26.785358472121118,5,106.23985878863802,0.3750747714779368,1
3,157.72831790494214,0,258.7526317371922,1.0,0
3,120.80067224065945,1,382.73092041093867,0.7512595016615601,0
6,78.69749379686888,0,326.29832837780384,0.688853445707303,0
4,156.3986893670104,0,155.27295676668277,0.9218514820279216,0
45,16.24260457525729,1,286.1456984598663,0.061939840811295145,1
9,87.86854157218305,2,232.4791710620622,0.6945124297514651,1
4,110.55588207361464,0,276.7168684457197,1.0,0
22,27.221871114432236,10,161.68914543193372,0.5701108470447529,1
10,26.312741717035895,0,100.63349162332051,0.8366260970919538,0
6,24.040085071985935,0,212.24771906944335,0.8172173018357475,0
3,144.37383515252412,0,396.08643953098704,0.7185809956811308,0
34,38.80908329171132,9,115.78414677022876,0.21067434265508445,1
30,20.085120371260405,11,112.04939734673572,0.06235257320976864,1
4,114.81951324822472,1,384.0686934967109,0.7156773405107721,0
105,8.989537783585838,1,132.4762153785602,0.2147175154907281,1
8,135.78162303397337,0,187.20536059208814,1.0,0
128,21.82180134118868,0,207.4729186871851,0.2576740595116674,1
34,45.84948739943736,6,56.50157807126785,0.4817119679235488,1
3,212.1120869415169,0,267.6535538580278,0.9584613601808241,0
2,114.40178963737557,0,229.30649172815396,0.833797698310638,0
3,168.39738854108984,0,325.15256362961856,1.0,0
7,101.09541925517121,0,144.81023138234508,0.9649906219365869,0
1,197.46788779682427,0,233.81566900988975,0.9142667324891595,0
10,88.76444985662843,1,281.1673691637654,0.7196950614073965,0
6,44.98831364356295,0,376.1884435533217,0.8158479782967121,0
7,42.32998974030159,3,81.39818446727811,0.5332738939266644,1
9,129.30424678595358,1,314.39446546298905,0.8848552179842522,0
5,106.21975925795003,0,215.01847012729687,1.0,0
117,9.12138028724754,2,113.06119357565133,0.11717192526129185,1
9,127.6612773030186,0,298.0151073435803,0.8611101177271074,0
8,191.31219508986317,0,254.87758588745547,0.8228028719047192,0
22,103.04107022301609,8,213.09098017528257,0.23107992735756033,1
2,83.05069199447732,0,221.24691609224,0.7479034292474805,0
28,26.441421984946423,3,328.02519323791415,0.7137093076416431,1
50,32.08021176693337,1,126.57919781601878,0.04626503490730421,1
5,63.23538604510127,0,137.56037164021026,1.0,0
4,105.6725070807596,0,250.81902577810007,0.8811841929327258,0
42,17.996140181961252,6,150.26446562851396,0.17650280417705935,1
5,171.49742306894774,1,174.58271412681543,0.8872458778378449,0
14,74.01731963108332,6,229.6460211497232,0.550351680111971,1
2,144.24491735684782,0,264.9498338794559,0.9157109163316728,0
9,91.46863033067999,0,235.90068146257312,1.0,0
5,165.45413579879062,0,257.94457128622497,0.9641204136205221,0
4,61.39096881567241,0,110.59356100970504,0.8536878562635708,0
7,173.31252560602815,0,221.6375314225245,0.7985887418691642,0
6,104.9506665596171,0,261.3615016233552,0.7697093594790742,0
2,117.9834650099374,2,246.81426955360104,1.0,0
5,115.15607338290611,1,244.36591673917667,0.8819645226023245,0
6,114.56665729734365,0,284.45629556559965,0.9399096305151895,0
10,139.57704839435118,0,147.4057137757684,0.7787578589751141,0
3,83.40634523145604,0,260.844124386513,0.7581991213990044,0
6,90.88058039749352,0,272.45592992890835,0.9667914440027175,0
5,103.10995451339028,0,150.71530162457321,0.8930752820325778,0
3,137.87851339523186,0,241.45558518953143,0.9008752000639559,0
9,167.94733218871713,2,269.85010970112404,0.9952723213084262,0
7,101.86349199918376,1,188.68186765572142,0.8744220915786353,1
11,135.5325136736338,0,324.13595433131115,1.0,0
8,106.52853704960701,0,270.83357713950903,0.8042899739483804,0
6,141.80799123813296,1,219.04154809489847,0.9420695238963414,0
1,170.483585071797,1,302.9412616297833,0.6948066533013766,0
36,5.0,7,185.00799377893262,0.19081775783622942,1
31,37.38875764301186,7,207.12271457656965,0.5685938342324312,1
3,90.84831398470341,0,314.96520027244304,0.6381639343532522,0
128,2.0,1,131.54861731525486,0.2515611837594907,1
6,139.11386505302437,0,254.0472830203665,1.0,0
5,123.55833109937655,1,229.84355981303392,0.6421834746794494,0
8,75.7727752245279,0,314.2702384588818,0.7305544107739441,0
5,146.02671001254885,0,130.72099757692908,0.7494297866303756,0
34,5.0,10,190.65378088249872,0.0,1
3,116.83889605027201,1,226.07869719061176,1.0,0
3,173.79238033831732,0,315.88483879523477,0.48470358611746645,0
4,119.54714813224366,3,359.0217877473732,0.5911220483869747,1
4,93.80431440515179,0,203.812725839643,0.7956749805244766,0
17,88.52787417782349,2,165.77286130528958,0.30783866497505563,1
10,148.25122565501817,0,224.70649258338216,0.7870283714845075,0
3,204.47582895243957,1,169.33744984710683,0.970652279989288,0
2,107.08155803068551,0,302.8676904558714,0.6269402852788548,0
2,76.6125783610473,0,246.8846866924183,0.986939502913468,0
6,114.05601788405,0,330.82430677220077,0.6418838734321933,0
39,20.372414865974132,5,292.78447441416535,0.36963961554561015,1
11,116.19622150013356,0,197.82608648420876,0.9296301219691248,0
6,184.23959161565793,0,109.16949723687388,0.9410296307454326,0
3,75.53036325134399,0,203.59308873890507,1.0,0
8,91.03200452161353,0,230.6560983935321,1.0,0
8,143.14667124992638,1,235.21192593613495,1.0,0
6,155.03857568332606,0,308.11411068657446,0.820251107383387,0
6,69.45632054175488,0,216.0289910664188,0.8336587280098333,0
30,45.05053927258631,4,80.58997343285361,0.5419689138160259,1
4,201.53460692266563,0,104.50797322503428,1.0,0
121,28.027197596393652,1,115.63171047746056,0.21821069762493361,1
2,158.10025111418176,0,141.97430028934176,0.7592269349810667,0
5,122.29925935719767,0,147.25334114797357,0.944438834719038,0
6,112.4726007372598,0,170.87238615882816,0.777537558302207,0
2,175.77243021779844,0,161.8868933310931,0.9783176725251471,0
4,172.415499865811,1,235.3970644611699,0.6191782601077314,0
4,99.64657292434076,0,417.8747526141387,0.6231169406577008,0
3,80.23494645963682,1,260.0226991591363,0.8546548965433111,0
7,91.65361469659932,0,250.15530155069706,0.7902233810898773,0
55,23.53149121394297,3,47.03328953136566,0.21147326089035376,1
7,108.63639569577761,0,205.11044583690534,0.6369705152088277,0
7,109.97943442569733,3,114.78885639249435,0.8150389072488422,1
4,104.49128004542018,0,316.50494353106495,1.0,0
6,152.92950741085434,0,281.2557802957057,1.0,0
97,20.769959085965095,1,164.90348101227917,0.0,1
48,23.40859506595421,5,80.58155510978337,0.3172577352543459,1
5,121.39017315926316,0,204.94528293232452,0.759618008816638,0
7,116.39854313902599,1,289.5229177959004,1.0,0
26,17.233300697678477,1,163.85049139653557,0.16697286154204033,1
3,101.19123525973575,0,188.10304978260586,1.0,0
5,144.8375428756953,0,220.10428470819068,1.0,0
7,135.95912789156978,0,193.21583778133777,0.529323878584178,0
3,146.99803811943903,1,247.80927152660396,0.7605845374001272,0
9,174.7438155381005,0,238.59710899224797,0.8128988380678142,0
3,103.80905262989567,0,340.5215403723923,0.7764703039271984,0
3,134.38636407966482,0,234.54445274793417,1.0,0
2,159.64847881272803,0,167.59713407222253,0.8345195627663125,0
3,146.45117320447395,1,376.6715540966538,0.8695025253800862,0
3,133.1768874534254,0,203.45378431520956,0.7839168872793374,0
8,72.96517410943183,1,325.3788368555154,1.0,0
8,101.68460964362015,3,309.4802918985846,0.5111996682430193,1
3,106.9299147413027,0,201.3247974361232,0.8564653878172396,0
2,116.40694526800593,0,237.84272737214425,0.8877931521101603,0
4,136.859830012817,1,256.2030838198303,0.9049214869891763,0
3,112.12785886494007,0,178.20508309934158,0.9891343450931602,0
40,41.00354800543548,9,282.3281486197692,0.6015237818658083,1
4,75.65563263161854,0,186.27804218407945,0.6982517974482841,0
2,159.8659367810504,0,174.1933487493333,0.770939697261334,0
7,119.5426347529266,3,334.4991826899126,0.31424712636404123,1
5,107.0088736243305,0,356.78474958059195,0.8683679756372039,0
4,105.7861653868325,1,79.15735223280817,1.0,0
17,75.38645858503746,2,82.41824052522819,0.4328081007070903,1
2,128.58909151182513,0,160.1392407631943,0.8328476418037112,0
127,13.668902792364165,2,145.88624290845513,0.2295873773073758,1
28,10.79279641033317,8,275.8401212612635,0.4098293617372244,1
4,110.46842586196794,0,256.2151079495373,1.0,0
5,30.76121996946938,0,253.62496409832733,1.0,0
4,139.8409380334491,1,315.01337343971596,0.8438688203088373,0
59,9.520551574118736,0,40.62752147015917,0.0,1
4,104.96644426826417,0,142.53472508721822,0.7456608198206442,0
16,33.99595599871545,2,269.60210743127453,0.35637127191803075,1
8,135.03798070613985,0,190.5905845041335,0.8054018273711963,0
2,155.37347510854897,1,378.78459753050515,0.862804472730474,0
7,156.33881129462932,1,432.0425637114509,0.895051529406859,0
8,91.33084038692623,0,185.4436991010436,1.0,0
7,95.05716617160851,0,251.80566225375537,1.0,0
2,77.26351491018124,0,309.38128440134705,0.7357453366316803,0
2,170.8166417643394,1,163.0218999403806,0.7912257470869383,0
8,145.31315481279938,0,287.17755399623996,0.92079409413695,0
5,100.82582914199455,0,170.8318331985347,1.0,0
3,106.3406761170994,0,85.00641708770672,0.8714917909346649,0
21,90.4221940990359,4,222.95239825598892,0.24802180706184368,1
7,97.94356512404221,0,296.5919135990325,1.0,0
19,67.00088058518841,5,123.11773241747655,0.6100715619415952,1
70,10.247263343820073,2,202.4849607560782,0.15672722374535838,1
57,11.254434146826203,1,195.84014953668714,0.1825487954905911,1
5,226.33397912192692,0,136.63206825181038,0.8595184993246437,0
5,137.17824844162215,0,142.85550022022102,0.8055466389700248,0
3,195.82020975876614,0,233.79396287675087,0.7046379372447403,0
3,84.89834858495901,0,176.3543993962241,0.8608456098289751,0
4,167.70406065802072,0,257.7304616660348,1.0,0
33,51.34483995684069,9,113.33594409333296,0.43761884684945584,1
31,37.26206405981643,11,142.7835869023446,0.2554052213334781,1
21,66.16499865368071,9,209.5295795656947,0.4363144810712889,1
11,165.47174877715344,0,341.3672464838182,0.8064109689452427,0
116,11.008758595623828,3,144.41466556167168,0.17470847676419388,1
3,131.46128962007847,0,422.48625974874403,0.8270051910093081,0
13,95.58529116716903,5,291.4161250951485,0.12285306787538644,1
2,82.68274717974607,0,470.62430329806654,1.0,0
3,74.6226602086714,0,382.94460957683845,0.8538951272193844,0
4,128.69286079898586,1,381.38640454138334,1.0,0
3,149.6789260707132,1,227.28788140472838,0.8005254596081771,0
3,212.64332186814198,0,136.81949989460475,1.0,0
10,207.54406229787185,0,280.5504363688933,1.0,0
2,137.81094937087437,1,309.5090647832405,0.8841981367296589,0
3,161.31251821018242,1,334.4476902917437,0.7616018080492213,0
5,95.46494699797573,1,276.6426579876106,1.0,0
109,10.411844527120227,2,143.26488019139504,0.22143931481722823,1
4,153.34993845931845,0,329.4215744680276,0.954128114469764,0
30,17.878370874839952,11,229.40568402545367,0.3589034831392467,1
4,101.55106488934257,0,294.0957403531832,0.8638486466193577,0
6,140.2784158559841,0,111.7508592142587,0.9001900145038374,0
9,128.79929295745626,0,306.40812103323026,1.0,0
3,136.08891052918213,0,404.7534979704341,1.0,0
118,14.784862561910131,2,252.2223502048325,0.15131257110954704,1
4,110.3283685835455,0,241.072297680334,0.9222295760387312,0
6,133.42638461629585,0,307.95853840302254,0.8225648875786769,0
45,34.70108999658664,6,167.18859782208366,0.4573650883690681,1
68,11.09688762895613,0,151.8956173959965,0.0,1
3,130.6760652281516,1,306.63929612313063,0.7876219494710552,0
18,85.60677915577841,4,191.325451094527,0.4900429671763287,1
18,49.27043565816584,2,259.3937710672287,0.0,1
3,140.6674679419427,0,241.1423321180087,0.9655581351206288,0
18,76.08050644004943,1,179.38593112611866,0.39084105672543407,1
2,85.22869664295285,0,338.394188519571,0.726023278188195,0
4,88.51595183272907,0,190.89233921004183,0.5898384830426578,0
1,147.9039028376896,0,204.5818934398705,0.685158709092311,0
3,90.85852689494503,0,326.8244511389216,0.9199249670107107,0
4,157.33354754501178,0,211.9112053543253,0.955417624099036,0
10,168.32915782925815,0,201.32052228271527,0.8451083300640199,0
4,174.9396974983725,1,298.65666661742347,0.7850865578147856,0
60,4.817830483470404,1,234.15585101857033,0.24055846025760094,1
7,176.3282968054691,0,205.8456722688586,0.9766200357280508,0
6,138.5837463514224,0,232.11477377438956,0.868656074850868,0
37,67.84217175852687,4,111.10282889805147,0.30498614758313125,1
7,49.13706144523501,0,282.36493159593164,0.7492115901125093,0
5,98.8152046294661,0,234.48916432955954,0.9843522432888628,0
5,89.03637637676525,1,266.25390357948834,0.616104471504583,0
110,20.064376869134176,3,167.69927376895967,0.16102796596214825,1
20,62.85856012275127,4,386.1951095931721,0.1309883749110968,1
5,187.02265495890336,0,293.75716677157095,0.7631922395793009,0
12,85.9128010569668,3,294.43351546781696,0.5200401142554866,1
4,122.22324137484863,0,245.48173788879365,0.956552795279623,0
2,212.67129375610432,0,289.06494997516927,0.7543659574966977,0
7,156.10948106155945,0,192.80054672377815,0.6845894624003693,0
3,213.39698313651246,1,317.0961252261069,0.8634485754949355,0
4,161.3378759138676,0,161.04313182081202,0.8718918641133198,0
124,11.754058021587724,1,79.9255776420292,0.08254984425826455,1
5,91.58902681616198,1,405.9031916926653,0.847834088839116,0
3,116.59213695195194,1,287.92984371055337,1.0,0
60,23.482645252253462,1,54.599655449499366,0.0763234177700322,1
5,186.6630879305509,0,366.72218361111646,0.8294456507986978,0
6,138.1452952460102,0,73.75611795346174,0.7739219118833782,0
8,159.2028480649895,0,134.4678256163147,0.8092886461184232,0
5,103.66746136534923,0,251.50519657923505,0.937543504617251,0
6,166.33360030085595,0,201.71239863761008,0.7101156736841734,0
133,15.813551901134394,3,136.62390361512348,0.05997442271241893,1
7,88.16648672718482,0,271.96338403470037,0.7745918526548765,0
2,186.2769199501576,1,390.05656108601374,0.8985344532996415,0
3,109.56595230430199,0,324.07089566197493,0.5300989027853384,0
3,128.90373065134932,1,253.39024325596301,0.8863360904927557,0
7,101.71744538796422,1,253.81851559891348,0.8349178595599814,0
9,181.09064430978162,0,364.840307480679,0.8388149171555641,0
123,20.975175617729214,3,131.65669380512614,0.22388721127568023,1
119,8.054596675926325,4,161.81790767778682,0.12761463051173552,1
33,35.986447690997586,9,135.65150426929006,0.6142892145812533,1
9,161.39166055473837,0,391.5211048929576,0.989835367181945,0
9,120.90348785946169,2,230.91499187051102,0.3931898197759604,1
6,165.41437335366703,0,331.58814535382504,0.5588651578630192,0
4,94.08534598868975,1,366.5248424476357,0.8590441882090257,0
59,2.0,2,188.49322609116896,0.1009831174293399,1
9,42.36986495703039,5,146.87546583178735,0.5425929054710908,1
18,23.063283332539083,1,151.76182709916236,0.4216011810881834,1
5,44.43970047553735,0,306.8748446783561,1.0,0
6,190.32522029259823,1,116.52614007277428,0.7302687125552844,0
5,53.43223874371712,1,322.14072098642526,0.8652624351854171,0
33,13.166009243760255,5,223.3745565057235,0.754121604749384,1
7,131.2340926453626,0,321.14378911824724,0.8065698537368541,0
6,142.52605061237367,1,482.67084747808093,0.7028509456274681,0
6,90.26162540696035,0,212.7624824254392,0.7469943424615613,0
3,39.75549128704447,1,280.1134360423692,0.9097309409346327,0
4,56.07455139212719,0,284.9720990619195,0.869304397329614,0
9,113.94637173287012,5,286.8031640762256,0.6176059075543895,1
6,84.48977255756239,0,60.0,0.6092367704336593,0
3,142.83329627380087,1,267.06352351223705,0.7613630796209601,0
3,147.10255121243452,0,360.1682804916577,0.8589108839425622,0
7,107.36939420353113,1,256.3701939548691,0.965148455790064,0
21,62.291739908259665,6,251.8879789951711,0.5074356414956516,1
6,140.74878095147193,0,265.42241483654607,0.956846724220772,0
42,8.88123253613019,0,115.33416467734806,0.08310848975971663,1
3,71.9232307260562,0,268.6683180968067,1.0,0
3,86.77047668379525,2,214.77187340739178,0.6039801584870401,0
11,102.26499578289886,0,179.42089513384417,0.809885540107787,0
7,152.87525358826935,0,297.284972960588,1.0,0
8,68.75070620066427,1,219.80604220301944,0.5626187104062347,0
3,93.6688405968725,1,218.27172663617654,0.7168376636636741,0
6,64.58755501609444,0,213.04397153825505,0.8331385667887226,0
6,121.31884545636001,0,206.87227368051728,0.836115497981928,0
6,86.14956398952981,0,204.5055700435604,0.9593662626448948,0
6,135.1402960697944,0,302.85245345409027,0.7212225449774092,0
36,5.0,1,66.6573592959732,0.483803191089792,1
6,146.9330043380713,2,275.10192387420324,1.0,0
3,105.24162747287627,0,273.1017498590949,0.8718875722130326,0
8,163.30870709017773,0,144.94273421065205,0.8903007007761292,0
4,69.0118180832258,1,167.67494496286662,1.0,0
5,66.27799935057944,0,199.1125660759512,1.0,0
3,180.8052687060742,2,353.8114081373478,0.6448864494425958,0
2,126.25070205401252,0,269.4665689350124,0.9553597580498788,0
4,72.76949091421459,0,324.44700020543377,0.7062794581657575,0
19,77.83907759158684,2,154.24788352633925,0.42050933628600523,1
64,10.390445892678528,0,140.69531239066401,0.07297504465028669,1
6,145.85523590392842,0,383.25573709088707,0.6709955939953778,0
4,89.12183075153882,0,299.2225417053985,0.8915603644136405,0
3,78.20683327808793,0,320.50488352489833,1.0,0
4,185.72508578407619,0,82.38492503376662,0.9440638309382677,0
3,89.46911494305544,0,323.49813053925385,0.7377934904540403,0
3,69.51945991868075,0,110.8586484670133,0.748219167286285,0
8,134.5907566592274,0,276.2805585377425,0.856998696567106,0
7,106.30562828600277,0,241.13114758387547,0.9853644727891253,0
17,23.260210590177305,4,225.85022048761448,0.21360658204400992,1
7,89.94741208916354,0,122.96761252778906,0.7289871601802629,0
4,131.17609755853937,0,202.55429612371145,0.8513714033472167,0
128,3.806145093348914,2,40.0,0.1008617422146333,1
4,138.07727104077728,1,283.3241240600665,1.0,0
3,152.43679254251262,0,296.5116999263736,0.6092404698188751,0
4,116.54289575496749,0,207.3623659049347,0.691022342801792,0
1,130.24510957027576,0,481.14444987481465,1.0,0
37,70.197964696094,6,331.1659257351101,0.2197918936512514,1
6,197.73569708490456,0,271.4999320884875,1.0,0
13,61.675127128824364,5,128.41652713772976,0.3070633469209181,1
5,96.09049134014903,0,151.98896902331467,0.8665694069244221,0
2,51.3731800527787,1,395.1113023656369,0.8285345164575105,0
4,54.49614152814617,0,193.7098614089879,0.8761465996259753,0
6,76.90837343206191,0,279.0861378136781,1.0,0
1,120.96637262100964,1,209.32315239597267,0.7874270842592854,0
7,81.66481195439395,0,156.42332697890407,0.6039302313377178,0
7,133.90193377000577,3,227.0472315368383,0.7482174434743876,1
6,94.95027909255361,1,306.16709138511834,0.9764117691886247,0
8,139.6542466662926,0,183.32527639283703,1.0,0
25,73.85551349679388,9,130.2267898653459,0.45939743601675476,1
6,98.97424267574085,0,197.2438557309648,0.822347653351819,0
8,169.61242224648896,0,365.53936255527674,0.9880586642940965,0
4,200.70732432445712,0,60.0,0.9338835756592321,0
5,129.43520856415253,1,263.159677902336,0.6484786316175684,0
5,112.62116062642863,0,197.6325389774194,0.5665005149270153,0
25,19.384334920022482,6,40.0,0.5450239311018179,1
3,159.82216708342654,0,282.898760776868,0.5447252940651874,0
23,66.04758476218807,2,177.67089147126572,0.41770342915973946,1
16,94.3684515019772,3,122.38657485218728,0.6160393532401541,1
10,75.62516572247408,0,74.65845863498072,0.9075297092233537,0
41,22.430593905497442,9,63.519525673048406,0.17541893831039101,1
5,17.92923883092783,0,155.4975588546112,0.809291549636507,0
4,159.50696721808373,1,275.7385314653456,0.8803241727921656,0
1,95.30445764689065,0,342.1301142095088,0.7704044959545369,0
3,142.2577791886799,0,274.7153505150054,0.8420464179132978,0
33,16.95428363339344,7,226.95485932533302,0.7066932266485051,1
5,65.40845463553106,0,274.4214870583364,0.7290911556698707,0
122,8.070601798081446,1,119.22260379467676,0.07518308330624343,1
5,176.3668479394736,1,131.84061628235654,1.0,0
7,107.04934658021912,0,355.3924417435071,0.9302472934667466,0
12,90.30039479511683,0,218.1578174315522,1.0,0
7,73.32533399275631,2,344.6232819748052,0.4616265463969261,0
6,84.31198167785482,0,329.4144666280132,0.666311312004524,0
4,54.09834449597005,0,424.04365231546143,1.0,0
1,145.66927455122197,1,231.6084333091342,1.0,0
12,111.78707638676043,2,146.10237376050225,0.1438074415639759,1
5,134.6964373205392,0,138.94421590625487,0.9812118926591774,0
6,103.31431426973445,0,296.6858732453551,0.8719485265737529,0
27,25.349971362232214,10,48.933369080696764,0.6361989682062218,1
2,224.7803278672242,0,322.2375281321884,0.7745596363399715,0
3,96.1681403646963,0,331.56594475004295,0.7141280477207017,0
2,72.89010503407869,0,261.5802388456048,1.0,0
2,107.0915961571661,0,315.17097045093686,0.7907562328928431,0
26,56.04719971491609,8,158.30087886193226,0.5690656318440422,1
6,127.91903120783454,1,185.0277980837293,0.7163591349058993,0
7,109.76053281428491,0,216.02625845706967,0.8473480723853908,0
3,125.19797184495901,0,241.79926172486614,0.7719110043461921,0
1,102.75283359232343,0,159.48520667269523,0.9712498165042384,0
18,77.46806037535139,3,288.9835598722257,0.6304714242732394,1
5,133.2984097004984,0,188.13190407292356,0.6741073996339328,0
3,98.62107570682194,0,293.9099724183359,0.8010766992397198,0
6,87.44475746332031,1,408.23949385774966,1.0,0
9,124.22534821859318,1,181.72142488675541,0.8866224220925746,0
3,120.22602151969714,0,265.3541273752649,0.8877154672866547,0
7,52.75272750137972,0,264.25277563421344,0.9784601122601564,0
3,138.00553112204514,0,334.10229160886786,0.9452074976985205,0
4,164.74803807320833,0,395.80935559584003,1.0,0
3,64.34172653991388,2,275.2952680502465,1.0,0
7,160.69982625315254,0,174.4644534546207,0.7643794770377712,0
6,141.06781353157336,1,195.01478206430306,0.9472709075868172,0
6,139.03458933952874,0,210.34360857239713,1.0,0
6,134.7972802819418,2,223.99701972630498,0.7984565084413959,0
9,135.04594819691377,0,163.0999544702592,1.0,0
5,137.2636919565941,0,359.99153398055864,0.756388687466867,0
6,163.10212754852776,1,74.26005629785777,0.8459274887566747,0
9,71.81905370248484,0,301.4578040906538,0.9763208585187884,0
5,166.70798560228974,0,292.29750174548263,1.0,0
4,132.36568086331292,0,160.3863291563098,0.5896821943896098,0
41,14.202687612417616,8,106.48563303930115,0.0,1
3,90.5733531745475,0,246.65092173415036,0.9986098218799951,0
5,219.90467820788908,1,297.03059673873935,0.844207826490765,0
3,129.56178914500768,0,259.12207274085125,1.0,0
1,86.48208447209159,0,406.26895837446096,0.6790615857169331,0
6,155.28989836620917,0,79.12120605519962,1.0,0
3,111.08887253328703,0,215.76535399153798,0.8966134826366118,0
4,138.43006698889855,1,276.8561330498913,1.0,0
5,134.75673140580759,1,291.40726123313317,1.0,0
6,169.59092386567585,1,208.65481309288535,0.7881633127944575,0
5,94.75794375776603,0,314.19833071947136,0.861978210265611,0
4,71.25181523953911,0,281.5459910507475,1.0,0
1,109.86881349004389,0,387.58155390621044,1.0,0
5,96.09479683573781,0,245.26327215205106,0.7926204835430998,0
9,102.06026241835933,2,170.05714255651006,0.7102169883818468,0
7,113.64070165184522,0,405.8408820668694,0.8205890038355209,0
4,140.55018646782275,0,285.1289163993281,1.0,0
7,163.1603203100806,1,288.2939372121444,1.0,0
103,13.122195425250412,1,147.35933207506486,0.0613330275814199,1
125,2.0,4,167.67079735492712,0.05015885036320947,1
6,62.28970048276232,1,132.0954845147046,1.0,0
8,113.96537914441436,0,323.1028171551047,0.8423260793257339,0
23,30.937382676770376,2,199.95151738187798,0.26926984265732123,1
17,29.976698710336976,5,134.61252764554752,0.5987747359980558,1
51,5.969259573289368,11,190.93923335078662,0.16752600968525175,1
6,87.46351353308728,0,238.07036254221526,1.0,0
7,97.72390468005919,0,118.70726537676316,0.9271687160141624,0
6,96.62551640504854,0,244.881524957163,0.7714034945651074,0
7,133.2728195285559,0,244.61070691774864,0.6621339815264006,0
10,133.54899776927198,0,365.261874064504,0.6940558892834386,0
6,157.6069153554114,6,184.98108724945902,0.8817887953917928,1
4,152.35592054731745,0,225.00227675380333,0.9708714287548379,0
3,53.39742375034214,0,236.22277508038735,0.7977064555374833,0
5,172.0973884245091,0,266.22723102354115,0.9073993075292394,0
6,117.49668553961004,0,210.0823017529294,0.81012123117179,0
2,176.7598197952712,1,319.96084989022563,0.5091651779883752,0
6,117.07408875890958,1,298.7331826642443,0.9314335721088044,0
117,4.626177963196598,4,178.4620449892351,0.0691288792918694,1
6,133.96602264657207,1,216.87367252248097,0.9691987109317977,0
5,216.2786268258513,0,201.79142320263423,0.9516117939968275,0
1,147.69714621949927,0,76.18533991662656,0.7604481086962922,0
92,16.421823698386607,3,216.42522902237747,0.21961989513800845,1
3,104.54110385466072,0,220.44330989165104,0.8142823468699978,0
20,98.16019852346791,3,178.74871201504044,0.13638882589511675,1
127,28.2855757586684,0,109.96038501495819,0.21661962832561157,1
16,50.23921200404233,5,217.67435255911184,0.3282832234009864,1
52,25.626115114608844,1,103.03638674847053,0.33092315106924214,1
4,181.80357182865836,0,200.84181597833313,0.7794318082802076,0
3,133.91932246367494,2,142.72352013371312,0.9260249099337436,0
2,145.58994133550797,0,301.7242136301978,0.9431311913781518,0
6,92.03713812629121,0,302.71394972659704,0.8092257056171619,0
47,37.603519079406425,1,207.7779943962012,0.14993592733021888,1
35,68.41775436455026,9,208.6133752340433,0.6594472130321436,1
5,137.14571332057778,0,238.07600094391245,1.0,0
4,142.71690287577292,0,305.7422089056331,0.92610854055137,0
36,82.36807417313486,9,291.28683292871915,0.41199644411705016,1
7,134.11307527211324,1,281.8196951158042,0.9228971545829444,0
4,137.50034051345406,0,366.3843744121326,1.0,0
4,136.15163977600753,1,251.04080898330037,0.9805490328289609,0
4,122.34701650898963,0,330.63481369920686,0.9580782174488573,0
7,113.6672826798352,2,324.438647870277,0.9886542885988188,0
11,95.7571700195197,5,79.44174366571364,0.47769096251888643,1
1,161.72382725416443,0,270.0037030864797,0.8121073876697634,0
6,78.75469430576415,0,150.71434741885568,0.6735837096781595,0
5,104.89154356678269,1,248.84174349541644,0.998594899157643,0
6,133.15888914105471,0,262.03035863451265,0.8794756941037488,0
64,29.681334519564324,0,92.24501768777955,0.16986563029548654,1
9,72.21253871729725,1,259.6760560156545,0.6770467187365095,1
11,167.04453078148316,0,212.3578250712009,0.7644955312690964,0
17,8.0,7,220.96985430353314,0.5846306768972237,1
2,131.93620076455562,0,245.52209845354383,0.9588924630418271,0
2,65.64748643874319,4,241.91644218335227,0.3812784275564924,1
41,5.0,3,132.13986388455234,0.9763137516160847,1
6,72.60841111430811,1,264.72323995924273,0.6987460149395415,0
17,92.50130598881205,5,262.0304341778888,0.6866574114572235,1
116,3.789079251066496,1,162.32366791147857,0.0672947057526057,1
4,147.70055656356615,0,148.4835566473934,0.8137404800338849,0
5,130.92180163149953,0,111.72804062567701,0.9102518314107786,0
33,55.19734067280421,9,287.08665980521585,0.0,1
19,78.66573539823264,7,144.68615774936902,0.18278401600479952,1
134,23.788396623362217,3,40.0,0.0,1
2,131.17556081887892,0,196.78476949550532,1.0,0
24,73.70055725446254,3,297.12998641374503,0.19346014999146757,1
3,132.9328498816871,0,192.330521262221,0.7521881758219437,0
9,118.00137059264252,3,268.93620162402266,0.5573941526783307,1
6,125.48871871294841,0,190.55592632048015,0.8460793009332779,0
4,74.94171389018092,1,274.1713771575615,0.678293331059832,1
8,87.33536140529704,3,289.17758175206086,0.5157835551297956,1
7,145.6455154914086,0,355.89862669160334,0.6450767898083785,0
2,111.50888754705643,2,223.75553137331025,0.8380553398228483,0
39,61.37144094188994,10,296.2576403232496,0.1434005600604051,1
4,88.60511251734368,0,135.33543117852804,0.9323480258790707,0
3,94.62971182243979,0,296.8761645813086,1.0,0
7,142.67452040751746,0,402.9658580895388,0.7226895150621608,0
3,150.78024661922328,0,333.97151545404654,0.9273212999488956,0
3,92.81437383722364,0,168.37157589457033,1.0,0
37,27.97694609090047,8,236.07608967598262,0.5960546986062455,1
1,115.38262749072142,0,188.70849333239414,1.0,0
6,123.33017662143733,0,248.19003466760097,0.8342999154283939,0
3,142.2058164051649,0,341.8068830889816,1.0,0
17,61.42970025403895,4,153.51944902432723,0.4251393558965352,1
6,119.92102016596237,0,217.3879769891467,0.7577570212859178,0
5,134.5179162382937,0,263.7407577411269,0.7338123379941676,0
4,32.98480537431098,0,320.53673746147064,0.8019393483751807,0
2,150.74921210406757,2,225.02669288707523,0.9600413401238378,0
5,166.82226473720024,0,426.65798672001165,0.9109355145104318,0
6,118.69184391905235,1,339.544888024403,0.8871932902095994,0
1,96.2344362596749,1,272.88745224372855,0.8540652755687289,0
10,116.74120309319314,0,324.8655981868311,1.0,0
8,97.80054384557056,1,216.86792672661088,1.0,0
10,40.12129569705849,2,192.22894511989796,0.3790729606995355,1
2,97.38580484755961,1,288.49922873399436,0.6403164879081159,1
5,209.66322012948604,0,198.95127400476392,0.906225991119965,0
36,40.022153847597124,9,180.68719663303781,0.49965294910907265,1
5,85.79283176779172,0,288.1366277321748,1.0,0
8,118.02778948575197,0,144.06782177975896,0.9710390707991844,0
7,99.61925542237165,1,97.96659404694606,0.8900290998135054,0
9,71.13083852876386,1,149.90338451841632,0.9107010798021078,0
4,69.53259731899325,0,277.10133018346517,0.9450162893071095,0
5,80.78136705006796,0,233.88436667321344,0.7163761069065407,0
3,148.83963902016256,1,253.88359899819574,0.9498460136776818,0
8,134.7991172317732,3,162.82426091246916,0.4986287995289572,1
4,138.64850058533978,0,286.8190754372644,0.951268666831437,0
20,50.647240665625866,3,310.328933604059,0.5017965791512553,1
34,44.40782244191791,9,154.24268089666882,0.20885863456677622,1
5,64.25650002058089,0,190.60891716616433,0.8773281312296978,0
5,94.7577045603233,0,260.8604014072656,0.7822965941262549,0
4,114.85763470462362,0,243.31090792912056,0.9823813203882342,0
5,97.44177561693853,0,345.3522451495039,1.0,0
3,149.248854793884,0,221.73069984127858,0.8461477508219242,0
14,86.25857700773666,3,252.71779250179878,0.5134549042714057,1
5,157.96547988638935,0,324.3696562442311,0.7623945623873515,0
127,2.0,3,82.62487256453795,0.0,1
47,52.314008543318785,8,144.19087829101952,0.30454546035317037,1
7,132.1325032265731,1,217.26727199136744,0.7218170127745624,0
5,150.4618168284136,1,60.0,0.739360521428691,0
4,124.54334437893728,0,240.23598742711135,0.9905740436327641,0
4,203.63411946417816,0,276.5766328295629,0.9558413958474506,0
5,49.26632669594117,0,239.5711170414909,0.8518897491244098,0
5,121.6274173881289,0,292.705999636219,0.8457233869908272,0
4,139.93123993653916,0,387.62289941316504,0.5662474918037935,0
9,106.95671715081247,0,272.24306753805786,1.0,0
135,19.35613625269528,5,177.5461741175679,0.026280926432807827,1
46,5.0,5,230.68386390133963,0.5502435252855227,1
3,97.47751116583518,0,311.9945431813955,1.0,0
6,157.0687343160488,1,257.8378041300014,0.991363832106092,0
4,119.00844947121688,0,401.77692812696426,0.9406446988974522,0
43,2.0,3,206.31941902194797,0.18200415804431086,1
8,118.87612031957173,0,232.78863512781132,0.8112904125323789,0
7,110.70710910729642,0,253.6446838500059,0.903080072033347,0
8,121.69830481105954,0,283.57933615132146,0.6631613845224033,0
5,140.35586096325827,0,229.87851193674635,0.6777852536487097,0
7,139.27261156970764,1,293.28466105020937,1.0,0
3,115.60341238790056,0,317.1809124773354,1.0,0
7,140.01903597482033,0,60.0,1.0,0
2,73.8984054639923,1,208.24886058359098,0.6495746780577316,0
7,173.50587255778697,2,358.33921375959,0.8244093309630111,0
116,26.201676551322336,1,172.68346975870037,0.189146895000911,1
20,78.2736004579626,1,283.0825346965519,0.15223569956321836,1
7,65.61928658725924,1,294.44960305940924,0.7382610388838945,0
8,117.2818252631037,0,337.30916419507605,0.7968736977241571,0
2,88.10575952717531,0,177.65378417560078,0.9050907062450814,0
8,88.59719235840537,1,224.71720379062103,1.0,0
3,56.70341172200488,1,180.8795537952194,0.754602674182621,0
7,178.90864120220382,0,239.86956050473847,1.0,0
32,58.59086041624162,7,103.23499516516061,0.1645721245827774,1
7,108.15849848292443,0,291.87692217687066,0.925326721685039,0
15,71.00769411909243,7,166.29382099081866,0.3111183963383164,1
4,120.13028499261146,0,256.8347247521221,0.8688409904059118,0
7,99.4684023829829,0,223.50167559899762,0.7795453241835953,0
7,105.2855368829266,0,119.40316155988741,0.9024358086800515,0
59,20.8692380455156,1,167.82162620062448,0.0,1
5,94.67341369670758,0,317.89972459616564,0.5039430736659931,0
59,15.373608953232795,1,240.23333873561097,0.04843615997954011,1
5,139.08731128134704,2,155.60607200679533,0.9699248670231853,0
107,33.09577609599941,1,113.95684580447451,0.0389139258883166,1
8,147.3678349880093,0,205.7133452024696,0.965152558317552,0
5,91.03897829320954,0,172.4689359949627,0.7361388807942745,0
6,150.65017184404383,0,248.33903655212112,0.8690887526800344,0
126,18.728034790261553,2,64.61110338180708,0.09197856231633586,1
6,89.46392980404799,0,239.8632813274201,1.0,0
6,118.63365262605615,1,114.39919262933648,1.0,0
2,89.27272872632619,1,254.84255957226574,0.7609070988250289,0
14,69.25771809636632,6,217.0641767322559,0.4828554249385112,1
36,94.92645356451587,9,234.33953550192206,0.5517844304721053,1
13,89.37335973676299,1,244.0654533036691,0.2920389065108512,1
5,129.5234677512664,0,303.1388569803355,1.0,0
6,172.54088407371245,0,203.09108286096412,0.8556760733738232,0
4,158.37976064608608,0,247.6704940475089,0.77600787037966,0
7,144.13502674151135,1,201.35449818650034,1.0,0
119,30.147481869440792,0,157.07967748106668,0.0,1
24,19.274418307269304,2,178.13328492216488,0.4476744388522264,1
7,121.79163009397426,0,262.1457043653963,1.0,0
3,134.27591176631734,0,388.32895944584425,0.9161222509033092,0
4,88.14016556105803,0,236.44155798895667,0.9413877225554292,0
5,192.30182541143589,0,254.23487955977677,0.9681897121824985,0
1,153.87287258742745,0,260.3242208480704,0.9837046908913158,0
4,187.31401918230324,0,176.4322154382218,1.0,0
2,127.75041866212923,1,211.70782811407213,0.9525967488338716,0
3,119.691752936927,0,303.82680895492547,0.704819334810037,0
5,92.20828350209813,0,247.48648817339767,0.8579745808576394,0
9,97.6402471095186,0,292.9436149599192,0.8688632785381412,0
0,76.26439194373805,0,330.5507917156253,1.0,0
6,185.2113797879789,0,268.704022954833,0.8358758289590291,0
5,105.62150158543041,0,187.023418960628,0.6865505154968862,0
19,59.361811088340396,4,180.4966020613147,0.5714596763263861,1
2,124.99038795446367,0,344.3054201776512,0.702082404068497,0
3,187.0243741921916,0,321.6904390023362,0.8720993875763828,0
12,76.06029784014677,0,261.7040560475843,0.8357053453581824,0
4,140.91088459538514,0,192.50683118265408,0.9990127618031164,0
5,141.89813075741242,0,395.0768518850615,0.98953295737439,0
4,114.89808487726145,1,293.5372390634597,1.0,0
6,114.09269907514,1,259.6248555440361,1.0,0
48,21.988062657553733,0,188.3999925510906,0.010923552016065546,1
8,141.85321323586015,0,77.7425359406989,0.836915546262681,0
2,150.0214817773332,0,147.218861161197,1.0,0
25,48.40975936028102,4,184.57428994313568,0.49782203014841886,1
104,10.249273323898972,4,249.11235626317855,0.17845416330483294,1
1,124.15539870681492,0,313.358415616181,1.0,0
7,163.74397209543693,0,422.50493208329334,0.9089127727394939,0
0,111.88669629382407,1,295.61234863652516,0.9474424318664023,0
7,139.62081988347765,0,208.3563569431064,0.9000382841956764,0
6,96.14285015825395,1,218.5230988714593,0.9419576778791731,0
4,102.00819409038186,5,137.8433921873077,0.5714459791508574,1
3,82.9498338240376,1,386.9246037805727,0.8868311601472743,0
5,79.6567584355015,2,232.65757728575284,0.2679765078024392,1
7,59.42243976497825,1,187.72838008662265,0.8627064964805478,0
15,42.190946878553774,1,121.97152879858245,0.5214651639982016,1
3,157.39355528347133,0,233.10668802063617,1.0,0
9,130.67520874134982,0,277.21129345057955,1.0,0
6,147.8859783208,0,335.66129000176574,0.6393740802831354,0
7,141.17852672435438,0,264.0123310496996,1.0,0
8,53.62641078285348,0,225.20610834313067,0.9915563768542285,0
48,17.90194499276028,5,80.82451065659373,0.271051085001406,1
8,161.72627961769814,0,230.59385895230815,0.815247311531139,0
0,181.6985258857371,0,288.69120121428847,0.8319756708667841,0
5,143.3983519208873,0,292.1466513790889,0.9789351833393157,0
12,73.76614083944511,4,164.47800619496888,0.6469298448652302,1
60,22.726547370876382,1,130.6808026727445,0.0,1
3,107.91278011093254,0,152.62385772654963,0.6270921206512569,0
7,89.92495592998334,0,178.8464651984734,0.9567470268931132,0
21,49.79209039824586,8,187.34741428712636,0.6975804394591026,1
136,9.118719479351865,2,174.50591653758306,0.0,1
7,109.49653218750775,1,301.92578605212924,0.9674107507984894,0
6,138.84756974107393,2,274.0726154403946,0.8433476971601471,0
5,186.86004452565945,0,162.5920408472514,0.630907287512524,0
4,86.69750616706926,0,120.97812977323827,0.9455887669132808,0
8,69.99816249418222,1,101.31174376166692,0.9932535972205214,0
5,98.70773521452999,0,354.72286540702777,0.7257912300881635,0
147,5.473674705198278,1,103.0072756672045,0.09111139149188784,1
6,166.09347695248584,0,225.7953103875411,0.8048266715692757,0
13,21.178651032660525,9,151.69143683658703,0.0,1
3,103.98652810609005,0,215.95996996683715,0.8813306107074453,0
5,80.15882130389181,0,220.21585837368673,0.6496139290234874,0
7,86.96193910576098,0,209.57492212121767,0.7152010427522799,0
16,17.73872667945628,0,227.67483286371083,0.24577801699779578,1
4,160.9802708594774,1,280.57785732405085,0.8578543616518806,0
34,5.0,15,40.0,0.47362197284910695,1
3,39.20671889009043,0,102.32931687958265,0.9096543964757464,0
7,90.56558426155605,0,280.5470637271759,1.0,0
2,144.3340170785119,0,213.29604117811493,1.0,0
31,64.4066002948327,7,226.62035565576463,0.6268551629427523,1
4,148.7035502884113,0,170.99687423938286,0.741777206056121,0
4,141.32772319795833,0,477.89930745076447,0.7872385826699401,0
3,218.1179614238098,0,224.96713489411553,0.999667199932949,0
7,206.44496075172862,0,320.9774774780905,0.7792880325296444,0
3,96.66433906165231,0,260.2316560498251,1.0,0
8,191.60148119095658,0,372.5635488896929,1.0,0
5,91.25631252695301,1,277.0395161687748,0.9396354954945362,0
5,107.14471252639797,2,260.0670637187805,0.7109858765687276,0
4,160.5511159804817,0,200.41266820810756,1.0,0
3,157.29581671568332,0,408.2246117004918,0.7556397658431263,0
6,152.9182499904443,0,339.0910686509845,0.9939932285616025,0
6,95.03851792970892,0,310.7781770245028,0.8108384771886681,0
2,137.47307947587038,0,377.7230549843598,1.0,0
4,105.96312474047087,1,254.74192390651024,0.5621084975557717,0
11,8.0,2,272.47020675387205,0.42278355106604093,1
5,117.34044901850473,0,159.78373459790345,1.0,0
21,59.29223136288147,2,249.3857515013838,0.3562560232498694,1
4,146.2336385320396,0,359.944032413804,0.9502802693937332,0
6,149.73801274905335,2,181.01261616625425,1.0,0
5,99.28213616212695,0,348.85366126570034,0.8618266648815915,0
5,112.14527700455814,0,227.78039704886024,0.7872901765452406,0
6,82.45762406001604,0,335.44371324188614,0.9866439420676936,0
2,93.93656836847143,0,218.78262370506167,1.0,0
2,123.88783507957244,0,191.63129720615626,0.8315839261244519,0
8,157.95129207189413,0,276.5647966322941,1.0,0
6,122.59975014657425,0,242.35584253102306,0.6540256604933866,0
17,44.555174411422506,6,192.03953273539184,0.6181331604820771,1
5,88.29099363533172,0,335.91624440190424,0.8483037127906092,0
11,10.0,3,212.53716734364747,0.7544288482337401,1
5,166.8813805004539,1,297.1504545215712,0.8230001834460352,0
9,129.94295526179553,5,192.23155268134067,0.4120950952960038,1
4,128.72369851581533,0,220.4670539397053,0.8824081541137923,0
31,73.81805263608048,5,253.74075672903626,0.5274509133792616,1
10,160.8664803815681,0,221.99703596041059,0.8087723644732463,0
6,99.29716029191536,0,223.7261340357878,1.0,0
2,76.64704258897201,0,327.01736538657826,0.792806485901231,0
13,67.09263317946713,2,203.9861965084922,0.36728892932906415,1
5,110.49930422113441,0,136.76494060545227,0.7073016932548503,0
55,17.742858894918456,0,128.9343592975408,0.25022964187255153,1
7,139.13078061987142,0,205.8115818171734,0.814301717527107,0
2,174.0214334291151,1,250.69276260763073,1.0,0
5,10.0,1,247.18691433314152,0.8618743626807011,0
4,117.12600066777252,0,328.084097476591,0.8095106201394144,0
6,216.12969355549555,0,223.58272737167246,0.9555460143289736,0
3,154.35215372173514,0,300.15958356084707,0.7404269947158175,0
107,4.365492839530967,2,82.24842599855376,0.05264827924492588,1
4,131.53383311304634,0,211.27666919041735,0.72267517583484,0
3,68.07258068677031,2,253.9165172122969,0.49250160967139334,1
9,47.74774401091485,3,156.5889773256744,0.402039816115934,1
21,47.7507843393371,6,146.30142471345692,0.5807730714911237,1
23,45.09909357019171,7,126.19056140039315,0.6648556063878346,1
4,133.30623449565195,1,391.00794782038685,1.0,0
5,134.42578370852812,1,277.7638909516052,1.0,0
7,108.61042033333138,0,191.37448377887253,0.8649839091765964,0
30,44.00791967975282,6,121.01823115639532,0.2919998298183968,1
3,237.5167002614174,0,192.9537738315695,0.7824296778303376,0
40,93.48966544824111,7,81.80716071793026,0.7459200934840359,1
121,33.887242862604566,1,160.59782402473925,0.16141614497281323,1
3,139.16481750108062,2,228.6958485121443,0.6815874826001013,0
2,84.72676251122607,0,392.09348191593745,0.7918052834376329,0
4,98.71533416911923,0,338.08201295760216,0.8381502514325783,0
9,119.27834805097322,1,301.85463438812826,0.6363723247615297,0
117,17.981390942469204,4,57.07308646825527,0.0897377085613322,1
113,2.0,1,107.78742257478683,0.2141987893283432,1
13,99.23300061329098,0,271.6729206018706,1.0,0
7,185.13611230460012,0,314.1390664405821,0.7411342857862526,0
3,179.53309686548806,0,219.62760535064476,0.7504853686313282,0
4,84.2334141336421,0,280.92873348370176,0.8389178562325494,0
4,124.94633069059458,0,336.5817139922491,0.793188355840979,0
3,68.06757211286475,0,344.572229287196,0.9106075734461057,0
4,115.30880086577736,0,206.4424642698095,0.6914910253350164,0
35,10.61361826906118,4,125.18428338967341,0.3222455904979021,1
9,41.2297085575656,1,308.1240226002143,0.8935822916296581,0
4,133.95179532505392,0,364.20355857018905,0.8461830573504243,0
154,12.60399444955597,4,183.63512739063998,0.17497181678792875,1
6,78.83356420220169,1,439.70986880639146,0.8203272651214694,0
3,76.08162572547819,0,239.24283952253836,0.8893687819114647,0
9,96.36979541363972,3,194.85433204022954,0.2500180581878975,1
7,119.0062671274549,0,224.59067179588968,1.0,0
9,120.09774837456564,0,382.5882414595532,0.7586132758975314,0
41,80.67622697542309,10,321.5688234492366,0.5520597151795827,1
2,108.0640542647023,0,215.5206101526566,0.901385826627235,0
113,17.675988330110936,0,197.3168584374023,0.004734916693953529,1
9,71.01391514579974,0,295.30695653174877,0.7776775416124437,0
6,91.1190219670377,0,368.32361565861686,0.8658410530649122,0
3,133.34740051829033,1,275.1737368509285,0.8496708188755754,0
18,54.91063251503728,4,205.5685508118827,0.42616764050130657,1
7,197.3329475300351,0,301.14167669022197,1.0,0
6,108.6308006854915,0,285.53968327525973,0.8892766140540008,0
16,88.82088939605306,5,245.94524038156942,0.1756825798062172,1
17,44.560460538614905,4,222.8628430093068,0.6122597504763845,1
5,126.72618086125931,0,311.20496018572845,0.797639020912488,0
34,34.92001171015989,6,99.25076389398227,0.4099530861056535,1
7,145.03787647742436,1,65.38651648423489,0.6813093263129517,0
6,146.26034262964487,1,185.2167079508602,0.8844072175472066,0
17,74.42604912562823,6,204.6025168930815,0.4128686214101964,1
7,138.7043631387784,0,337.2344076632294,0.965470396013865,0
3,112.41781397341263,0,278.427416738898,1.0,0
5,119.20239855071482,0,324.0393980895682,0.9350376040003398,0
12,74.89447605602042,1,257.2577598126474,0.4192249776989804,1
5,189.7156389940008,0,184.78235582203249,0.9453772016396597,0
5,143.35895540222646,0,155.57897704468536,0.9863894381611508,0
5,164.0654092048732,0,118.25544810195419,0.7743039139742921,0
3,82.72119222032246,1,255.33465486917842,0.9099507636650249,0
4,130.90810817195677,0,322.4336942245655,0.4685812100379414,0
4,151.551373364174,0,307.6530706763228,0.6459590126011802,0
33,47.42439835885349,5,269.5233161810788,0.1842089028890628,1
29,55.14253327417317,8,68.92794226095177,0.16825425585172932,1
7,26.97381433305665,1,146.20671232919057,0.7733517683077954,0
3,169.56637463140012,1,238.25078877121683,0.6851616397611796,0
5,82.14826666068001,0,137.58648437399523,0.841333768325704,0
121,11.807366838931264,0,117.30293089351693,0.104611360787598,1
4,116.01432971504192,0,100.05283839627975,0.965584223707687,0
7,197.33562571895226,1,231.33901495333762,1.0,0
111,3.2234695917714418,2,170.94707074841025,0.06705417121508979,1
5,110.25897783803546,1,108.106844152338,0.9512486313343436,0
16,42.854870857798765,2,166.3710278786692,0.4685238730694819,1
2,147.45391723970522,0,298.6138393365615,1.0,0
5,81.23112480243257,0,292.35793191399523,0.9524667642287875,0
18,8.061664443296708,2,201.01062382917857,0.5020279889701188,1
4,52.983229275540076,1,158.04558485976023,0.967646228136203,0
5,63.60550088890591,0,201.17148588849915,0.7746609312657996,0
128,15.521159470465026,4,184.75359016186135,0.11878189847390631,1
8,153.34994039965798,1,376.8173537936643,0.7499986043726388,0
4,40.802731081105776,0,298.2590412068477,0.7863175321559633,0
2,138.8704273889713,0,283.66365672371165,0.7439750025863129,0
61,14.45670030677985,1,220.00784111052684,0.08783163108091926,1
3,10.0,0,243.9024240227101,0.9460518110087892,0
6,79.63318556798106,0,252.48028946437245,0.9217065590545692,0
2,119.44949391216436,0,511.68157250768144,0.6787250623724912,0
2,56.3307039134157,0,247.4457348411867,0.909698358837168,0
7,126.53460029802021,0,300.50082356125984,0.9541093462174924,0
126,16.61770461007995,1,165.5817234037718,0.04437760308005974,1
4,89.1748902865211,0,238.24829350718704,0.8298132565555759,0
1,133.09672307684255,0,207.24135726535934,0.7957231028612559,0
13,56.48149276996755,5,90.31712210874487,0.6276133515636027,1
7,119.04813412636757,0,270.49838326845924,0.7456629866753735,0
6,162.26138529071292,0,199.5872033600147,0.8812574026314872,0
8,163.72877394346318,1,317.86556875214274,1.0,0
8,136.77350316852517,0,216.72977661491194,1.0,0
11,66.2595753745988,0,323.7143530181886,0.7860260787563945,0
2,124.35361750181407,0,231.2177483690208,0.6497565209086391,0
136,7.256747053242943,1,140.2066953870665,0.0,1
5,51.74607912905654,1,222.92145835143793,0.7894496504134919,0
5,81.16982717096982,0,338.96648616250803,0.8007355517084176,0
115,27.509295272242124,4,183.39152833734306,0.21392056684219676,1
7,35.74082607557166,0,432.58767226438823,0.9028551854757537,0
45,22.001895434284943,0,176.3304012638723,0.07587702213893543,1
4,73.29599750415069,0,143.48460413871211,0.8976165015071,0
4,83.2106427247935,1,213.41105736724577,0.9115209125597138,0
7,118.94747443302555,0,284.8889391196035,1.0,0
7,149.30311436383016,0,70.12183578576685,0.9923783636949038,0
5,111.27027403051706,1,291.13082826142215,0.8503317971093663,0
7,216.52141284005887,1,206.719376179978,0.6828065127623079,0
4,49.20475991483084,0,347.0375536455673,0.9554316702420251,0
5,93.20211992777213,1,197.0995672079445,0.8761988406683355,0
4,128.04756271020773,0,192.4254737726273,0.7172934134092689,0
30,52.0614426812728,5,262.7796270969684,0.2836754159523491,1
4,103.86580863064817,0,228.1329500844524,0.9483507504555462,0
7,65.53259225343163,1,333.9296206330305,1.0,0
7,109.94763696874936,0,226.98855052302642,0.7469225441083137,0
34,29.27869071203548,11,371.2162731260726,0.2599032215119026,1
2,163.87060030359515,0,264.0467177236103,0.9893030186157006,0
7,135.8118209784855,1,221.30563332998878,1.0,0
56,3.3222501692220883,5,259.6109406439654,0.2685111317182052,1
5,140.62548760113293,0,196.15600917217387,0.9979149866457069,0
10,141.69537385169502,1,279.3279271424628,0.837896669166675,0
3,115.42502785625226,1,256.8857115586873,0.9613693747472597,0
10,67.14779013100892,2,186.62269781619125,0.7145002020452899,1
7,83.06828654625508,1,229.01929657004956,0.4128148508162358,1
40,53.06674574220685,8,254.4943016490988,0.17117003087195323,1
3,137.08298245531364,1,268.63248270605067,0.927163022362092,0
4,146.21427762820764,0,220.62441605877888,0.8803567179002776,0
12,161.3319515391312,0,268.06652764671486,0.8454523788929071,0
9,89.04587503240762,0,158.77895109333957,1.0,0
4,193.0833012309077,0,152.50595706055964,1.0,0
6,90.51132959677881,4,220.19769353180183,0.23583706386772593,1
6,100.4789672037538,2,326.2715838069704,0.8320692557255225,0
3,167.89517881970235,0,187.7339495097259,1.0,0
4,138.44364230594974,0,65.47379296468722,0.7354978378778704,0
120,18.382781118968946,3,140.08497437785473,0.07802029196253836,1
6,94.67418039789473,0,254.06480424398345,0.8910120590920987,0
7,135.2181771050829,0,188.77090451922228,0.8419922622468954,0
62,26.264970809661836,1,274.38921403749504,0.20865277826007286,1
30,54.25257895392582,11,122.82273083051238,0.40933537097574596,1
4,79.72537565848016,0,324.82972787380584,1.0,0
2,188.47388231254428,0,139.7006122182359,0.7786314761801211,0
5,117.14311417990771,0,250.60786423481335,0.8250846720382233,0
8,138.96592372575222,0,346.8581248094483,0.8329340887401387,0
5,150.45137444568422,0,314.71123581169525,0.9207741348874033,0
5,145.30946121228203,0,182.14395480921007,0.7797888301830176,0
35,35.09764513515929,12,129.31998285489618,0.30722706233242236,1
4,163.95809962771344,0,139.77467579588753,0.9978448906222321,0
4,88.94379725726233,0,219.98026321977432,0.9142915024473247,0
5,92.50018703082563,0,218.01835944864533,0.8485819504235386,0
4,134.87397180319857,1,196.08733162539633,0.8841618041659892,0
6,116.41273836801882,0,160.01052962883955,0.5764236352931121,0
110,2.2527707266332064,2,237.04649732811222,0.04842096181009156,1
6,93.12420179473001,0,294.62009405158216,0.7786717727811915,0
114,26.101737891200038,0,120.93528001053947,0.19010249641201193,1
3,162.8585952156623,0,189.45229257605243,0.7632174376265738,0
7,54.67396928180369,0,156.49321804494167,0.9515595584722547,0
5,221.0899288135244,0,229.05131720870577,0.8047541990238228,0
23,56.64078602732631,9,298.6849321001107,0.8814916173351971,1
8,108.97818323934806,1,417.4061608089959,1.0,0
5,109.93841725107254,1,255.1183424419856,1.0,0
124,15.640366692096215,2,94.56792891726374,0.0,1
45,39.95424637926003,4,155.24458962086945,0.31490480229477347,1
9,95.90326841719374,0,251.01559271229235,1.0,0
6,133.41008053065534,1,295.6750928453741,1.0,0
8,152.99073240513857,0,199.2579964797559,0.6823369014873115,0
5,221.19245699660692,1,476.13231362054745,1.0,0
21,53.79140040576203,4,119.88725022012872,0.3288642881561181,1
1,196.15305775213238,0,165.24365997923198,0.7475082814132465,0
4,33.66314073554335,0,200.70099692694805,0.7088436064255714,0
7,88.87124996188145,0,380.8106987936172,1.0,0
4,76.74917184516713,0,415.8706589654765,0.9771397479768302,0
4,43.2337405243182,0,390.28632053223146,0.9903449503720876,0
5,171.34059406345446,0,260.488961754231,0.9550923476887364,0
147,13.397416390059794,0,65.09685761173773,0.02416245942399452,1
10,136.28179057309094,0,353.0047078323397,0.8597388762268396,0
11,44.363719576572336,1,137.2053792461305,0.8511453611205971,0
4,134.23129966433916,1,341.6533373437061,0.7936447448644617,0
7,47.908256476341265,0,81.16697107155758,1.0,0
70,24.95817100902318,1,170.1863998301195,0.07155699084099357,1
5,157.86556709881023,0,270.5274814329192,0.7037741707238796,0
9,139.76967578398254,0,206.37155552415342,0.8240634714065072,0
118,17.629322033296525,2,153.1381803643017,0.04987797462977155,1
3,126.06082458030684,0,195.26642386586772,1.0,0
4,131.9705745345031,0,401.11945542785327,1.0,0
20,84.16377963104308,1,215.39265141275396,0.26316897185133287,1
4,144.4481599590658,0,143.59863203918778,0.8127083482580284,0
3,108.07810706141211,0,175.10729837949597,0.8151182741397441,0
3,112.75216305503076,0,201.12762415209187,0.7457729906078971,0
1,40.09884562780173,0,294.4950272189332,1.0,0
11,90.94415369332961,0,337.0766709393619,1.0,0
8,78.88949234863321,0,196.87218413589127,1.0,0
3,88.53129579701773,1,269.81562103144444,0.5626447948190431,0
6,100.40348179749591,0,262.5429852256466,0.5685221127278388,0
4,160.4106464002516,0,202.04724944403165,0.5890885274629434,0
18,32.60480523263275,8,263.8436346168195,0.3270020919416865,1
8,178.83136565193794,0,296.75638565587553,1.0,0
2,159.8753176031571,0,355.6317537883251,0.8688605121840244,0
6,132.68599838562096,2,158.60410131716984,0.806352550448787,0
6,129.48550307950438,0,142.75790493740035,0.9301874776260203,0
2,194.5312642012617,0,348.20146377232226,0.9936842594645533,0
2,88.43155602492743,0,239.02130037931937,0.900150829371116,0
4,143.53904701596136,1,274.6773415453495,0.9786078752851441,0
5,153.2834539469231,0,492.8599500300704,0.683380092274619,0
2,164.01404486240017,0,176.12142178318612,0.8161394357581038,0
6,102.9319914797372,0,273.44601997971034,0.7526357486974307,0
9,38.338480463311754,1,200.2475484193154,0.7117650827537151,1
117,26.95949671849712,0,143.40519319109535,0.1603654882487981,1
6,134.78752457963427,0,274.9331296687628,0.575255045022767,0
5,55.49373190801688,0,255.8198525888449,0.8605189464488731,0
35,40.77283521756665,7,190.95880730982222,0.40032070862605346,1
8,10.0,0,311.9136851123079,0.8950379151445612,0
8,68.81730810183835,0,237.65953016536488,1.0,0
4,110.43846747669774,0,330.75348587276983,0.7737551466270588,0
5,120.59942291629682,1,224.40227662279418,1.0,0
119,22.43018863383036,5,136.8884364309616,0.11837391032533333,1
2,170.5021600594946,0,231.92582596363835,0.952703730277226,0
3,133.45303736679514,1,225.29708520063116,1.0,0
3,142.88221064901808,0,184.41904698702362,0.8574929687759242,0
67,26.032808984698583,1,155.93810512990524,0.0,1
8,116.83762077765915,3,216.52762051923193,0.6597257315011475,1
4,112.98549832277685,0,418.66602149699406,0.9926350242314189,0
4,115.46470908154308,0,191.52429647404537,0.9331053769378826,0
9,88.40849288989364,5,124.94048477695067,0.4829843505910169,1
6,202.53532064478918,0,271.3294105382235,0.9826090823742156,0
7,144.55896453678534,0,235.5265205036771,0.9322475011901733,0
5,143.1686782056825,0,219.05780007455414,0.8360634221999761,0
5,105.31021632716595,0,158.8400209635842,0.7746319948137333,0
112,35.09623879160329,3,204.77550684637686,0.06402870803670313,1
4,57.142964554878816,1,233.62378526394923,1.0,0
1,127.3259742706633,1,315.61761622411757,0.7819421010945345,0
3,174.40068600439423,1,116.9650822712293,1.0,0
4,104.97072677099399,0,256.16607163586,0.9270712384234491,0
4,185.28257831887075,0,316.0643194573425,0.8105653090855112,0
39,63.788042842369954,7,476.41945706423263,0.21197687307964458,1
15,58.10514188241011,11,205.03817665933155,0.20432104421282993,1
6,117.9330120219979,2,220.8221594990364,0.708085325955007,1
5,146.67403412158703,0,306.8914251260336,0.6736490991992553,0
23,53.14277626292622,5,120.27555122846138,0.2575622484813463,1
7,164.25362572802095,0,230.76215411204302,0.7714834279638548,0
1,108.26714284945095,1,206.04811041253276,1.0,0
4,167.0868552838811,0,346.5433305402802,0.9656911246046593,0
7,84.39874049883427,1,90.45627245516553,0.9687115438630628,0
4,91.94276117546742,1,287.7226549393734,1.0,0
4,109.20801761259077,0,240.1124837195494,0.8666259401033148,0
125,24.192243397921278,4,193.95718085842867,0.15883157315522475,1
25,79.90989363587946,3,360.41064047296146,0.3287362064961397,1
103,19.056212071403532,1,272.0544099383248,0.11422327252249564,1
2,106.85104205027243,1,209.93664150475652,0.9289652783034096,0
7,115.72101679170069,0,166.8402292690892,0.8021130786234922,0
8,191.5188762880687,0,324.8655313763205,0.7707020262981529,0
4,151.6643296845707,0,339.895723596175,0.9068180186155754,0
3,116.2651025509758,0,287.3439401009001,1.0,0
6,109.0704219426709,0,181.16396816832895,0.9378510538499946,0
4,103.7467406210253,1,322.46651276361325,0.8617584390831372,0
3,23.921612412366535,0,68.10714676508844,0.8716364701796353,0
20,100.45345210259354,5,213.7223907398359,0.0,1
100,28.64323663229072,1,58.46151261129279,0.15299353000934557,1
7,133.05694966679704,2,230.4084776441362,0.6137094143277937,1
6,142.22943259208157,0,203.82600736318062,0.7787969201259016,0
6,67.28045007482648,0,240.51211538961243,0.7462893982555683,0
7,110.88371798998016,0,365.48085285177604,0.9949708554930465,0
3,68.91939397517999,0,157.483995411209,1.0,0
5,188.54569135519154,0,343.93877225580724,0.9003852838372022,0
4,159.06048793486414,0,320.7906536970262,0.7607189529692372,0
21,5.0,8,86.69494149783833,0.3839630294970668,1
6,94.14201363733616,1,246.72964184189757,0.7098524169915984,0
3,94.12469289443024,1,254.04400718748732,0.9058484987381197,0
26,8.750293400055247,3,83.14272354173269,0.4477023974684105,1
5,91.65136195528612,0,201.3452476455903,0.6765257095550284,0
33,38.289381965734336,6,172.33865302366996,0.5832860032913856,1
6,139.33491899494257,0,206.46883016586528,0.5744126683017857,0
11,186.31987671710706,0,381.2576071526154,0.983176531984619,0
23,134.13108720461105,5,205.58540440228848,0.2783193594319758,1
10,107.5170518400149,0,307.3525026899285,0.7376309569175876,0
32,35.536567991338465,3,215.01245603590263,0.37155079517089573,1
4,58.53400031668283,0,296.85564083300756,0.7940718196330064,0
7,33.774306669579786,0,200.19573534999768,0.8650050939936873,0
33,47.27597796167238,4,177.59268087162593,0.28305401944925745,1
6,91.495919447786,1,330.1171611914294,1.0,0
6,131.27257228287974,0,127.62110608990105,1.0,0
93,14.367009718629777,3,40.0,0.1666877573796184,1
4,71.20683769792916,1,261.2360722520264,0.9088486452608198,0
3,92.28042207025348,0,101.64755652751141,0.9706446939901268,0
4,193.33678568699108,0,349.9186310635651,0.8752319487016945,0
1,147.958428538004,0,288.1963559990031,0.7545112076325158,0
4,76.46351470695711,0,269.7321950026248,1.0,0
99,6.454423303581405,0,143.87162228340148,0.0,1
7,141.48628048172853,0,343.20092997927463,0.9349198717792713,0
10,106.04212086836307,0,130.889251034266,1.0,0
4,173.8220930158939,0,168.74034266607708,0.9562376050661897,0
6,105.2968976399817,1,192.85443332473528,0.8645100312741876,0
4,144.7480681654219,1,292.5530189894272,0.6169798563551696,0
31,16.829915513229246,6,63.723525273882444,0.6033998634779072,1
26,59.78015749199641,5,296.9183557868747,0.40661521964162806,1
38,35.66572920707543,7,203.077974592077,0.4272211590029006,1
11,149.45693081764085,0,274.2757080512027,1.0,0
50,12.99414053897777,1,71.61100125833185,0.0854369172650696,1
12,73.2782457260368,0,203.29082174221267,0.5003681456607031,0
4,149.80144986423073,1,300.69389874876435,0.8694916688222388,0
62,6.957971429080325,0,40.0,0.089260784096662,1
9,66.21844197372764,0,173.1895169800608,1.0,0
5,112.93281162984763,3,257.5898865468028,1.0,1
3,77.16579014712877,0,339.32791930003407,0.7865728735768598,0
4,86.041512518419,0,217.63928983516251,1.0,0
6,68.99192960493838,4,165.1450262721645,0.5191247645516498,1
7,172.9201375230358,0,221.09076080251927,0.842566010184027,0
8,156.02468488766775,1,278.23987475679274,0.7537525998397567,0
11,122.6764746732585,0,292.5475128292329,1.0,0
2,59.8611793553554,0,329.3816092918436,0.859138351717042,0
2,107.15619569021187,0,292.6034088775104,0.850570019935351,0
8,144.36020857698765,6,121.62513273701799,0.5518155599687287,1
1,245.96611670771074,1,392.8498479853802,0.9233131262432271,0
6,113.53972385183734,1,191.90800657855982,1.0,0
21,87.1542397914648,7,196.13698892918845,0.13697239280436332,1
6,85.98016104044325,4,310.7157805925089,0.7034574361882279,1
43,88.82177704499964,5,80.57270680939645,0.18142264663222404,1
20,27.242847261906057,3,289.5916476219263,0.9332452433049987,1
10,112.61708300895437,0,221.20122874003258,0.8924523325971373,0
1,82.32175177725401,1,163.73309695088838,0.9944866132683553,0
44,42.7467505855573,5,108.12334282006215,0.6833925095474184,1
33,18.444432904793793,6,301.6599021260224,0.26560822523677635,1
5,114.87628987372561,0,179.4853616146194,0.6589228081564807,0
133,15.282653788892713,4,128.3361116735323,0.057481631452430196,1
6,144.4379822446988,0,237.17275816585044,1.0,0
4,111.15562678034121,0,119.56900141627857,1.0,0
4,121.17106956482073,1,192.653262487725,0.8800385887634643,0
4,128.74055828963708,0,418.523468903118,1.0,0
55,21.364932176418975,1,189.09804736308269,0.0,1
26,8.476849658470323,5,121.17788835196322,0.1712196692337865,1
6,77.38860821968285,0,287.35519805446063,0.7768524744039164,0
9,129.00771297840677,0,277.68350034775733,1.0,0
4,175.30637735983078,0,279.4702561300132,0.6806396531164807,0
5,151.46583806596342,0,250.57119399051854,1.0,0
9,123.17977367276696,1,161.15134132169578,0.8368018870666726,0
7,128.76900868321331,0,382.3453436354569,0.7825836596199076,0
6,59.37735180378069,1,321.5840803596279,0.795789370554537,0
4,172.3057600044391,1,108.83324557407332,0.5871044743180955,0
7,80.93135714261474,0,240.1588397629058,0.761266891370973,0
29,44.94369696349961,6,88.38904697106867,0.5812942742493296,1
123,2.0,0,239.06013349821353,0.12222247064251587,1
6,72.83761773682129,1,191.6024532124216,0.7924679830172742,0
14,38.66350933169879,2,259.4098958046289,0.1557218515174418,1
4,54.8670093866895,1,177.19889628086105,0.7972632503660558,0
14,80.20397761031533,2,82.97859261862584,0.5535354438136239,1
4,124.61472496150891,0,321.74155718986657,1.0,0
3,112.55645932416763,1,197.14644457294122,0.7868044656739355,0
2,176.05638221964,1,341.22866445095104,1.0,0
5,128.72127652733346,0,135.99782898117542,0.8575311733890785,0
128,4.968200030287047,1,159.2534692017156,0.14321149808013073,1
2,108.88322946615006,0,121.29016797295763,0.9928542229630559,0
15,55.564027610784,2,185.68272524371488,0.33926872108249106,1
2,103.50350411730506,1,226.05962851679735,0.7798899374153845,0
37,66.22668255978839,10,124.20686333394622,0.3701674146170372,1
3,134.84700087510302,2,201.42247589690382,0.81701323592378,0
3,86.30290528337656,0,267.49882283319636,0.8975716084613788,0
4,106.22296096386299,0,237.4477462872045,1.0,0
2,133.01044665542665,1,242.77895571376928,1.0,0
6,98.05506008340265,0,170.3061160498698,1.0,0
25,13.836389559321974,11,88.44945818474335,0.39365264763622415,1
35,36.43457607176854,6,225.6096556730915,0.3817623951498372,1
6,119.00131310311745,1,231.30396631215507,0.8776665897681842,0
122,6.117744198837723,2,154.60191906225208,0.2662061163435526,1
7,148.72788504294994,0,360.290551703503,0.7634370518213336,0
24,34.92409989646262,8,69.86203750499661,0.2827465121920465,1
7,159.13585191516705,1,190.02360277384915,1.0,0
7,167.186397330091,0,188.32706882988373,0.7804094616353113,0
3,34.337874241374976,0,187.5242971973119,0.8258409917716233,0
140,11.802775148969488,5,47.458688458377864,0.02035681976831042,1
1,91.67097672693453,0,345.77217111235814,1.0,0
7,97.42304454013359,0,208.22127264750415,0.9442005051545223,0
8,122.85311641766424,0,263.98184722088166,0.8025887250225221,0
6,71.32401622992377,0,252.3831743307358,1.0,0
4,160.95250623470147,0,340.14253939252063,0.6679997315153109,0
42,32.89596746210511,10,174.46450359876258,0.2897290957280497,1
66,8.747528846333761,1,170.83746516962168,0.11353254571940556,1
6,151.5711047985689,0,241.91215209630823,0.9342933630441858,0
5,132.1868217115188,0,418.202990773552,0.6427318406765068,0
124,15.903957601395982,3,161.71630924779262,0.0,1
7,127.56216683203213,0,334.82497645449394,0.5402927200815761,0
7,165.4785608414012,1,258.0133173161728,0.9434738317563335,0
16,78.46723797049667,6,256.945066886219,0.4873654025855051,1
5,79.67776420638357,0,316.6856594158753,1.0,0
26,19.394875116671166,0,137.14686584110626,0.2390362119529597,1
137,20.061742107677215,4,249.126263162697,0.12829332651419423,1
32,5.213285093035989,13,56.35292806266578,0.680152930040489,1
6,157.1436504599939,0,368.06253363167536,1.0,0
7,76.15908835188806,0,158.41584587534572,1.0,0
4,146.44411958901514,0,69.17765894342094,0.8033791020006789,0
3,195.9922582393286,0,316.8666798584625,0.7431499902623406,0
20,8.0,2,243.70765226674717,0.3295172786334567,1
34,39.59303857439696,15,129.79460744062337,0.0,1
5,147.95916865291517,0,210.27044261315254,1.0,0
5,126.53669383959337,2,281.94264898586016,0.345966909434088,1
5,186.09284618577357,0,155.70469490041415,0.8071468476450246,0
4,174.73669598331898,1,296.12874486516716,0.8000053690673256,0
7,108.2353965609388,0,308.4994974285855,1.0,0
8,190.19552236870607,2,260.2359834707525,0.6908890428291768,0
4,141.53001282995572,0,259.0434616696467,0.620600156981135,0
4,112.37059944918897,1,269.27238829387795,1.0,0
4,122.65868337344577,0,217.70709678471363,0.8857441593544546,0
128,2.0,1,155.03049886571912,0.19107746612337484,1
10,114.91258561715422,0,188.97199383471576,0.8001503057798284,0
7,27.69101257470128,0,237.42494114171996,0.8712930088345565,0
8,58.77473308849791,2,164.2342098140456,0.4676881254275187,1
2,114.06447370540633,0,91.7103946181818,0.7965614380099207,0
3,156.50375316555213,1,226.9629034319772,0.7205930646088782,0
5,52.34632466641146,0,240.75416241974335,0.6683464048557214,1
4,169.80302476423586,1,254.96730827763824,0.8585626523428167,0
3,131.37604539403614,0,345.4662089668311,0.9025986365592227,0
4,130.46104897162118,0,194.0831112330788,0.4344152055867078,0
115,24.720258631872785,3,154.51223065781167,0.05450353841748823,1
5,121.47360452577617,0,273.065598162428,0.8235789457141984,0
5,119.4104346531177,1,148.2712184403643,0.9719883828821538,0
19,8.0,3,123.82158916493502,0.3084048098960493,1
3,50.04587670400595,0,307.58576615258704,0.9568498738837492,0
6,132.14918035778163,0,258.2927794016618,0.8956629840859301,0
19,69.27698170922707,1,297.59315785215307,0.6066831266366126,1
30,13.986809210709403,12,183.30655572540252,0.0,1
4,106.6784728453928,1,218.04670880636357,0.6918065747463994,0
3,89.51495363817942,0,297.06488554563254,0.6372567269308396,0
8,111.33807085703515,0,228.8593481582144,1.0,0
6,183.5708942212654,1,317.12264999767626,0.8725105500992537,0
5,115.00378527076765,0,160.43602581298683,0.8926487925135006,0
9,127.37668484967658,1,315.7678236378814,0.8812751070786212,0
6,88.6255099692798,1,294.9076334258629,1.0,0
120,7.205987707217737,2,132.51212102671695,0.10214401139918568,1
5,151.80585317923774,0,295.53910087486594,1.0,0
9,63.543378767645045,0,144.35574536572796,0.973990781292831,0
128,2.0,2,120.66925234313796,0.18086821545194762,1
53,10.28620151070053,6,167.27453066517808,0.2589334304496094,1
8,108.07792420414256,0,266.82250926711265,0.7950045934369977,0
5,137.75848504850342,1,184.99753014141433,0.746759881355021,0
2,120.39691880773552,1,283.02287745325464,1.0,0
4,160.18917551266134,0,343.84913208299633,0.7838490619884241,0
19,96.82221417345963,4,60.0,0.19623591973096338,1
4,135.53096604873397,1,230.13362204534565,0.8177991953633124,0
7,137.0556879119189,0,284.5453663492771,0.7157304581202613,0
3,114.57870235812105,0,151.41677055126115,0.7740574104004038,0
4,100.66317902199494,1,301.1896352419482,0.8185939580788869,0
1,169.2007777101296,0,288.8631817187924,0.9024437640832662,0
6,144.45957149904874,0,155.2908626896334,0.939185704253934,0
6,35.57797734882321,0,211.14549379042606,1.0,0
27,73.01545247541029,6,223.64558828719245,0.2498806528542358,1
2,117.80380722554412,0,332.1559915525413,1.0,0
7,116.75109401968204,0,300.1749359289134,0.9401709254276861,0
2,124.4952559601078,1,389.14387898725886,0.8995310670158146,0
5,46.86266880985131,0,244.7729832469917,0.9744822514979418,0
6,101.5866914452071,0,243.61343981842998,0.9811545329831128,0
7,86.94374306443049,0,324.47826764039286,0.7383339967105264,0
59,11.226309320555554,0,83.28462762575433,0.051218700910362416,1
8,174.99228664034416,0,203.06137258599816,1.0,0
7,98.31967737155587,0,211.60442872070146,0.7512211559997155,0
9,119.1860513183727,0,314.97093780068695,1.0,0
6,93.26881331179308,0,96.14243957071858,0.783212388834204,0
2,216.19289399426233,1,253.85604230258105,0.6400283115657079,0
138,15.379099891768782,5,97.79000806669092,0.0,1
37,26.478052947287107,11,295.77492926307167,0.304658756340316,1
6,118.6223086400979,4,146.47428050457222,0.6107458442446405,1
4,107.79296498924391,0,218.48001730309093,0.8259900307076169,0
35,5.0,12,227.69460514963515,0.43642955297767955,1
3,140.88986257633184,0,280.17176649396026,1.0,0
9,111.1499959755697,0,247.74013129343894,0.9511589727568952,0
6,123.57779697267273,0,338.73243896179673,0.6850137523160539,0
3,108.90997292533773,1,280.60021662397224,0.9721048614515579,0
6,110.42865180679976,4,122.60351842687534,0.4081482070476331,1
8,133.64476496464968,1,222.14618723457843,1.0,0
5,92.2399990696513,0,210.52611518796306,1.0,0
2,166.8145596067861,0,331.05985709921805,1.0,0
53,31.84966784497048,4,183.7530594832922,0.007987390010979905,1
5,101.9587557466737,3,72.54516544906504,0.6477576101029826,1
4,143.54120987081814,1,238.18117115842756,0.8753596909954001,0
4,81.90541318011459,0,331.6699175481088,1.0,0
4,99.50518411000711,0,359.7596753818174,0.882408841643073,0
4,45.361701933159694,1,297.0377525659318,0.8868421384024132,0
24,40.59754027357123,4,202.83607203879149,0.33209113638918547,1
5,94.33594797393583,0,234.1483326403034,0.9807499410534548,0
7,121.55407326770094,0,92.86125199631152,0.6923107411770367,0
6,85.84296753306207,2,204.43336888271836,0.6839854377428131,1
2,108.55327692935427,0,224.54051909899758,0.9450651962077338,0
6,103.93767926192218,1,301.8030749818674,1.0,0
137,34.323162803223255,6,244.7253450688011,0.0,1
6,162.86594013730354,0,193.66460719700783,0.9707070051361018,0
44,82.89694578886787,6,159.40283004444564,0.2827893262918125,1
4,139.6750423137934,0,169.32854578597653,0.920462913680903,0
37,23.285974616158367,7,266.81210941537256,0.5622717711064207,1
2,84.27788715905271,0,300.42620652099095,0.9138756229709998,0
7,114.03909229830813,0,272.3535798543838,1.0,0
5,132.65584451163426,0,224.8626568312263,0.8853523409483683,0
21,34.96585816576983,4,286.6227669722102,0.02598270054552323,1
7,112.12523316488229,3,250.07457950598823,0.35440345621794667,1
1,137.33921122190313,1,217.12892117240528,0.8106586537536361,0
7,77.52654615694378,3,127.51863648286752,0.5949168116024308,1
5,118.15034176233547,0,218.93573661028717,0.8843983437570895,0
1,122.25766312059551,1,301.3952723256238,1.0,0
2,127.2543989043573,0,289.95864189823425,0.8374374879647041,0
13,121.09963189155606,4,176.28158625505375,0.5581707589328099,1
12,65.85231136472147,0,68.52971749248684,1.0,0
20,18.864409296222366,6,40.0,0.17587286236643304,1
27,15.523773427588608,7,60.01112952135372,0.13172181213899453,1
7,78.75631959891702,0,234.91046024483515,0.7744925944381938,0
3,126.1772626554,0,331.8800581915324,0.9442995734377511,0
8,162.15576578910986,0,316.0927517370077,0.874337729556651,0
41,28.93749746983205,6,273.4961789829634,0.3676764827125502,1
4,103.64593771356873,0,440.2527898459606,0.8806385722426072,0
2,115.63775218138218,0,195.24893937593407,0.9203609542616852,0
116,37.80999599721397,3,185.3170642659083,0.15807351541783676,1
49,81.39966460265121,7,94.5731597439476,0.4179167264429938,1
4,92.58150352995875,0,211.25924523342917,0.8736362667652157,0
2,136.17411648660752,0,155.31791292589998,1.0,0
43,25.971440005594577,6,220.1529609926219,0.18150588478571567,1
23,78.5438034227832,3,168.3902444151075,0.6757031596532249,1
5,68.590042880967,1,360.64628665635615,0.7949883546087932,0
5,123.06858939229521,0,205.86338768497995,1.0,0
121,13.379650603554568,1,231.531896501917,0.03611248776757171,1
28,7.56749488537242,11,121.57555713807949,0.3027483124602026,1
4,121.74282429140757,0,195.34174699145092,0.9460569457450612,0
2,159.34051441449884,0,354.97099794559153,1.0,0
19,82.72844345458255,9,106.12597960800355,0.5281539159892827,1
9,115.53235276380215,0,162.6681894172651,1.0,0
8,150.1475043746225,0,297.68147081844324,0.8886782079581926,0
1,201.1908171650755,0,325.9492050872873,0.724666800070548,0
35,5.0,8,143.3178344603753,0.3785824805542078,1
1,128.3629900627091,0,147.45333313644022,0.8240240920304447,0
4,141.4433771104974,0,191.81569232547517,1.0,0
5,72.37476402646783,0,218.49418315460142,0.7167038428041846,0
120,14.297874124061448,5,83.8235835154957,0.020023721944428897,1
8,185.18469570658462,0,238.6790215627949,1.0,0
6,80.43921765843156,1,307.5727767423973,1.0,0
3,93.07885455608098,0,214.93137911921139,1.0,0
8,154.593004137959,0,183.0368050013146,0.8654913817550791,0
7,105.66057339171388,3,264.944547239742,0.40348866351209006,1
5,155.1336080334683,2,105.35113926530474,0.7406490953098529,0
36,68.82561973241874,7,174.99138611828963,0.027044871741790825,1
21,42.47639479838864,2,145.37933115144503,0.7500878297057753,1
3,112.78623613323202,0,160.18481711070564,0.9087772800078228,0
5,81.4958770224641,1,156.19609419962617,0.8710946059746639,0
3,163.5943630741294,0,405.42935484367104,0.7992029071622825,0
24,73.74844659267444,6,263.8727092785795,0.5149132123901584,1
6,182.4708788906021,1,154.27265398372438,1.0,0
3,149.26738411076852,0,251.7290773030902,0.7055191248399462,0
10,97.02071488068849,0,461.76568689048565,0.922917576795977,0
125,10.455154594084728,7,116.42858956813524,0.10183834082123071,1
109,23.061773318485947,4,90.239423396153,0.088486361982234,1
7,113.60653340063513,0,343.234505110095,0.8367234302975932,0
5,103.80989376723657,0,291.71033155976033,0.5626474895511361,0
41,62.638400520713326,8,138.7427519807421,0.3850774560069966,1
35,50.32563127110591,6,155.00662989533174,0.5111120362804882,1
7,176.4533255567438,0,286.6115778934203,0.9862462301612699,0
4,135.5815289933497,0,261.47603673991,0.876471811947894,0
10,43.57161494916318,2,225.93440719450325,0.08580485484935192,1
23,110.23079053637716,2,290.1259395883099,0.3089057328551473,1
5,102.85189419083999,1,218.25395658782202,0.9707805414449394,0
6,113.01349717032355,0,348.45481502391897,0.821799596211122,0
7,63.54449649825905,0,304.70174959612024,1.0,0
20,61.786084324868106,7,253.20385797653472,0.327508941345321,1
7,78.45665001836943,0,84.97704716465537,0.9385846057373831,0
4,104.92955911232774,1,374.97759209918775,0.9080090184275427,0
121,7.921958783810813,1,137.36452981002782,0.22815029906636086,1
10,77.71436380938809,0,370.09016766168617,1.0,0
4,68.19885912420385,0,224.25170368271392,0.8172416330971952,0
134,17.168548762045074,2,205.7500148356626,0.0,1
29,72.37897893421513,7,178.5193791831326,0.0,1
2,92.04279331924009,0,280.5502968824244,0.6013624335339844,0
4,101.64763480275144,0,308.14805767592713,0.7047054890351263,0
5,82.06260870493703,0,269.44345546679557,0.732130016978495,0
8,120.31000769628605,1,276.9062397743735,0.8982541396470972,0
126,4.5502071629190155,2,176.85824738078375,0.08918630700764633,1
1,171.19078336335943,0,251.12295098655832,0.8199854725389342,0
3,100.52208769987715,0,312.86187768975066,0.884911988153239,0
5,71.72154554981245,0,208.52675773457656,0.7238030171066505,0
8,105.74471622260656,2,295.9429702196157,0.9846327342078514,0
6,67.67550314484816,0,315.72032592663237,0.7344531321360742,0
5,74.24535453763028,0,286.6755711008116,0.8686392798296841,0
4,98.2591361620095,1,425.8150096308004,0.9357325598120819,0
11,132.96830257013357,0,240.80131682583243,0.9135757220661912,0
4,131.91729960165674,0,221.97728030079816,1.0,0
23,58.59005993578943,5,172.067392488135,0.529600908038343,1
7,70.72941120858187,0,310.4863583576729,0.7917409185819496,0
1,192.58307097502214,0,152.84118198031342,0.9342853806689678,0
7,102.11644611679434,0,271.8619214796041,1.0,0
9,96.17919015475736,0,287.680842679776,1.0,0
1,22.22987348318295,0,210.65236115767448,0.8700796637490161,0
7,138.55923413593234,0,292.0012506400871,0.7992744951560333,0
2,160.5691485616549,2,318.58464013452834,1.0,0
5,103.47720698188542,0,274.92857304473034,0.5423171389424879,0
5,169.97840530888473,0,287.87072380564217,0.8098407981910035,0
2,151.5919764905685,0,344.3039618573761,0.6312793935183207,0
7,133.61766993085146,2,375.3630217275523,0.7969822108532618,0
4,110.17165694788443,0,207.06231063849106,0.7955022247095274,0
2,96.12272700104876,1,281.75110294993857,0.805788931836213,0
4,152.34155980433792,0,349.39772313385873,1.0,0
7,56.81132128379644,0,118.6745041997882,0.7275628594924579,0
8,81.3360650967405,1,342.62946114592853,0.5605699875639178,0
11,111.48192404251375,0,345.2514432195392,0.7170086841634454,0
8,78.35417541133982,3,276.4856805540169,0.6406200505785183,1
2,143.74033757085357,0,177.16873252407137,0.8120854545308627,0
141,12.256185406751401,1,115.49233298336888,0.09738732317670828,1
23,43.499898826801804,4,246.28455677790186,0.38267799880077913,1
7,117.9348408249949,0,344.51232558080017,0.8991930303795505,0
37,24.243821474353357,5,193.12872337363063,0.31098268510791377,1
6,52.53123216534888,0,308.5214396949714,0.7117838562372895,0
21,99.87217815992508,2,89.44241152941376,0.23975950964087903,1
36,14.771891396177065,7,244.08980706318073,0.018032265610010794,1
5,141.9987778648678,0,389.2665215227893,0.8033037415097177,0
33,28.691171589628393,9,172.19879439909772,0.3915735240259488,1
5,157.26947682296068,2,233.48642332426556,0.7895032366584752,0
10,121.5486165493388,3,185.01903806157938,0.8262001163827051,1
10,54.32611445938115,1,244.69754993213945,0.9913490085682211,0
10,100.22987553256483,1,108.0610307141062,0.7454311394648141,0
3,138.70585215244444,0,299.45959155848556,1.0,0
5,87.04117521229658,0,224.18534390216308,0.8449067394736538,0
5,148.2129401719918,0,222.8795617252207,1.0,0
4,110.07845470840293,4,251.09928026343513,0.7267143535698928,1
4,83.22466446558968,0,407.99167943351296,0.5872961716252548,0
7,164.76553222045047,0,170.8810361182213,0.5173207095262439,0
60,30.77604852315422,0,141.78398121087537,0.13279291458294754,1
5,130.0807320890849,0,90.99738882641637,0.8385976128552821,0
21,57.61751295611437,5,228.3439052592011,0.37186516340501796,1
7,133.3469226088485,0,275.01909354368297,0.8498349861805887,0
45,5.0,4,217.90442995376452,0.44567983300394043,1
6,158.94596166561945,0,251.39019836043832,0.8405956502028535,0
5,136.34376493747132,1,325.74697743247555,0.9667971897310799,0
37,52.377197940121754,7,63.78022503138767,0.04191797353289975,1
29,73.94784872185456,6,176.50874124335056,0.3846368561590908,1
21,58.616055430000856,3,245.6118341750775,0.1345993447284218,1
4,107.94692587083902,1,207.7498588044997,1.0,0
7,64.433054023503,0,287.03488766146523,0.8861220336605474,0
2,137.31063692965523,0,285.7352125608056,0.8636961432245753,0
4,86.55088272109386,0,206.88661732019517,0.8491547414478422,0
7,62.1295299504112,5,178.11591323322244,0.6169690585194146,1
6,149.40862315561156,1,316.89499868474513,0.6402297093628545,0
2,94.04729177652513,0,311.0042045471168,0.9474196422229233,0
127,17.203029737388366,3,125.7347836646025,0.007786821282674461,1
6,87.45179360928498,0,346.6480075766812,1.0,0
6,104.40567508038171,2,291.0142243345082,0.5891989582430659,0
6,155.3338145690288,1,201.99970050356833,0.8974126881909305,0
6,75.73264896675457,1,232.53146748029513,0.9214608568648578,0
5,123.79669218938014,0,305.54897244094377,0.742439986812388,0
3,103.72193341600017,1,60.0,0.8665263326132233,0
38,40.171769115933635,7,109.8409654947469,0.4449970981970871,1
2,169.03541168940814,0,320.20520210663636,0.9158836572295053,0
6,158.99141280313737,0,374.9570387882672,1.0,0
14,62.10998598766573,2,99.81943547343204,0.2242581780820861,1
7,190.13638450571145,0,272.3367309183215,0.7181805813133627,0
5,131.11050724860104,1,244.34165835213213,0.9164438283164821,0
3,96.25533492404085,0,132.46215369004256,0.4964906801957909,0
6,96.95089143976986,0,198.57239928938085,0.8566036739005186,0
116,2.0,2,124.27315307030933,0.0,1
4,47.33760632209823,0,106.04185213005167,0.6827063837267241,0
7,108.13625633302422,1,63.75597999895671,0.7939729593186312,0
5,90.33792662630914,1,264.4556405213357,0.7434839741350292,0
4,137.51898522804805,0,153.65491394673631,0.8402302611985107,0
6,66.4240606554449,3,121.34374332254427,0.39544271077107784,1
7,128.03599427686095,1,327.94989858965687,0.9374068017952979,0
2,193.41001593684763,0,381.11656587672553,0.717388356968099,0
6,149.00410698535467,0,275.60176088596955,0.8952243205211522,0
8,88.94220898283119,0,207.26153672014115,0.6302688814505297,1
9,140.80921136863032,0,183.40447741081806,0.7784334275259501,0
5,123.12964666726167,1,361.40142645437146,0.7637079366183328,0
116,24.118656317249044,2,212.86996460349343,0.19739580792455447,1
3,138.4590394062705,1,241.8985776436734,0.908756491273586,0
2,132.92494125077258,1,346.26148817721287,0.8747374904713477,0
22,62.756241102737036,3,141.10382752927657,0.3668027331159286,1
6,120.20814944322733,0,370.5945519572872,1.0,0
5,134.29219890597017,0,304.8920165433975,0.9917407918557821,0
3,136.02695304593595,0,354.97164162720054,1.0,0
10,74.90552679818647,3,152.9459288672252,0.7367340642063457,1
43,91.655636128364,5,140.0771979577895,0.2007174958428166,1
7,90.86755152919974,1,313.66262233113105,0.886069629019782,0
9,39.01842990286122,7,238.72597528362502,0.49456123693191634,1
30,18.876526679882904,8,137.97507755658165,0.4589531176036266,1
6,56.799035447901616,0,164.42719538179074,1.0,0
4,116.88644347421427,0,148.6328696462293,0.8458090136332156,0
9,78.48756378334838,1,263.5323738538775,0.2410675773862236,1
63,16.29766721718772,4,119.5236810766017,0.0,1
3,181.13603988291933,0,315.09067095880994,0.8902823349917609,0
5,122.44534595102913,0,286.81245004084366,1.0,0
6,80.41390718713443,0,210.6296742026952,0.8596935615153509,0
107,2.0,2,159.97034988621206,0.11812768862576851,1
118,21.286449160749097,2,140.60399987845616,0.09526617343374247,1
7,74.52672668729862,1,140.6461919062337,0.8138118006033082,0
18,101.08468012244788,4,149.79373344036526,0.4770059913506316,1
6,146.91330937717723,0,268.8530600038389,0.5435053323215671,0
8,108.80617401584655,0,148.9200853902398,0.9835597231908018,0
44,24.24062255581978,2,233.72467180600717,0.0,1
7,136.71272497999635,0,231.71037929522257,0.7083558570129036,0
3,139.5957254084147,0,178.9574051175643,0.7656965534392555,0
5,51.08532748096404,0,241.56043896841516,0.7558670994697404,0
5,187.95583944487043,0,247.7108504600199,0.6757094409026972,0
1,142.58526196654844,0,394.548914380731,0.8490144334427151,0
5,136.92756477601827,0,244.12006227708747,0.9727778673017059,0
120,6.971765518664235,5,115.55983971885921,0.13433906478159993,1
6,63.948328738713315,0,294.68702906248853,0.9551914593833241,0
5,80.81076001427712,0,226.53065451383588,1.0,0
4,116.43792772033119,1,356.5937657214684,0.9713442396712672,0
3,157.1063163285703,1,214.1389982540825,0.9080373817551942,0
5,60.251883768729925,0,283.5376137130719,0.6428886706492813,0
5,200.2691642453416,1,406.0528988783348,0.6888798302196416,0
7,64.94936113496539,0,196.8331862490938,0.9583882210943071,0
33,33.011522578254564,8,169.77265769863942,0.42459040206571746,1
3,148.17124395086722,1,248.3345016645684,0.6021644853581475,0
16,10.258877685370344,4,284.2538494400152,0.5623144912313106,1
3,139.35612845866368,1,278.7328289510488,1.0,0
55,30.75967393824071,3,193.91408426486174,0.1980012445042459,1
2,197.6139305694394,1,318.82124352757234,0.8036743938214441,0
4,104.24518291881084,0,228.05973572107504,0.7763632195555632,0
26,63.63244761589344,6,237.4654299273153,0.42740305486698155,1
9,108.53705350201254,0,243.30813348649795,0.7052749128867822,0
8,105.73284212987448,3,287.08580326064873,1.0,0
3,116.1406787569149,0,272.3918435479661,0.9375140470873214,0
9,168.49908880421302,1,135.68879990246919,0.4275999333032802,1
6,100.24497744027799,1,282.6444580959629,0.797245825454778,0
4,99.887327542605,1,199.20813586587752,1.0,0
3,45.35058341989096,0,242.43817089298844,1.0,0
11,77.68965657354782,0,247.68137904865304,1.0,0
7,165.15517027494377,0,282.69028775301524,0.6709904173685677,0
2,130.12159215137856,0,218.35868956297367,0.9494060042102533,0
5,142.93826477938666,0,225.31175408517404,0.8390980913990123,0
5,191.5552270425988,0,238.01542813452028,0.6644008169955754,0
19,56.47894021749024,4,152.2029656035199,0.6663466650659053,1
4,107.84803024521112,1,177.38721333989224,0.7994532029728644,0
8,76.6183057746941,0,174.8270307253298,0.9055404452112478,0
5,101.66870762308817,0,291.3733959000712,0.9310031346001333,0
108,15.736071055533417,1,176.4501734246831,0.18191636270503775,1
2,120.30287221833218,0,266.3548620518492,0.848824543295459,0
12,89.34982968816344,2,171.94636397008216,0.622414350319279,1
5,120.17171130592828,1,317.44330355257955,0.8040000764243223,0
3,177.15092656607374,2,237.37315811247996,0.8422176379198819,0
53,16.98628046644213,3,192.80443867361367,0.014621390219919045,1
3,101.09020325504225,0,102.37086870910817,0.8732998706033802,0
9,134.22180871599676,0,260.0705035050112,0.7792923983238441,0
2,103.04211410831533,0,307.67788709663097,1.0,0
32,29.383489677051223,7,60.0,0.3699388956148567,1
17,90.49940509650581,2,115.25835138215562,0.37840220582433565,1
5,151.86173058944445,0,302.4465709403067,0.8693030534950644,0
7,135.2285184048835,0,228.9154493275335,0.9576829588280715,0
4,137.1360154835317,0,147.79070458388054,1.0,0
3,88.24446046655632,0,200.2868052362711,1.0,0
5,88.55174110336903,2,235.3123959005124,0.6771074733181459,0
1,124.33117591901787,0,354.4922889698555,0.815995232871305,0
13,89.2941991292445,0,60.0,0.8273287956675157,0
4,168.21941578920655,0,296.6640643220314,0.9925991656988645,0
57,36.211147070847126,1,163.72522097201622,0.0675795589701507,1
5,123.10634625639396,1,312.4635497303798,1.0,0
5,100.27345399644588,0,283.34290022384897,0.7652510429226012,0
10,97.58857314303022,2,322.51669757971024,0.33306768260851644,1
6,86.75909931599242,1,233.52740487737745,0.9925055584630429,0
6,113.82637686460421,0,197.96863102673524,0.7041163513352604,0
37,30.260438432497704,5,274.2534015296884,0.21296221959385075,1
6,95.82062096637513,1,230.04676654520443,0.9833576832427584,0
63,25.397845923424477,1,156.91624064187252,0.0,1
5,134.54606514745896,0,280.36006957832245,0.8939461251006924,0
5,125.89089406482385,0,293.6555041641526,0.933533108112258,0
9,105.25609402518346,0,119.67215185171636,0.6318127824243671,1
116,17.36315564953196,5,100.64936300225989,0.1350075996421364,1
4,74.05272105099785,0,148.94388585279182,1.0,0
35,27.919383258662226,4,330.08713530779886,0.5842753625800008,1
7,108.79453504563347,0,434.2135210889657,0.7068580626394327,0
1,174.2149723240704,0,209.99941303900673,0.6997559896904106,0
20,117.8564978709265,3,151.6983333521636,0.18651421730172216,1
55,17.06176219826244,2,153.94736362648067,0.3058673408473376,1
5,112.53649561016216,0,391.329391162738,0.600886125484979,0
117,2.0,6,110.1723362917312,0.20905396503555507,1
34,40.2907391562199,6,116.20721618685329,0.19894537384229646,1
7,111.48258739906706,0,207.47923126764243,0.9342879217381505,0
9,137.40741452963115,3,132.9315314185967,0.31068195172637003,1
5,51.61492456214277,0,179.79647292719682,0.9839866777417583,0
1,176.85698975818525,0,321.7995192264896,0.8228543131726243,0
7,149.24991239980662,0,172.6055919234686,1.0,0
8,154.80141418766982,0,200.81104154356066,1.0,0
7,173.11545404067942,1,294.037053540163,0.8244713069704327,0
107,7.958468342653075,1,170.21630029031672,0.08135214408869099,1
5,100.06801365962791,0,206.481715430399,0.750542386787009,0
3,66.20354151769148,0,287.95342696944397,0.6874707049054981,0
2,86.61389106506664,0,215.09145881878914,1.0,0
6,85.82561866889594,0,193.79895551137466,0.7653780667339103,0
3,115.53181436048538,0,151.42970252784377,0.9247026347093035,0
4,146.79926045292433,0,315.4486048761433,0.8049464323513263,0
5,148.96923257434813,0,312.27814553669094,0.917279136143687,0
2,179.32577505388988,0,279.4814024796921,1.0,0
5,104.71431061631775,0,150.61229827208768,0.9164743708711008,0
6,83.06235633548212,0,311.1874403187592,0.7434330526739488,0
2,114.2205912396565,0,183.2691324658854,0.911634456246628,0
4,162.90922064151454,0,220.89064065023055,0.9440147340366707,0
23,73.27620873297553,5,279.3690807974166,0.5723807589095135,1
111,31.04159644438801,3,247.7704400539276,0.14102433331415762,1
58,45.55006492874574,1,256.97321492668806,0.049340704950719724,1
5,109.59470332784909,0,285.94150034255233,0.8590203510101865,0
2,93.69989546790417,0,294.74026511535163,0.8189996817373714,0
3,121.32103724496257,1,272.1113098932165,0.9726182897337379,0
9,108.47071428040655,0,264.1909812029292,0.761445510453275,0
5,167.40423562188033,0,96.5167524290171,0.8645251036138454,0
26,58.45481250284112,2,203.47892483415725,0.43313328443345117,1
3,226.06246202301818,0,176.506190595468,0.9165839536438743,0
4,86.53410025616229,0,263.3633728161296,1.0,0
26,97.37884214349528,1,301.3255579046171,0.5310972352824832,1
8,83.74229394126672,1,257.5080686294753,0.8787495489402679,0
11,42.69189850256257,4,191.67360133642876,0.7814619270256962,1
6,162.99031713902318,0,151.2839473392837,0.963124400571742,0
38,5.0,14,258.0533407770405,0.2679030841208814,1
4,192.43364274197967,0,264.9743406623633,0.7782094074170237,0
3,74.66285300131317,0,358.19084121401664,1.0,0
4,157.25313428635988,0,366.98738143231714,0.8064976347712498,0
2,76.60989308505472,0,304.61719753616757,0.7757959466388155,0
111,19.97408940927003,0,110.73055809886648,0.04237322248936083,1
110,13.046622870404743,5,145.543915772932,0.0,1
2,149.85940755717073,0,291.55915632394476,1.0,0
5,139.95465270248417,0,165.36731267170717,0.8063389605066729,0
4,112.90327185155121,0,294.1556082517428,0.5631507617620002,0
7,123.94981618417458,0,216.37300478102836,1.0,0
4,88.89807631647439,0,238.33369439796357,0.9016463257644973,0
8,148.83081750625698,1,142.0946726565732,0.9493560059768855,0
4,105.63697035118898,0,210.77545506688023,0.9119821853513105,0
4,102.63828078579243,0,268.51936925146725,0.9128422612341168,0
7,117.32373215131597,2,184.6286925442818,0.422075098299819,1
11,74.13683155480419,5,252.99202429579236,0.6462169201711999,1
5,100.93142505069477,1,356.55870148534905,1.0,0
23,84.03121646255325,1,151.71452272408703,0.2898153073170729,1
1,77.35367079399234,0,90.34310026503873,0.9293507238492446,0
5,67.54742732004667,0,269.9573390168792,0.681250934787774,0
2,191.23452086321458,0,318.42136979253627,0.8763110848106731,0
20,54.69558654085847,6,251.91919576149974,0.6902022418172841,1
2,107.42350946728898,0,107.54288374474908,0.878070901163622,0
9,174.2805408630331,0,312.5239020739053,0.8537064378298489,0
30,5.0,5,195.20086787779113,0.3772856810726663,1
51,17.935917287245495,0,116.800978970948,0.2370724167619009,1
18,60.115570361073914,2,279.3036919348197,0.4096924558819276,1
66,7.645469270574687,1,141.8324478979157,0.14521339485328252,1
7,165.0475472911666,0,236.27710075406475,0.8059571176330521,0
4,211.25516832634642,0,172.28987099745703,0.9824338266803108,0
4,95.11941133712398,0,235.6849442250895,1.0,0
36,38.889762564356104,9,129.49702956202148,0.16933519335582337,1
2,114.65942630084183,0,449.6253589087382,0.9166894038741719,0
19,99.51476777518651,2,242.29086981944886,0.16034183296793866,1
4,93.02263925652457,0,275.46563442734055,0.9687831513084947,0
4,110.06773606550604,0,222.42005607667602,0.7938210720400503,0
8,177.37971861260507,0,315.0399978925683,0.6987580121357263,0
6,123.96417524809772,0,265.6372855643228,0.804645005050685,0
2,68.32333913207721,0,93.99093512749599,1.0,0
4,108.12756420044394,0,367.64111324448,0.8246224476770756,0
3,136.45568703786788,0,195.31984994436027,0.6909989550438225,0
9,192.1756475001489,1,278.89364158215926,0.9745756258792264,0
8,174.7655779843327,1,235.24804643170108,0.9099705490923771,0
2,123.57042198361813,0,159.97207053495302,0.6548726290866972,0
5,112.1322651814414,1,413.21891539418476,0.8649896610831402,0
5,116.20033115177884,1,268.8633869588056,0.7870671191083506,0
9,104.46673324121505,1,324.3431873859008,0.7544149263479836,0
34,68.23853161886362,7,74.37492560452112,0.6308862300194079,1
17,107.85810706160707,2,69.55486030305029,0.28344175487216944,1
3,77.77832474688884,0,248.3493153680989,0.920345920385561,0
124,2.0,1,99.43457365912795,0.13082652854286972,1
6,168.75559201080574,0,340.7288643845157,1.0,0
5,132.67944175755616,3,306.39768227889806,0.550696802062852,1
7,116.49787180339716,2,212.75547468098532,0.8894748108744429,0
3,125.15439144926323,0,205.24874761576325,0.7324787656325142,0
7,194.60963276186126,1,166.3613256277232,0.7194463112311738,0
5,138.62555327819592,0,116.12730102458329,0.7594001753605064,0
3,138.33436499849932,0,325.86567809578276,1.0,0
59,36.822587480525144,2,157.0984589560291,0.15561127122666102,1
6,110.13551765740202,0,396.59936227962413,0.7934771023871556,0
55,22.595735400255435,0,185.2287249868459,0.1417400555027946,1
5,67.60622131525197,1,187.71370666350197,0.8818200324226614,0
3,180.86288660405452,1,255.73305888369242,0.8614960001346373,0
4,149.0674216501915,1,348.22364224516383,0.7464176078915696,0
48,33.5854892452458,0,91.8182880175837,0.1466496698975962,1
7,134.41764014041098,1,242.582536774867,0.6381088500031584,0
30,54.221487061845615,9,145.499529679228,0.20731618247527908,1
34,95.70524973689743,9,256.23622083073457,0.40628233560961335,1
47,57.89538808568428,9,204.00441165269226,0.11604172861243507,1
14,71.54690656514897,4,279.85107084206714,0.0,1
111,21.652592972119475,0,110.92877357181932,0.0,1
6,82.38618320190514,0,266.9265141997008,0.9698071496327052,0
7,126.57399053859947,0,232.46294982605735,0.6903059870612672,0
4,93.48356001171783,0,288.01945481651626,0.8360582252609894,0
7,153.0983744237629,0,362.2214472801266,0.9877612070459327,0
2,198.34464799914815,1,153.30969276732952,0.7818453605972295,0
6,126.82097433460095,0,260.82545429876524,0.7047704402919376,0
5,201.35860793494152,0,250.30327772409527,1.0,0
5,106.05658837258,1,272.12013592412717,0.93732219365557,0
38,52.23691757710719,12,159.1097733572012,0.34897517930039124,1
36,22.359393675403393,8,98.8133965348417,0.7102525245633415,1
10,86.85479629738079,0,157.38494287021905,0.8942863674974357,0
3,83.73744556962373,0,367.90471930761896,0.9659595768602882,0
5,87.74214533490749,0,322.5943918649535,1.0,0
7,85.64765395124805,0,135.61040847732517,0.9912347442885122,0
3,134.03725816776497,0,303.93283454905975,1.0,0
6,140.83440940191082,0,344.04042099485065,0.8104953763251439,0
4,154.6487788504318,0,261.6673460407182,1.0,0
126,29.69530654560729,1,40.0,0.12505837996618277,1
2,102.00735416257287,0,253.87471307357544,0.9719206848559354,0
2,187.5499135035262,1,219.34740449424447,0.603486417608306,0
4,73.4832353880802,2,287.63800746307174,1.0,0
3,114.61033323945507,0,233.81024345430524,0.7356259777100437,0
14,33.57318361008626,4,206.51986880829486,0.4455599651646003,1
5,91.49624075112335,2,250.1239584005308,0.8355886703795401,0
6,116.79682118985109,1,109.38380614732463,0.6370564023946255,0
2,127.62578575268158,0,326.4989619368586,0.9525704830935882,0
6,173.36897148514564,1,90.65093582499485,0.7924141936716024,0
0,187.01412694647456,0,162.1158637719091,0.9815956358961423,0
4,147.96924580647922,0,251.782955360643,0.6630328294462934,0
8,159.57255360929614,0,229.75735354357542,0.8379089503955596,0
35,54.507219752919525,8,291.33181968580567,0.3997709922488642,1
44,31.031945422110773,9,210.80474337627103,0.2245856817613055,1
4,70.59995901308761,0,267.99594951133287,0.7723125345577048,0
108,19.468372397547732,4,187.94300851806136,0.13527700542031987,1
18,86.97479816059817,2,205.55126158871482,0.3797832568926702,1
3,142.152540903388,1,289.2066170781493,0.6837282825752874,0
56,17.049553159033092,0,153.73714881880534,0.016217467490619423,1
43,49.18024705526365,10,235.40908830129257,0.32099131485646,1
136,10.271755759354818,1,173.6132199391536,0.1620989455726221,1
28,77.58176768549221,5,232.60580338888883,0.5531189710964998,1
3,114.36005655733899,0,226.34545594549576,0.8655236733883339,0
0,176.57452558151968,0,256.7669023555058,0.9397430527593966,0
18,105.91887341195257,5,279.8536594494908,0.05736935630299365,1
11,65.49536106404373,3,223.03447905262348,0.6552217704649588,1
6,128.60056908649602,0,207.9983618475666,0.7018465739544695,0
5,141.23032109520537,0,212.59281279009576,0.8779910624631792,0
124,14.464972710318046,0,108.48406736730999,0.11338342341095986,1
1,87.10996793969744,0,204.04998768120524,0.8257490760652786,0
9,124.49333857378682,0,300.4059933008641,0.9664075320170226,0
5,97.26761181078616,1,276.92564344259137,0.8877025037577089,0
54,22.872394480204214,4,111.7107925579847,0.03495633713182987,1
26,119.49578604682988,2,196.84787515816055,0.28487907564120846,1
6,115.12538737245818,0,146.63234191646177,1.0,0
1,176.8846116041725,0,184.84505069948128,0.8858398096646305,0
5,47.29200172980856,0,235.99285476067945,0.8140855194727454,0
7,63.19828533015243,0,188.27326759991908,1.0,0
1,76.8552395148186,0,98.24942598952705,0.8388823600725149,0
18,36.692716892068056,7,281.921512204301,0.42871725865385807,1
4,104.43951676049248,0,194.07427118824987,0.8963214190950235,0
17,68.17975577413054,4,210.52247935089093,0.37772109429926043,1
5,161.9089014429664,0,176.64179669649243,0.5670826502287654,0
117,18.368684199339935,2,165.15684124856816,0.0,1
8,99.2611564688136,0,306.526115161762,1.0,0
57,25.491215549695212,2,203.3526956555486,0.09126570900545987,1
5,119.85133551891023,2,384.22181471890997,0.6572080547017416,0
6,145.8332576613781,4,237.46310041230035,0.42291699163586344,1
6,99.93963072668205,1,526.4504733973333,0.8531349523614646,0
4,146.40616337059205,0,141.28469248074225,0.8273661319228708,0
4,123.48285199302728,0,284.07129942199447,1.0,0
23,41.133747304395825,7,100.94066597609508,0.2863364264743068,1
5,62.47089414226658,1,327.95316571653086,0.906712939927451,0
1,77.86805223227742,0,419.83808403969283,1.0,0
2,130.03738776806105,0,225.19372160061738,1.0,0
6,85.35461009128802,0,390.01454120346006,0.9393950879187798,0
5,117.56891167548262,0,262.15945984185777,0.9079062710690997,0
7,92.98441651540992,0,401.5697095273318,0.8867929234488726,0
3,117.73886225278447,0,417.5201606739234,0.7568752976570794,0
58,15.718505193079112,1,154.64791345461904,0.09414953013416001,1
9,107.25070605765349,2,239.03468942720573,0.7897857197631063,1
5,133.58881152818603,0,208.38575201680683,0.7638205632034368,0
1,122.78995551268207,0,352.4454042974501,0.9792827260699759,0
4,105.51504117514821,0,238.47099870074328,0.7804485869487716,0
4,139.11978476184228,0,135.5544838768267,0.8194650521168113,0
1,88.41910466732877,0,229.9820614712324,1.0,0
70,2.0,0,72.4944780415318,0.0,1
10,132.69794444300334,0,462.570364908787,0.7188257832822738,0
4,124.34580310921034,0,342.5396499028494,0.9638165135313705,0
31,19.895897340026313,12,117.34503221892454,0.6289415647948566,1
40,39.78525827514512,10,154.62025567681164,0.49006439672516877,1
35,12.201320121437046,6,304.67076003184127,0.2223358057014126,1
4,110.09717690428943,0,202.21458702883328,0.732370471171605,0
6,117.11478575782382,1,190.72077407116635,0.6660281513987217,1
30,53.64388896223099,12,104.20612727461267,0.5015750056574333,1
16,87.41231657033022,6,149.66078850513026,0.43018003885555123,1
8,92.86308776675807,2,309.86583891359993,0.762098161023515,1
8,72.58536006411842,4,133.85366894068076,0.7634842047074538,1
5,115.59046769325793,0,291.71291886653586,0.9533442840905333,0
6,109.48497145957127,0,218.87666965547785,1.0,0
10,49.66202105686641,0,285.7055488449018,0.849801527655333,0
39,77.17880886930642,6,135.2505106847635,0.20945953229305556,1
7,138.91758733300313,0,278.20582962219765,1.0,0
4,102.69595102791754,0,330.1103204794072,0.8822547195569249,0
4,116.34577163445616,0,248.8925660730089,0.8684715533279427,0
11,144.52292636964367,2,184.09290840985562,0.9642492119767595,0
11,56.52945197444833,0,276.39799067570846,0.6426116257412507,1
3,162.05566238893465,0,200.5705010385151,0.9894840244834008,0
2,178.58855215557463,0,134.08343792847273,0.5219665345219416,0
34,22.810870751166902,14,120.1799423155889,0.4046332970495781,1
113,22.272312158143514,2,153.52842351699192,0.19985669717064045,1
5,141.36757376821225,1,200.7197349455308,0.8536085910248704,0
122,2.0,0,146.8061320278125,0.017901509634989755,1
8,158.4604569798128,1,135.6081879009562,0.9459547673180408,0
9,159.73964076250266,2,304.5531209225526,1.0,0
19,83.52509986225347,3,264.958694000611,0.7802471654269608,1
5,156.6957464706868,0,215.49792909326663,0.8517874969142845,0
6,67.51305189555508,2,216.3791744220906,0.6299801144672535,1
118,18.900473118174435,2,106.94804889749291,0.2617922371100103,1
5,74.83049348236585,0,71.99913448285403,0.9408913314243229,0
2,152.5770036505262,0,324.83267742014806,0.8403055104275523,0
3,125.27339662050944,1,415.31196529063993,0.7798766795462263,0
6,124.88633033266059,0,199.66947687746364,1.0,0
6,121.25830827699083,1,180.99182687595504,0.9316689248065608,0
7,131.8013344326097,0,218.84955847015877,0.9856546305292876,0
11,164.2918287249379,2,149.96306479766122,0.715639591072809,0
16,39.22211917635146,7,236.12101634372132,0.3700204301976064,1
18,59.296173724057255,10,226.67123441114214,0.7985173875610305,1
11,96.04520599857595,0,287.0344369045222,0.9686054396505387,0
4,148.83717090250883,0,275.5194635825637,0.8339241601171312,0
8,155.4325404807958,0,234.9866886986037,0.6847321503923801,0
4,42.91630509529602,5,200.5860075886007,0.5880518935038967,1
6,155.06838507571712,0,234.40758170507425,0.8408427229355334,0
8,135.67160811564375,1,268.7691602720462,1.0,0
33,5.0,6,40.0,0.2745616064369126,1
148,14.920206222784044,3,144.46051474459153,0.0,1
108,2.0,0,242.53862512148697,0.06218095076452476,1
38,20.292400098091758,7,98.39621465724137,0.3372067670601906,1
3,116.94209460455448,0,352.0380961147493,0.7112163009190005,0
7,172.5375696694502,0,180.49527824186612,1.0,0
4,103.02216167197825,1,188.43900570925487,0.7993202420872256,0
5,151.48618156900426,0,252.86776947633945,0.9559171748934101,0
38,51.58155420199692,7,184.68520827804258,0.4929105840450793,1
5,213.1749867682501,0,258.60615567948355,1.0,0
4,135.9092611524911,0,283.76117965639554,1.0,0
2,80.08021449220084,0,336.68947226106684,0.8206327227175847,0
6,95.06798941561459,1,209.13177578100715,0.7353649888968365,0
3,88.90235038876529,0,225.58410667796173,0.9032612401126391,0
4,158.49567349560544,0,261.24650022311175,0.9108246976063255,0
38,70.71697330146571,6,250.13300144942644,0.5105773615399746,1
12,207.77299441509408,0,376.5854734779463,0.794542925311625,0
5,142.26250668402184,0,240.63739676639665,0.9441464090608191,0
5,142.95352849607832,0,181.87258706443785,0.6593699304430641,0
6,86.09598311958268,0,285.8640415276392,0.9690915458603363,0
8,144.0530208785669,0,184.48501208356365,1.0,0
1,125.3052164431628,0,115.3301491986895,0.9844818738981375,0
15,92.55506804648407,2,127.37455429137924,0.0,1
24,29.16506047586639,5,209.68218052652148,0.35595727438068303,1
7,114.03366577629318,1,82.91070735225262,0.9748134725684237,0
3,98.63606580029092,0,397.4088165792003,0.8868478976113926,0
5,139.390125838156,0,319.8002913165462,0.8608679503759148,0
113,20.120241709276762,2,40.0,0.09161034849232522,1
3,112.86697870027619,2,332.16409554211714,0.91499300593862,0
7,138.29191772743695,1,223.87070063712727,0.9058445921675878,0
8,140.46734562045387,0,218.2503062342776,0.8517826969667682,0
11,184.86537829296148,0,292.48743671872444,0.7248667652416854,0
34,58.49671322023688,4,60.785738021500265,0.5675418895912316,1
10,46.66317088159307,0,139.101511887574,0.8335069464123771,0
2,126.53822413271295,0,152.71200916180464,0.7350647789308791,0
7,64.743870610625,1,328.889386100357,0.8890535140834488,0
5,117.13487023865191,1,244.31884586450894,1.0,0
4,199.4403320487341,0,287.0888182620256,0.8968780126698858,0
46,20.995821771838017,2,278.6316015505285,0.018738492748721153,1
4,158.89460891380634,0,266.1652919570396,0.8187725217683076,0
8,147.50427520622975,1,290.92910660164256,1.0,0
5,114.45036342466295,1,198.49262992834025,0.9761422172182713,0
4,61.51027234737665,2,286.1692099007627,1.0,0
2,93.52207637687174,0,150.05486179688995,0.6829797430363332,0
6,163.5615854200338,0,280.66761739497895,0.9134430954127583,0
4,157.4305700195148,1,182.69422428801082,0.9416609401537372,0
14,110.39217726058854,6,242.60440350221302,0.5527606009716491,1
6,147.477891763505,1,336.15749143871705,1.0,0
7,158.18433432461273,2,286.1765807092493,0.9477125334660097,0
49,2.4881194626736036,0,194.73893974078217,0.0,1
8,151.14281621304733,0,192.54362475215416,0.8245165877351343,0
36,15.209589103087337,7,244.49816465377953,0.929282793001172,1
7,101.70876574063809,0,73.11250458453237,0.8775749236570553,0
7,64.98958834129405,2,166.73604355194124,1.0,0
30,84.61381332677509,5,127.8900061902926,0.5437405812865904,1
5,123.11891094741895,0,268.9859477181883,0.8339159080527914,0
4,111.67804671134935,0,104.07031051798651,0.9244020246131671,0
41,56.75345177117657,9,271.94120755938496,0.3431348229105301,1
4,127.13547489964571,1,272.01751339094255,0.921673272242326,0
3,144.0579617192577,0,190.0386010764807,0.7904283022748289,0
5,88.91078220398481,0,168.3243063360037,1.0,0
4,86.09260529014978,1,280.7349526516148,0.9158228352074375,0
1,134.79249681513704,0,204.34253360882332,0.9276103014636586,0
5,165.34264460224776,0,271.8514692825462,1.0,0
4,203.1246486930507,1,178.21295110171673,0.7415709350410414,0
6,144.122576446763,0,207.85122691025148,0.8679156366977162,0
2,37.86168188909522,0,325.3517023442089,0.8972603260481464,0
7,130.5877183707392,0,279.0661378312905,0.9678792619381785,0
4,79.83017812173613,0,241.420235811806,0.9192544231860882,0
16,67.77438033909877,3,202.67891928129686,0.6017587055050866,1
30,57.61358444763899,4,210.50794130225162,0.0,1
5,137.75118394923294,0,210.12794504101646,0.8123534628800164,0
5,136.94367631871557,1,281.30434658940766,1.0,0
8,103.16227859182982,0,368.9127117522583,0.7269520204119325,0
5,60.84411833980727,0,392.6259734195402,1.0,0
6,130.2497351844285,1,388.4557621478052,0.9695446011735354,0
3,97.80006988745478,0,164.78419656531673,1.0,0
4,160.05949237128112,0,205.44224632409407,0.7850918824626799,0
6,92.08766776735463,0,197.5730397925413,0.7288737110434403,0
1,122.25910659557556,0,343.4794390392309,1.0,0
6,129.54261329238477,0,227.89278464314202,0.6012171364358225,0
5,152.20304839177962,0,108.10454643161839,0.7741531531974429,0
6,182.81483397970888,0,364.30837477918334,0.7538114941540173,0
6,142.3426831908158,0,330.28780836913216,0.8290048155820361,0
2,185.04140576074616,0,242.04295839310026,0.8661381713306726,0
6,37.735247312368955,7,258.7818283248069,0.69104234774972,1
5,89.11906829535089,2,158.21947162624608,0.4894669763256135,1
6,122.5531121831758,0,258.26050624775644,0.9195683878018782,0
3,134.67104270911747,1,247.93414187152547,0.7595303970445154,0
35,30.968255551965132,17,282.7444105837485,0.441264619549981,1
39,40.884750445378934,8,168.21990236249744,0.17703326944136089,1
3,103.80019747566249,0,226.6315820899379,1.0,0
40,7.571609623754053,11,60.88480740023254,0.3354892696011602,1
27,91.30630587096128,12,226.36999708910554,0.6587405540567289,1
7,147.84929203843836,0,305.91327430720423,0.6597852315416731,0
23,33.458476212556,8,122.82877741345874,0.45469388838034136,1
40,88.47863806673519,8,312.90937192763175,0.3012009492792737,1
107,15.52099191605799,2,151.69708000043948,0.13352715379489175,1
6,73.27794772585415,3,216.6039100192236,1.0,1
4,191.87157827664345,0,333.47047367008844,0.7937567179077563,0
5,117.67267274168492,1,246.26137466223975,0.8683561966366139,0
8,72.61256890880054,1,193.54265695378083,1.0,0
2,115.6264102759606,0,154.36971494790637,1.0,0
5,152.6823649931253,0,112.07812427481238,0.999462815544227,0
7,154.16513230850367,2,97.0401161148933,1.0,0
5,61.75535575398555,0,257.1918823228657,0.8150289402302426,0
54,9.349214713313975,0,168.06894574822212,0.06725492183530796,1
10,132.01447427713902,0,274.95259500405695,0.8093707997101135,0
4,140.259861482502,0,289.72468273615647,0.8829786712202919,0
1,124.32559169040115,0,286.4595039370201,0.7605051251452019,0
60,31.34774749350196,0,132.7776600626798,0.062219384369192145,1
5,112.18165543224055,1,256.0287041574433,0.8802371355580517,0
61,36.508236225985584,1,185.20426314239725,0.12153680393189613,1
6,98.65428453866554,0,343.96352744359496,1.0,0
3,54.259089602860264,0,284.0083989272837,0.7837243203991158,0
17,60.01843917812518,2,223.4020108251311,0.6156253274604863,1
3,75.74968679600084,1,366.8757107263182,1.0,0
4,121.22812134579316,0,312.41186538010436,0.7987563092651799,0
4,159.83796339042067,0,207.69160188992285,0.9222261369894855,0
43,42.084867777467856,9,218.77915291988344,0.16240037696964577,1
3,119.93358327552444,0,176.32704085486225,0.9789312147812953,0
42,5.0,10,151.71707369424485,0.48362442471344064,1
2,114.22851688191395,0,300.436152468679,0.7930223596229308,0
19,83.07291057597423,3,81.83986468493215,0.5230618601100067,1
15,83.29396576502785,6,308.86511295425015,0.7263307473185578,1
4,80.29259515722319,0,173.48064810181984,0.9836221762073684,0
4,111.03750421197235,0,134.7541316626083,0.9281045550010051,0
6,130.56015317102916,0,97.5244170242334,0.8450210600776277,0
6,86.5989311429516,0,206.6337137189895,0.8479549989202386,0
42,10.159614342809007,7,394.67421849361796,0.2852876325691461,1
5,121.52258695751233,0,247.5968513834839,0.959112793762002,0
6,140.23121156559907,0,193.11122848056053,0.6256167452856528,0
38,39.161645232590736,9,98.0014328786399,0.27593475558831565,1
7,56.72962561408022,0,336.490458174348,1.0,0
7,84.37811686033073,0,304.70631657916834,0.7483831996059055,0
6,94.28976829757677,0,240.62610439195316,0.794787007693483,0
3,98.59793901245791,0,323.5445110856108,1.0,0
4,125.89676026974365,0,222.73270191003365,0.8735274062011799,0
12,89.35687330409583,0,237.77548556551278,0.8494027405044452,0
5,53.07204812181206,0,82.59051571127365,1.0,0
1,169.93305744761116,1,169.05825962665767,0.8005118509130977,0
4,172.06458497255872,1,295.82400286535335,0.7293213827571402,0
6,190.8005204351237,0,328.0996113624755,1.0,0
5,103.6610118895948,1,133.16975169304303,0.6686434947061572,0
4,154.75286569636944,1,170.52649456685526,1.0,0
5,154.01718961964164,0,260.8733026037973,0.8029706080477336,0
3,153.8372264696582,0,240.32604001181662,0.8383811774019582,0
6,166.12975001642852,0,272.077861972607,1.0,0
6,156.34129089548935,1,200.87770643652146,0.8511625724216905,0
8,121.27698068995711,0,300.35935797037223,0.5040152178274782,0
8,187.45147101651236,0,296.9591893867855,1.0,0
5,154.00269048423206,1,314.5204737437706,0.9101467388751093,0
9,125.67775896120057,0,263.7971059241383,0.9299095961654164,0
121,12.649214852718192,4,182.64145929356204,0.15392300419878008,1
23,20.076316063832508,5,160.52255725560724,0.028939986617186532,1
6,121.50122057118685,0,290.3233123850438,1.0,0
11,68.81742205295023,0,330.8611533971816,0.8233279561945269,0
28,53.7774787247084,10,249.65545393256903,0.27566274323215373,1
5,101.41745964175186,0,345.6384447204383,0.9349274641391723,0
6,151.42971436440808,0,200.08241649187383,1.0,0
2,105.49461345999552,0,190.19136953857173,0.7781977764613801,0
129,13.840464971839715,1,218.27051847126702,0.0,1
6,86.53024030118316,0,281.48520408262465,0.9373334444194577,0
7,78.08468887562822,5,175.4796371766944,0.5379466749430721,1
123,13.237276663659506,4,107.50767093746781,0.18311695900059918,1
4,112.87335546553619,0,235.77793224400418,0.9131875143573743,0
5,105.39774248149052,0,352.2317419493186,0.8209915236400108,0
5,78.5359844316278,0,167.50327575238006,0.8207786175014766,0
12,83.98704719687012,0,207.28627737349086,0.7381654629061868,1
4,101.89418084941025,0,211.9519637238339,0.7552521543532419,0
16,86.47755148858056,3,154.10194740690184,0.29588995408561863,1
8,10.0,0,364.5494964756094,0.6820777838574996,0
6,125.39284990732808,0,291.99432551326555,0.9156209218969087,0
36,21.48805804692653,9,173.6063777030425,0.0,1
31,41.05579072537286,4,177.22775200704245,0.47096654380529185,1
6,120.22322588577178,0,222.60792764084695,0.8263509306473652,0
5,105.45933893025231,0,284.17631025299755,1.0,0
6,73.6075244433082,0,194.258966436065,1.0,0
125,7.719566080201552,4,194.68162034399202,0.13503726791772658,1
5,96.7598864167145,2,239.58244516672647,0.7683183024217434,0
2,127.61824126464606,0,280.4166773685267,0.7519045564892992,0
18,93.04354858562337,4,152.77453659360873,0.7343783194217991,1
7,101.04251346764303,0,327.1475317097409,0.9386689438297072,0
5,126.75320806878929,1,425.4816123114425,0.6953347753256454,0
5,87.12503950107916,0,227.47051315500588,0.9552070866705656,0
5,117.25208796900164,0,357.03320332293663,1.0,0
1,139.12214020054978,1,272.1420075683721,0.8576273880341999,0
40,46.735108368198595,6,171.18637127960307,0.20352162705273638,1
38,15.15564070164215,6,298.7900955939513,0.3754510824504904,1
9,70.4779258149732,0,60.0,0.8773501688936367,0
8,179.49374135909693,0,177.46525942132797,0.8315361517007553,0
4,95.4240934653946,0,311.8759534039778,0.9755450338650057,0
1,90.0333010592154,0,257.7419603866724,0.7452750191578702,0
58,14.967659103436628,3,209.24341858993355,0.11027811159028655,1
6,148.25221915844344,0,297.9838376654787,1.0,0
41,64.2922817266803,13,206.86037432584462,0.34305410828380706,1
4,90.42295067643127,0,253.3157996516577,0.6956532085788358,0
37,57.83172594755002,7,283.2131074582523,0.14770991014747767,1
124,9.484147834989285,0,160.63816856367578,0.20020049048079985,1
4,102.26750937562683,0,189.40189761156202,0.8346310366593953,0
119,10.512695760813713,5,135.46415421399576,0.186437142292246,1
66,2.0,1,152.4975457486843,0.10556295574096572,1
130,10.098117861436926,3,120.12774759791395,0.12471424860195439,1
17,53.091095631997874,3,287.0967893385752,0.47303206182660845,1
10,98.79295884981127,4,306.5612280969461,0.67534635016993,1
5,59.012150819448664,0,255.17538190517908,0.9756296929815687,0
128,24.895451350854007,0,172.85176199186003,0.05274575731963382,1
10,114.50473094698818,0,330.3111253816289,0.9834089573400148,0
6,158.9472244846886,0,181.77747426521842,0.8922833061874685,0
4,97.11341718473926,0,257.6394354820363,0.6795295796846335,0
3,65.84881078434466,1,229.982377933266,0.8499791558596058,0
6,126.03058745433555,1,247.26947665066862,0.9134500960079609,0
7,180.0436906090504,0,307.15830552685173,0.8664808674175924,0
109,5.779119107361286,0,245.39391091823848,0.07419352482496007,1
121,2.0,2,169.1630736881228,0.15593747838504923,1
8,113.47802377434374,0,319.370780944417,0.7021813113073361,0
12,96.63191289362109,3,121.12944534455437,0.30294021605524385,1
2,189.2775284188293,0,465.1962177750805,0.9404326896801868,0
5,169.69857640919054,1,165.85732402962006,1.0,0
58,49.619003984738406,1,143.74112522286686,0.18232608860548669,1
3,71.66217370655781,0,339.33579490609213,0.6923173960303961,0
39,28.699923945179535,7,183.9366680578623,0.10669551235357791,1
8,162.97900422023525,1,374.53203135383234,0.7659332913981604,0
33,23.744442253377642,5,149.065272893223,0.8057250181358506,1
14,15.492481875241289,1,144.68981871688914,0.4136955105008113,1
5,118.1912346233546,0,329.220015911392,0.9060966637759629,0
65,14.8519521524829,2,191.1330796328339,0.18931938006709378,1
2,111.02643041931196,0,153.39943351728832,1.0,0
10,98.38894380338137,1,198.88115039679462,0.9332960837374518,0
6,100.74152570691881,1,124.070953428213,0.8920102091185547,0
4,75.05097483770652,1,291.54597166037684,0.75603570470233,0
5,137.86394072666369,1,264.0984689000007,0.7665635800436342,0
34,5.588712540272481,2,239.3092331380777,0.3747188129075277,1
7,140.9902681421434,0,372.4406567819695,0.8576746484692896,0
4,150.82647350422954,1,235.63526416134275,0.7436478856567916,0
5,61.38685953231436,0,233.15300280805656,0.6072203327993294,0
3,141.07673371062944,0,261.560390924604,0.9816551616447284,0
27,55.45917568798466,9,151.4862294828,0.1744663419195645,1
3,154.8109831786671,2,350.89963311969234,0.8199323460158812,0
19,28.026844225426824,2,121.25372868438042,0.5638808360150201,1
3,53.535365900214416,0,273.2259236790156,0.7581992641879352,0
8,134.45814916177324,0,211.72867232695046,0.8097013944459087,0
11,174.2735084408938,0,180.053004843802,0.9877467537633202,0
4,86.15148147697951,0,276.002259130182,0.7137001110375342,0
7,107.66745746901884,1,188.0364583124915,0.6729624544324284,0
4,83.46724249841546,0,171.47063874076437,0.9839771558485234,0
4,115.56997338058451,0,137.45154992933797,0.7322630825627203,0
10,80.9978334927004,0,307.1401338709826,0.7981426029203402,0
5,146.53054111350326,0,206.05802887941485,0.8903129216895211,0
36,7.1375489350538865,4,159.5475643751237,0.5778712779922073,1
2,62.132446231975074,0,449.72225997081347,1.0,0
54,33.95136019306811,0,124.63666433526573,0.05370834310211647,1
4,122.76058528933198,0,324.54130554439996,1.0,0
6,107.37579063329503,0,175.69593201475254,0.5294257245351774,0
69,19.095983584059024,2,271.52910058566096,0.14864719366080076,1
5,108.25970020595842,0,286.32579006933184,1.0,0
119,2.0,3,176.56977419349312,0.03923883257405312,1
7,134.82397643987332,2,235.1552857013164,0.8869390145906608,0
15,65.3381737696516,6,216.07687103414182,0.35069234202763333,1
5,66.48977793371975,0,404.5208401928432,0.9640482363044949,0
5,107.02092476141269,0,289.0062459542106,1.0,0
6,156.12264662737036,0,173.21021683952213,0.694290580102358,0
7,39.9520997007026,0,341.8792142260666,0.9440651265242621,0
6,109.87687410085617,0,260.66295796554255,0.7890237080785207,0
12,157.88407338022668,0,186.617218311553,1.0,0
4,172.9990122796936,1,132.58202454620255,0.849498183430443,0
8,144.65084179355057,0,204.07695785325495,0.8419291472673885,0
9,123.5572868578513,0,116.29275283646814,0.9184784130854307,0
2,56.07420610518129,1,352.67939898786966,0.7856545322432564,0
64,11.983736730364631,2,197.72996325026864,0.03163872724454132,1
3,78.8679642586876,2,227.7631002886793,0.7571414024230976,0
7,102.13792185192735,0,336.9366790859392,0.672882352352331,0
3,109.72322851699504,0,279.0175583436027,0.9032143629516746,0
11,127.57557023429369,0,324.2462183912859,0.8214504704585256,0
56,58.841232499468475,1,221.46240654530115,0.10111031524535856,1
3,83.1840982907991,0,205.6599996885511,1.0,0
8,108.42349374276897,0,274.0404578512487,0.8609034086613231,0
56,8.580530756645715,0,224.9064733252492,0.0,1
13,96.49502906152449,3,154.33704811649307,0.5909529892722374,1
6,105.5185901698464,3,123.240478763938,0.8647216298235476,1
3,138.36218187012577,0,340.338864874788,0.7812289996293723,0
121,16.63692256476836,3,143.92520951894852,0.12114923339981634,1
7,119.60561803425301,1,134.3731699996814,0.8637804399654654,0
3,127.8045981220593,0,171.68572530846464,0.7336079378375674,0
8,64.16511800779048,1,286.8916346472938,0.8696394912692881,0
8,103.73330017610891,2,140.94878854286205,0.7463683838228999,0
2,58.03305730087631,0,360.71135973171414,0.8896876831048534,0
13,56.84103850085924,7,192.21079239633823,0.43683329240371427,1
5,206.81631308570448,1,273.348723874723,0.7467846124094668,0
6,66.70691305624639,0,368.93795938308864,0.8971130927535884,0
3,43.769043829753215,1,79.22059941118277,0.7522535878658345,0
142,15.23110712587393,3,166.6062815284167,0.1979698070413674,1
5,114.61827484635779,0,317.6122736524656,0.850230541062581,0
8,91.78955281033214,1,97.27009548392162,0.9115632374556095,0
65,20.218301986198817,0,164.62692034116105,0.0,1
6,129.46527142328677,1,236.9510824537139,0.8157085511669736,0
8,109.64410895877826,0,270.7873235102732,1.0,0
3,143.66127404764103,0,226.7506728292062,0.7038032175915524,0
1,176.87849266862628,1,201.74856635977457,1.0,0
5,183.89661247643608,0,348.44851103460593,0.8737991377451039,0
10,97.73222493680197,4,311.08644766999055,0.7580935515129144,1
7,199.46054737985486,0,252.65600134000047,1.0,0
8,69.50540353172508,1,202.27237874693364,1.0,0
3,125.64847373678944,0,278.6042817428728,1.0,0
5,180.47559731687662,0,319.0565790029064,0.730080903571652,0
52,2.0,2,156.2571279209878,0.19010632514124023,1
3,73.41319520725345,1,237.258371802263,0.9134763476940172,0
4,172.03636198052254,0,221.7678587959366,0.7375278907363569,0
5,76.14797420706273,0,308.30578117187156,0.8663604751356058,0
3,163.29867424399413,1,271.1546488330465,0.9477258389347939,0
3,159.1427897690539,0,314.44066953488726,0.8053130448221869,0
2,74.00925818572728,0,341.4372351541058,0.7489414468277759,0
3,220.93373394286292,0,225.27085916931682,1.0,0
54,23.068343976630388,0,107.8877540271931,0.06413004852668054,1
11,67.112338511909,1,302.08991208542614,0.7009452482584029,0
3,159.5909031006916,1,269.98372696210663,0.8707065900597762,0
7,96.3291825851242,0,207.38999743183038,1.0,0
4,136.16947755144423,0,249.72187425048017,1.0,0
28,41.91651582254318,6,261.66304181444497,0.38763646257376916,1
50,16.934075869280083,0,180.85821657588494,0.0,1
5,145.39937622538113,0,144.48638954980925,0.9083154271511095,0
3,133.73807000817257,0,330.0611520538659,0.9077452060480896,0
6,93.28675518576613,0,343.4598520922468,0.6912024005886119,0
20,27.835404866231897,7,259.17552128309364,0.3270096449794462,1
8,132.73885245038153,0,211.2761632018107,0.6855721320382187,0
5,131.09430172372242,0,139.51886575311224,0.8374040088082431,0
7,59.423630859963275,1,289.2686677995721,0.9422240456633908,0
5,164.3008889368119,0,239.30825553171786,0.9277645730449968,0
115,2.0,4,58.824253716528546,0.2774574358215321,1
112,20.946076222419748,0,66.57006280025327,0.045350671604619266,1
3,141.51731621182228,0,327.06715156552724,0.8674023129865922,0
66,34.68318006864383,1,238.0129083313644,0.0,1
4,94.85737260622957,0,388.7838711756717,0.7680605522874052,0
7,116.80120448291385,0,169.9241675480662,0.6894826261307547,0
62,21.45283965258538,0,224.78050230820975,0.0,1
5,121.49575327302598,1,238.46002112577042,0.6671726339967805,0
6,115.18416799209484,0,299.2092360877807,0.9771101780350535,0
3,103.27079887954199,0,131.90244435752305,0.901912103154548,0
5,134.32811145831874,0,183.49061171985244,1.0,0
11,100.63340047894418,0,237.93664022967943,0.7386593235802016,0
5,177.34182954280448,0,212.10016910155744,1.0,0
6,98.34418551532194,1,327.2714614099861,1.0,0
4,86.99609813094197,0,319.9891984718931,1.0,0
3,102.34421560991382,1,277.708634482484,0.5832010276511904,0
19,111.81530058725555,7,184.26815883305636,0.2750804857753846,1
6,155.06891105555655,0,294.2088930902722,0.9898120485014245,0
2,93.37512040573698,0,225.98554552267956,0.5575226941327707,0
119,5.241940776899136,1,156.38404266094102,0.0,1
4,73.17413801143474,0,375.609778770464,0.857956171871726,0
9,204.95437967899707,1,239.18646127169788,0.705370889121282,1
7,68.06236511685913,1,289.62579279497606,1.0,0
7,10.0,0,374.7723476141614,0.9683299082004465,0
106,2.0,2,216.64217565275257,0.04742827353497458,1
29,5.0,5,190.1886298302016,0.5697653709742957,1
7,173.80709435712913,1,312.529164012269,0.8061340167416353,0
4,137.43712362567143,0,156.83185302970787,0.863381097566324,0
6,73.955958910901,0,400.963815206156,1.0,0
38,42.10301254170562,14,299.76734586692874,0.2624456521827097,1
4,123.54219864404841,0,198.6671964468755,0.8543950350909882,0
6,60.07346654677291,0,276.9530951157559,0.8926170430178606,0
5,170.00918081048556,0,157.85854403285543,0.7988113482756535,0
9,97.63928156827048,0,338.11007877756424,0.9514300566550973,0
32,23.48341165374078,7,159.95231918569064,0.329833473532574,1
6,65.78698529599211,0,129.83841252400137,1.0,0
4,134.4575338017326,0,231.97690761547577,1.0,0
6,113.89729734186564,0,272.48056396727713,0.8651854210162324,0
9,152.454253948013,0,80.7253305891544,0.6142908986089329,0
4,157.42020213146978,0,273.6242673045479,0.7389877648938037,0
5,165.3823401575719,0,252.875379243466,0.8237241560627357,0
15,36.3480081716666,7,211.7601235246711,0.38665871347528297,1
1,62.0194558849795,1,204.8862507386566,1.0,0
6,133.95969589743402,0,90.52841233439231,1.0,0
32,36.02857540907857,5,169.78934546170305,0.6037309697820411,1
6,125.16951048394039,0,296.43076162153835,0.9861647346703875,0
4,159.0906787171868,1,170.53939942642955,0.7743590830964052,0
4,103.65236823438708,0,296.5150758575972,0.769448177654171,0
6,95.82510597170723,0,340.26481880284905,0.9525549774496489,0
4,99.73562431833162,1,126.28982310761857,0.8691060390849834,0
8,125.24302683639345,0,252.45188096724868,0.7132213164286518,0
4,151.93695723001477,1,176.15946951547312,0.9351607889397446,0
5,119.1642638115477,0,137.92436281425756,1.0,0
6,52.262447259515746,0,221.36118565082555,0.8091870267142073,0
8,195.94400089643722,0,438.36744268262356,0.9907168489026388,0
5,144.86299505033278,0,302.1729603754116,0.9902198303111226,0
5,116.0254544630125,1,242.56303767708164,0.8566803086695484,0
3,198.34269820555645,1,202.90028655778886,0.7502648540218503,0
5,161.6440580353635,0,234.79368031584343,1.0,0
7,40.678399717771754,0,62.41490711559404,0.9797062844007152,0
107,21.601859699800883,1,151.18773007096442,0.0,1
7,95.73661408951997,0,202.93325936923875,1.0,0
4,202.1419087417097,1,140.32740054911739,0.700645232495898,0
7,108.79283522586859,1,137.60348114030728,0.9147757417901232,0
4,147.226645467834,0,254.08305616503233,0.9719985490571267,0
7,99.14379046483435,0,111.81701844343728,0.9287427894023405,0
14,45.18196360469237,4,187.28104418622746,0.7037890662642258,1
121,2.0,3,126.81612957795232,0.0,1
2,186.81658082737343,0,303.04304904040214,0.69998904666067,0
40,16.212676581158735,8,316.91522458280843,0.31625563858289546,1
7,158.04341069307904,0,160.35797393033408,1.0,0
16,71.36829970455781,1,226.75951502791852,0.32445928268609886,1
8,123.70357788603171,0,308.9891257848016,1.0,0
6,77.11278103995183,1,250.78010068161194,0.9355324114846821,0
3,157.82508738753867,0,223.46644908629142,0.9238783974809023,0
1,163.8458771431528,1,139.26851261799573,1.0,0
24,68.63732549714294,2,197.66588401842625,0.45777100820874295,1
8,64.56723083714628,2,162.1285608493162,1.0,0
9,154.05288312167687,0,394.1626598590862,0.9907101921164534,0
6,105.2068436321654,0,327.3518363210863,0.9848096717068575,0
4,157.23017491898344,0,278.50176701805725,1.0,0
8,150.20483293401156,0,205.31461604798804,0.7465132117039024,0
3,167.63740766957707,1,423.1400920686458,1.0,0
44,51.227430215504036,9,40.0,0.4463280826307919,1
39,22.820374306138085,9,208.04939066774804,0.4582452971053473,1
3,135.22484326867624,1,196.35936763816025,0.9054973528685115,0
5,121.53390399236893,0,288.7914793340436,0.8400394955005063,0
5,82.32270839354251,0,244.14316361488702,0.8792998612080024,0
5,53.632622654457144,3,290.3945016444532,0.3679510408598795,1
6,127.43162942413969,0,237.690408761145,0.9201151067481178,0
0,33.709988715687246,0,252.43048841984657,1.0,0
7,182.4401636300042,1,151.10166003680266,1.0,0
4,109.80184742718166,1,220.7250306693067,0.685147091503492,0
2,109.42932726556577,0,351.1758373853304,0.8202901397978419,0
41,93.93400747634766,12,368.02333223849087,0.45719048461460665,1
5,56.36718528704649,1,261.9084350032068,0.7412319200927201,0
117,2.0,1,245.75918185605127,0.18448073774079796,1
2,40.40836615308951,0,262.3854575042077,1.0,0
38,19.093619517147317,6,77.26719926599152,0.547405946054592,1
6,119.57909345376719,1,188.72801480240585,1.0,0
18,95.51978173325845,3,203.52223708613755,0.29524185799734526,1
6,100.22042863548218,0,128.96856803344676,1.0,0
7,68.35679163659604,0,187.35575825450687,0.9405142180105351,0
8,29.606323610431033,0,217.57490346316033,1.0,0
3,154.8596544802701,0,269.3875278160156,0.7212941276198277,0
126,19.831790188622843,3,131.29691374653183,0.17077657562691648,1
8,90.40830492202718,0,422.05641567909447,1.0,0
3,132.70167905950387,2,309.3280174356671,0.9150172910762859,0
4,122.31147690204838,0,337.8571494702951,0.9850307168131708,0
9,137.3746673903168,0,324.8899324959573,1.0,0
3,90.47743934343382,0,258.715298805823,1.0,0
4,73.69973456623039,0,297.5982049393484,0.9807120226566192,0
6,97.39136806190552,0,204.93694395140542,0.9192149328941057,0
5,95.25872413423411,1,201.6201124751366,0.8627620595418843,0
9,175.99072154687568,0,330.9120381031576,0.6450735111918043,0
48,29.18714899324349,0,167.2614074937239,0.10958318591138888,1
3,212.7506391031526,0,156.0868816859404,0.8970188259542242,0
4,171.6590764557778,0,196.87820891787516,0.9852761436937892,0
47,70.8636090820451,8,214.46297089982545,0.7073278080391611,1
9,106.54367119617692,0,105.52875312125033,0.8860083683043486,0
116,33.90147752959388,3,132.65965256241,0.005996579568046456,1
9,101.38238159078558,2,244.1008112960247,0.43017889439903284,1
4,141.8092834755792,0,282.77617709052146,0.795237124394473,0
11,108.42767888772639,1,235.06276751202313,0.8119522957131747,0
33,28.00038040988503,5,82.44205365542719,0.44138444298022195,1
5,52.81098945494748,1,163.2431106316158,0.8479295363591047,0
3,159.03716600181872,0,290.68465920695064,0.8289515505258834,0
8,98.54912178628001,0,408.79989230747225,0.7625442704394118,0
3,151.82306793147922,0,209.6608540479432,1.0,0
6,121.60250891396528,0,295.2073367252992,0.6946498668374523,0
7,36.445950201064164,0,297.15399797196756,0.48009598591306396,0
9,137.1694964163938,0,60.0,0.6649556019685517,0
7,217.19818250668447,0,350.07707503843284,0.9817796442799555,0
6,65.40098208248844,1,157.94380984548067,0.7597517850542095,0
37,7.385556625286602,5,250.94439627520262,0.2833960476444884,1
114,16.870422465326577,0,186.69466392061787,0.08537492482457361,1
8,97.73330909200286,0,432.3211338255344,0.9727608986629943,0
31,21.808941860341914,9,218.1587909563071,0.5132009917271254,1
2,82.33091031826582,0,224.4393908630357,0.685508679814529,0
20,66.222177930851,3,310.0800072826365,0.4130038791248611,1
4,126.4706829849629,0,198.02506995678883,0.8529513875047524,0
133,19.438860176653986,3,113.10839936831975,0.08926444114897741,1
134,2.0,1,192.9647071421959,0.09309329099395003,1
7,88.6227169399686,1,228.57091687529916,0.9261015419371756,0
7,142.5265236812299,0,360.54083167582473,0.8958478188088312,0
4,139.2517922004844,0,264.2480872366681,0.8660070474713348,0
3,99.94825617220498,0,270.0297754121659,0.8414150388997297,0
6,115.54344205395863,0,251.18646027390398,1.0,0
43,6.078313897008812,9,231.85680444675117,0.436024133447076,1
6,87.78455640380253,0,287.85640305197916,0.764490546963423,0
57,17.28602209920259,1,121.42294244504806,0.0,1
9,51.91773445308031,0,263.91635047958124,0.7272778997875273,0
2,64.73565250183891,0,183.96987737644574,0.859521930079298,0
5,108.29721194753209,1,240.25689705960573,0.8858654147284534,0
4,114.6418909983341,0,193.94416645197555,0.9004420795243755,0
109,15.517786087456184,0,157.00891722336337,0.08014943025328682,1
3,121.70843501603285,0,288.4712476052937,0.8214535951679293,0
4,108.27346877512434,0,246.41875944316533,0.665838560014141,0
110,11.261640706662662,0,219.19893990013426,0.0998564939277998,1
6,96.0878316282066,0,219.98123742471023,1.0,0
3,246.32933710861852,0,239.99269763340385,1.0,0
112,11.892995527764567,1,141.16118419283782,0.14474202036695855,1
7,215.58751634487618,0,241.55395238547314,0.8433459064253362,0
4,61.14624587929797,3,237.11853868145033,1.0,0
11,59.848338540355556,1,125.00126132022562,0.43850876529218275,1
2,132.70276404175533,0,287.71306539150623,1.0,0
5,140.05258947881228,0,270.65892186061234,1.0,0
2,140.88250676388964,0,114.81063393335032,1.0,0
10,109.52841642967785,1,201.7218336757031,1.0,0
5,124.9609625824432,0,289.7156176804852,0.7998891993898655,0
1,159.79161433546284,0,413.435879180182,0.8093629241396154,0
19,74.00078518869365,2,137.88708980863115,0.24375109652139348,1
49,5.4536182894341385,3,112.2365280446039,0.026843410484335323,1
28,82.13452610067378,6,162.6303389329523,0.0,1
43,58.32233184429433,7,192.37776762262337,0.1786757907675619,1
124,22.355828442082583,0,270.73449041388653,0.07731641270835864,1
11,79.80986111933161,1,172.20720575490145,0.3226061629715831,1
7,184.71996422818367,1,323.5358827844033,0.9462738417075467,0
6,38.25702064860023,0,168.52023831908957,0.9313695979900574,0
7,165.4421100560734,0,314.77588529454744,1.0,0
36,45.200237390914126,8,167.09466156916687,0.13567699316042572,1
3,116.26173319810515,0,200.42424596402293,0.8658954816131472,0
3,161.4608093290023,0,362.809776548981,0.851296738055507,0
0,130.4147692197159,1,172.74068922494726,1.0,0
1,77.62508335028848,0,329.32970098790577,0.7334242816376347,0
4,98.80215181078971,0,328.6734550646012,0.6963471060234486,0
5,186.95360150857542,0,392.51941205152644,0.9989438355718793,0
4,93.49060765257533,0,371.2344266261643,0.8708852049133132,0
6,49.544889775789784,3,331.29306901648886,0.6386224439971765,1
31,74.5586950320363,16,150.35666128936955,0.048235336810342935,1
1,93.61775376989608,0,181.6072217403144,0.9137631362420298,0
1,90.04578267727211,0,208.92793929023105,1.0,0
3,105.55758145322828,0,330.8387775805496,0.9793566188026422,0
7,95.23166760506724,0,288.15266967085887,0.7937518602454582,0
13,95.91823113473825,2,148.60671168114933,0.11293899668239843,1
111,2.0,2,145.6621338051116,0.12843958562968782,1
5,118.87809597104973,0,139.1331728647139,1.0,0
124,20.182653568526405,2,49.85738755239193,0.11476606141102479,1
8,84.31940400484366,0,343.27504800573394,1.0,0
4,135.5033030199561,1,284.1921643298613,0.9663147858025096,0
5,95.77774014057682,4,196.81580714273383,0.41668267007712806,1
13,21.648541504685973,4,233.21979202573647,0.411735951595437,1
36,60.47104310785472,9,52.576507283348555,0.6271366829602464,1
2,131.5913280716402,0,64.3142224438779,0.8373273811577376,0
8,154.81031711290336,1,214.2597038846755,0.9944394845250785,0
2,109.80923912549882,1,263.48890853754386,0.868283473621732,0
15,93.56736365385039,3,305.3122371439838,0.6236737044678983,1
7,112.16196500949737,1,180.63284386336585,0.6987210836274199,0
6,94.75983016003039,0,292.47842994907734,0.959286436537572,0
8,106.871746084251,0,80.19408168991706,0.8822352440544127,0
2,170.36235604746815,0,251.4051829623056,0.7987713117525848,0
62,29.79402930399771,0,194.13524918260796,0.11743395811562611,1
7,112.75101335070785,0,282.48940907740325,1.0,0
3,134.5274339902642,1,195.3748625970562,0.6808993659122708,0
6,62.65592458401898,0,166.37492762185403,0.7422009482389462,0
127,24.542329997842,5,117.22931059911856,0.06529336222173009,1
9,60.48278197903505,0,215.20460530636166,0.8830675967337674,0
6,93.47997582658522,1,230.98423994581142,0.6946007881399443,0
7,103.6793116571108,0,368.43699738358373,1.0,0
46,24.625742709937608,8,151.9396183955411,0.5282704585079909,1
5,92.4625825515994,0,212.89613311227703,0.6624278372607626,0
5,137.97313975663312,0,200.37377996032734,0.8579378007976084,0
126,31.031681415353123,0,143.50693086498273,0.26595353344376277,1
5,145.33592177110197,0,316.3493053397363,0.7499180881670292,0
7,146.25575346367052,0,256.38610486964205,0.6182163593927739,0
13,8.0,2,170.2981215739763,0.19615896065957883,1
6,126.64957695401228,0,298.52859210198415,0.8475166076890043,0
6,148.4357039026852,1,146.37034802181327,0.8207209336851227,0
7,74.55435090847686,0,352.934758666555,0.8846698713128657,0
3,111.23339624495098,0,202.6837493228182,0.7715947459184497,0
34,34.68703602766132,9,190.53199750066437,0.2875089645203682,1
24,45.088845928577584,3,251.68003801901463,0.38651091015239075,1
3,82.0079338269198,7,164.4803599825423,0.9830502269282709,1
6,178.1446660879006,0,309.37810067068705,0.8687178977455247,0
5,147.63789295389483,0,275.2434160117888,0.801340195027111,0
3,138.50718932933614,1,206.60839921030083,0.8219537120264653,0
57,26.78286221202952,1,198.09625183753252,0.0,1
28,5.0,7,223.19530383172997,0.39905304429025734,1
2,98.06228199371523,0,237.12021713173004,1.0,0
5,171.88436286033735,0,288.16419371723225,0.8896108783989897,0
18,95.99962834043244,3,145.29988172097015,0.48295050768529946,1
9,142.74782395146775,0,238.43998440482005,1.0,0
7,174.9704490600296,0,245.5365697171067,0.7210203310431698,0
6,231.34895632419165,0,128.04025210798707,0.7625685396527302,0
7,106.87263194432086,0,327.4241345231089,0.7091963662454847,0
6,128.3853146906948,1,111.55624462771833,1.0,0
9,152.36072898884066,0,240.8315020036704,1.0,0
4,178.6301536000829,1,308.6402294358948,1.0,0
8,94.54509384374303,0,361.76298312083753,0.9723815807519394,0
7,221.09036858792018,0,316.3225212905775,0.8596314860186431,0
4,130.42177176640348,1,271.4830441154397,0.9119848992774702,0
3,93.68445490873167,1,120.05712222296125,0.991938299215906,0
2,90.5122276856699,1,314.363363663308,1.0,0
2,117.31331762289005,0,422.1142327064333,0.9221586807086379,0
113,12.670562498441056,2,43.757376707800006,0.17364264102451224,1
3,140.5028056312658,0,323.2712862184327,1.0,0
5,177.55151965339272,2,234.47586617269974,1.0,0
21,35.73855978645246,3,207.64046279111483,0.05604978004992916,1
5,128.86713326838756,2,231.70619030870145,0.7194931729470962,0
5,86.51331435442461,1,267.11267894744833,0.6600261203559773,0
4,160.7813800611177,0,286.1099156626642,1.0,0
6,89.90076057222353,0,375.6491310459779,0.8151983946870658,0
6,105.73556743526383,0,316.75326308915726,0.9747333933362482,0
4,92.70320065654721,0,261.855518632624,0.7966732501674555,0
3,150.48890708673798,2,155.8680273741532,0.9822406897739553,0
8,120.10643814172207,1,361.7478590177125,0.7473305451225026,0
4,138.88929943840486,0,258.4499028708348,0.8266213797122369,0
5,159.91475872414458,1,151.51271500375006,1.0,0
5,85.48295702435415,1,270.03990416929713,1.0,0
5,129.24108166101732,1,243.20267058779697,0.6907070914278686,0
4,146.57677324661898,0,247.05279791001513,0.9567130179254639,0
35,49.1635475127078,14,226.21792663184263,0.43389123814781183,1
7,72.00286479421159,0,279.30929134426196,0.7926816216132625,0
120,10.56494046544456,2,187.82788740962428,0.0,1
7,50.37727911448161,1,276.9772039702028,0.571926513964581,0
2,170.81465395375835,0,247.1301489573408,0.865010446498045,0
4,128.3122041817913,1,338.1583168095071,0.8097592757256115,0
9,125.71828637651706,2,288.33490648890654,0.6565640692409275,1
9,172.33914655033755,0,329.06819062565944,0.6664720954577239,0
13,125.88429430008125,2,340.0206037554044,0.17023298463532008,1
7,29.782183389244583,0,263.50900897373486,0.8015174802677739,0
67,43.17614852980376,2,211.27116631479893,0.0,1
4,111.34152503198591,0,188.55482627624056,0.8289024862317369,0
7,177.044014431816,0,262.2118001437803,0.9081547392896516,0
34,41.09933075410193,9,102.42174282709188,0.33649804109715553,1
6,123.22748545323273,1,139.7875965665752,1.0,0
9,106.41426614572076,0,383.41125157992434,0.8589050393084904,0
125,14.445922239941284,2,194.45345020514932,0.2392875369413664,1
5,188.6083262590186,0,172.14312033770057,1.0,0
11,128.46288260389403,0,133.38386336231233,0.8483083941967174,0
2,141.62579506148504,0,271.005072821544,1.0,0
6,75.20372949134425,0,256.03402263880884,0.9366839740263739,0
5,101.97588761014812,1,315.72223588308555,0.7259188910387736,1
4,173.08907344555436,0,303.7684624134555,0.955403071719827,0
8,70.6046810912624,2,60.0,0.33990378548706607,1
8,81.31319254875632,0,172.03738259050203,0.9060500543864457,0
5,118.06864045408629,2,282.39636481305496,0.6685543770514216,0
5,72.57907280016904,0,369.45611636389094,0.8538544117929981,0
5,114.11487202053324,0,288.0210835655805,1.0,0
9,93.85842966690323,3,236.9559641887476,0.5952376841370122,1
6,98.5012151005558,0,391.8942184282689,0.7948211727583863,0
6,94.67247508119108,0,168.92643655045651,0.647242534772844,0
2,150.5518568736013,1,210.4853292547811,1.0,0
123,2.0,2,147.88176539011266,0.20270990512184925,1
15,67.69148032342756,3,111.60617706751236,0.7202573571117984,1
48,7.072074753897556,1,215.73103544961248,0.19323599009592934,1
8,128.92763875552393,2,221.58855155876634,0.8622779136964742,0
118,16.0340203512515,2,78.17133693049786,0.0,1
6,105.190658794972,0,143.22550934503357,0.9144218738276451,0
6,76.24556697031596,0,185.1912974034137,0.7155180062281559,0
8,163.03144324422607,0,318.6323198943734,0.5800948553231916,0
7,10.0,3,197.706227872014,0.5978342378957547,1
4,42.14332989411618,0,123.97166333753577,0.648265364798469,0
4,60.06795055523229,0,214.08115164501822,0.8813457183099858,0
8,121.52017249681018,0,332.5813036579157,0.8761663252499795,0
4,145.51767693146488,1,164.75302462740606,0.8286445710364247,0
36,26.815701023936576,11,174.9849830043966,0.3208822874620043,1
6,99.34683768716933,0,318.36754580908035,0.7242228753608726,0
5,169.5731636437597,1,223.7840184490419,0.8473660177515164,0
2,169.25665157773253,0,203.69158873242444,0.6339833312241632,0
4,118.62876540407147,2,229.40387316497004,0.505521178552571,1
5,102.2062958446945,3,142.68452375389532,0.7910315182783548,1
15,60.76753750358898,3,337.15070870100254,0.11276892043772353,1
3,139.78174597235446,1,285.19906732558945,0.9935231752333047,0
4,135.407277334087,1,272.6890941725746,0.8002911605315565,0
9,148.51997803131715,0,87.25296839323427,0.9722599558100049,0
3,55.819675954942895,0,295.78228209697795,1.0,0
5,125.51573794262684,0,175.6681937582131,0.8704287867284882,0
2,101.04538053039587,1,297.3207096828152,0.939314658003009,0
1,111.79551345975231,0,269.48949279508594,0.9731252634016813,0
6,90.96179459676624,1,313.57187935742445,0.8783932599340895,0
6,131.33015132389414,0,173.32730784836696,0.7733211338115317,0
6,138.5900182657477,0,189.06201649988066,0.6381581149627213,0
6,144.2328489238921,0,287.0710298697967,0.8236193801476884,0
5,115.96599363520617,0,258.812454001105,0.5788159655263259,0
4,145.96089373679536,1,323.5883126799946,0.9441524225176189,0
6,132.90863161513644,0,232.3628317658677,0.5600665009889731,0
42,62.55913451728127,6,280.8192865517165,0.594744561859194,1
5,95.58603395240631,1,181.49878572769302,1.0,0
37,49.12470588991977,11,231.85415527117837,0.4640091931936735,1
143,9.625432063541236,1,107.77342029483864,0.19511540435686447,1
4,110.98898186289422,0,146.13682695012247,0.8789390345595274,0
113,8.781722935840067,4,241.10957680900992,0.16588275860088017,1
3,113.30435103496526,0,134.35420155240098,0.7775365679529649,0
5,149.75585870179404,1,175.94071033053874,0.9878041580024062,0
46,33.867333588362975,9,149.06172896519658,0.3491546947234848,1
20,36.876695563049836,2,207.74333958969018,0.16183175118065726,1
4,91.78420442943543,0,165.87378711254502,0.887518161780491,0
4,48.26394717219726,0,270.0206747117255,0.8926416293442082,0
6,122.41155537339635,0,262.26165421359434,0.7187232864093037,0
16,94.43849594944412,2,420.17766303512934,0.11605686896536414,1
7,154.54076918400435,0,164.02426543253853,1.0,0
42,10.884380816938124,8,171.30087477793842,0.2571701582269198,1
5,200.10333222119746,0,233.19188958824566,0.7792917730903505,0
73,24.103090262049033,2,210.30615326485866,0.2107512619776285,1
8,119.98908268505913,3,196.04229184661133,0.4232286183553018,1
17,57.298583989609696,3,202.85097248346503,0.35517530710264406,1
6,204.71907227238083,0,177.98914587387773,0.9262302152959934,0
7,62.48077127361971,0,361.8800641619848,0.6125425326726263,0
7,105.43631156922397,0,400.4596444905955,0.9622645941229279,0
1,105.70249313827573,0,242.51710761525547,0.9110922392241212,0
31,5.0,10,289.54956060057003,0.23579062027290482,1
4,167.67031453789886,0,111.88914382260992,0.9436183135259221,0
4,147.8611883765809,1,322.52424201099916,1.0,0
122,16.16598206512578,3,157.22929245800114,0.12336438924100701,1
11,64.09251739317271,5,365.6306055212818,0.49264379874030473,1
39,25.516465618492752,5,252.06460275351185,0.28515650661452085,1
4,106.682102677235,1,263.3045141240855,0.5466149986230627,0
2,160.16436946334784,0,215.4209118451192,0.9055860280738444,0
2,141.4456426694542,0,253.8732422002714,0.9401129526465065,0
4,144.02022215777222,0,224.71385600258375,1.0,0
2,122.46918968197613,0,271.47507279662,0.741435810998835,0
34,30.858265634547198,9,101.61807788562336,0.15997234074142977,1
4,130.10562513544005,0,123.02904252876226,1.0,0
3,62.324320395770954,0,181.15436140869673,0.8876864076824066,0
2,83.56190370834807,0,205.31107221709158,0.7866549393032095,0
14,83.00471017246242,1,222.87268901851533,0.566126118288701,1
6,104.21529390533266,1,139.15439664100012,0.6778375115821202,0
9,81.04235688685921,1,121.22475787475368,0.4832146615666184,1
7,169.42401522964036,0,249.31764939047616,0.6878150511595514,0
4,103.19571186160334,0,272.54034950887274,1.0,0
4,85.00067859221312,1,219.93256073564436,0.6401508734951902,0
7,92.08842727778843,0,182.10780086328978,0.8840177283529093,0
9,142.24357552313117,0,207.83894629624797,0.809225751432912,0
5,104.41319715347939,0,249.60356716212763,1.0,0
3,10.0,1,305.5010266574228,0.8399565878882302,0
63,12.137601954640962,0,176.53821231081034,0.0,1
3,167.06130204367275,0,250.32040836165967,1.0,0
16,86.63105519954352,6,286.11004394730776,0.12472148636218616,1
4,103.18501744862125,0,257.53335140629287,0.9822770917067295,0
5,84.63062977407345,0,211.11672896780703,1.0,0
3,112.90274965332539,0,126.19027554256564,0.8367141498934687,0
6,77.7479935011275,0,122.62850634339203,0.7912351416967328,0
10,123.50309686914541,4,197.77728834644577,0.4503833068723973,1
7,104.70725203906164,2,241.47804147023396,0.7526061367020683,0
4,39.50077859824526,0,240.09155058493633,1.0,0
7,147.96182339595617,0,226.2673329335148,0.8819338705002747,0
15,113.59865544940021,1,231.13629857096947,0.2883287526921618,1
9,61.33691613113625,0,325.67951682211054,0.841570741911152,0
4,124.29779630966226,1,310.9368228051318,0.9840209910610496,0
116,26.09054808815229,1,86.54398648007876,0.060783229461991044,1
6,95.38249716741353,0,331.37349500837445,0.9406558622250354,0
2,103.31084764347571,0,245.77799907946792,0.6001872698455777,0
7,153.22527600906744,0,207.50721247396467,0.9094154995784136,0
9,165.00706802861214,0,212.71967321088184,0.5778277461630458,0
53,15.915691490846662,4,149.11513175560052,0.0,1
2,124.41168711375755,2,378.3932614124656,0.6860565799015861,0
6,166.1807517537954,0,63.401742480290935,0.9128580552755529,0
7,30.2755200695948,0,175.77280717782014,1.0,0
141,7.2037600409680085,1,130.7647571070548,0.12393989203178203,1
3,143.67939197449556,0,186.17766622182674,0.7968861385166529,0
7,152.50621157741116,0,247.78086237769907,0.8470615844695255,0
3,99.18987698061532,0,292.2632616741829,0.9737429557483752,0
26,76.51343372383073,5,152.40077816168917,0.223900344765183,1
3,167.44572166712348,1,277.11962826150824,0.6783521265038578,0
3,56.057178588167076,1,176.58590209907177,0.8449820396292563,0
111,26.059012281711908,1,188.44207699187413,0.030578205073296373,1
7,124.8266688454219,0,264.51567794489273,0.8050988844381296,0
4,53.05713008684557,1,180.37128160357676,0.7873267909870761,0
6,158.4669584618065,1,182.65835838940077,0.9050403393831702,0
4,104.70285588167914,1,274.90227069626013,0.5833221983189812,0
5,84.90881660260358,1,147.47967322536775,0.5713738127029997,0
16,114.36523131360431,1,109.57439317119655,0.33669976272484603,1
40,18.638086906908296,6,257.8183302382394,0.3649676641952326,1
1,99.09562515124786,0,114.36755520276981,1.0,0
16,20.55702673605046,1,258.78921368430713,0.624580948635437,1
5,137.42632841982112,0,237.8359273110425,0.805188059181205,0
3,93.5184110279846,0,393.1971664403149,1.0,0
54,2.0376541803419395,1,167.83280644988156,0.02402525703970933,1
34,45.20892174599662,7,196.49855544468045,0.3882007183501117,1
9,106.52701851690425,0,230.38941078446874,0.8397676762738489,0
2,46.296483957835484,0,314.06370126019436,0.824351588559023,0
5,87.3917206656801,0,372.884514194548,1.0,0
14,33.74322760087099,4,212.6759692251037,0.14926043547481815,1
3,166.31169614496585,1,233.26974126930597,0.9307007465498748,0
9,200.0441232612695,0,178.54059230677635,0.8646825100013346,0
4,154.17491273247862,1,283.17962704182656,0.9127923361125274,0
36,59.91415098964715,9,238.4144924748637,0.6271927743805124,1
4,89.02274039512338,0,219.34408342998347,0.760927042808844,0
4,188.54626141686688,0,296.1608890496929,0.9275625274156144,0
5,129.27337658171058,0,225.9347059913219,1.0,0
7,117.00152742610312,0,250.70185472638914,0.9090898711867141,0
4,136.25700399750673,0,298.21637548937224,0.6263185243555173,0
4,92.63476795532604,0,199.10034242230125,0.691675287376187,0
2,133.64168975074944,0,239.22954930823062,0.9709016658089795,0
11,94.75139080531592,8,165.99302334429717,0.5559103681456659,1
27,61.37280970215396,5,160.41446769656207,0.2605203434927887,1
9,119.4634275459617,1,223.7184161568804,1.0,0
6,116.5245670720485,1,251.27123933906626,0.8714797276063116,0
3,139.35586214987387,1,294.2313456065715,0.7095720206095818,0
16,72.70312811267706,9,290.02812453260515,0.41315401079794134,1
2,120.1340637081024,0,237.1028328408193,0.7652596813972888,0
2,127.09537118118531,0,260.6601904578649,1.0,0
5,52.93639126576069,0,171.9953190194642,0.5816984086474472,0
19,103.87941134231897,2,272.55997150613,0.1669681615911932,1
5,93.3636381150515,0,191.8192273507794,0.8489306072530487,0
125,22.300069122464315,2,132.410858334081,0.04663818107345002,1
5,124.93165130806545,0,330.75528059161314,1.0,0
5,92.55250103661777,1,168.18990386046679,0.8272557502896978,0
3,154.6956251464085,0,110.61953535392641,0.482268826909993,0
29,25.777877071450966,5,134.45311209828654,0.1730291517197926,1
8,26.78883400046125,1,289.85491502123125,0.8385180950781916,0
7,138.97197381095614,1,253.38046696710478,0.6168307912946529,0
10,190.7053139455318,0,169.91072854726096,0.7865261860616933,0
8,65.75980141699765,1,197.07182779900458,0.6232696149462544,1
23,32.90806794745206,7,278.7810301238346,0.7016497880156926,1
8,53.305654736416514,0,272.3508222150296,0.7230266987533961,0
7,192.81525691657535,0,355.7830418919183,0.8764533241707624,0
69,7.208098293049062,0,246.99794757880082,0.0,1
5,122.43870677401321,0,179.41638825299802,0.7458060847498448,0
8,143.83274663177966,1,318.3854371956905,1.0,0
37,39.0696049428105,8,115.10041842470744,0.3932053622226693,1
7,103.83873464482117,0,177.20973386635933,0.7982194648419336,0
17,39.8399656218827,3,229.41581246476485,0.20077051538548601,1
4,88.7755588464163,0,227.29576808775494,1.0,0
9,117.06622765156678,1,72.89621100324806,0.6482590772138141,0
4,132.79375449540453,1,191.60366669098534,0.8253535052205733,0
3,201.66468412132963,0,111.16099544908192,1.0,0
37,51.24970636777407,15,119.81731612479813,0.582673328067184,1
18,62.31535422805987,4,189.19514364662544,0.355917557886822,1
4,150.1598313355674,0,193.40373200067887,0.9730411870557824,0
4,43.482824127856944,0,380.99310599275435,0.7726937831443433,0
2,73.89156761852863,0,198.41664389386096,0.5188157503201977,0
3,161.95561336042095,0,332.3560060305931,0.9589675771190227,0
3,73.96928768669464,0,148.22694798667578,1.0,0
3,79.70053060807494,0,440.6593151439999,1.0,0
9,79.01621166130661,0,282.52972833210015,0.7483260245655029,0
15,45.20707133697701,3,219.68504926415315,0.20673504097429626,1
5,49.205897282352595,0,157.1521432186792,0.800439928669145,0
2,122.48717506264278,0,62.00727206215731,1.0,0
7,68.44443362981868,0,314.15549359593064,0.5479806798376933,0
1,105.32076572706407,0,212.07373706669821,0.7635989821346257,0
1,110.14797838818613,0,246.77584970302033,0.6911266719420203,0
127,21.33223534674159,4,207.61365982981482,0.08673660954204326,1
2,156.555716203186,0,335.2527478445415,1.0,0
6,77.53009479757198,0,305.5427711913072,0.8996333261421073,0
15,62.46567341767218,4,253.00312003025888,0.3662438123754365,1
7,107.8160713621612,0,345.93707839925764,0.7138067949800964,0
40,53.49633254485243,8,324.46409308278965,0.6482370592488447,1
2,114.28913015627336,1,216.8063124297697,0.8516913571765014,0
17,52.69661394832581,3,197.4477030753117,0.4413242330760828,1
4,50.97008611595995,0,231.24516857285298,0.70264687252956,0
5,71.94746004123863,0,164.72594451132423,0.853177212451286,0
3,163.15804797269462,1,265.3032988721865,0.9624645088145017,0
133,11.359778637370011,2,152.51806332972657,0.13953608353942457,1
4,131.67177084289045,0,287.3678163972978,0.7207368657877761,0
19,79.55788906442005,4,265.4991150823564,0.20596132408811046,1
4,129.13807945684957,0,264.7051562697663,1.0,0
2,91.81321452747912,0,317.98544786690985,0.8119655864503108,0
2,52.53750624921289,1,268.7162611362669,0.8230457403274204,0
3,127.00012597438779,0,158.27908680708728,0.8072084582952945,0
7,147.69856124987587,6,367.38527166082633,0.7886823525719461,1
6,189.12456126658273,0,224.18379632888482,0.8309969330235962,0
7,13.525290199474966,1,242.527975203459,0.5837843655579542,0
107,7.933479425927481,2,250.8888024703462,0.05543256214673667,1
5,102.23165812278569,0,451.14474881623846,0.7760647052882953,0
4,150.80495943026682,0,240.58224041624618,0.8058223900763839,0
4,206.22252133131843,0,243.80132887128798,0.7566131783160949,0
10,94.20077778828457,2,170.18666090778527,0.5035885610914153,1
8,47.46194109904313,1,287.8822043617424,0.9304908467378649,0
4,73.28759312474543,0,369.9453562126256,0.8317509561831393,0
5,49.860687700043115,1,373.2685618060638,1.0,0
1,120.61292725412157,0,224.19253976548237,0.712060517292335,0
8,106.23207450987077,0,281.35204225498666,1.0,0
40,46.24661829674469,5,258.0189382853034,0.3058846299769646,1
79,19.60983448397631,3,213.12780169083027,0.1737341210140016,1
6,38.07654471620505,3,350.63588595952007,0.5743202006501055,1
7,46.83839072716125,0,277.2796695121661,0.7709124991847297,0
8,156.26227312347402,1,218.7955926519505,0.9305037814117358,0
7,144.07481332245302,2,135.8227581900495,1.0,0
60,10.58421545919138,2,226.47402954438263,0.020815724195784983,1
35,21.205865460422263,7,174.1721939549459,0.0,1
6,137.23120131067154,2,279.71921346893555,1.0,0
20,70.72991246388314,5,328.4325287936353,0.5428868386175671,1
7,166.60754047651523,0,279.34393520432474,0.9004760145601278,0
8,189.14229271832747,1,311.4221314147239,0.8305554542457741,0
6,99.16156245079524,0,293.872571219391,0.8770124698959022,0
6,64.09215112435793,1,186.74024354981287,1.0,0
34,76.43271032849091,6,216.04051218231686,0.49175392628936054,1
26,102.6521725356561,2,243.5705692963014,0.45552324881412215,1
8,88.9650873419481,1,270.0539629470113,0.6586020026527604,0
31,59.86371567812595,5,113.2057370263327,0.5226302053576732,1
4,155.0407447166089,0,350.05544731553846,0.8942317496033861,0
6,85.1103481050236,0,286.519553878838,1.0,0
7,113.53132862294011,0,236.9501459917147,0.6809261285091083,0
18,52.65695336595903,5,212.47020662687186,0.6058623737438599,1
2,126.78977742084751,0,343.9681077576566,0.7290152104185359,0
4,100.74808367334151,0,315.02072305144515,0.7421355812154745,0
4,97.9885433843213,1,297.5422575912206,1.0,0
8,110.16734720488941,1,250.40216865053597,0.8889893396625282,0
3,119.28454424117857,0,353.686947589247,0.6937740354753701,0
34,22.543121810982225,6,251.60771561479993,0.2869569925961432,1
6,130.51748248640627,2,254.087761288111,0.7223084382711279,0
5,124.43102876434727,1,407.3671559522252,0.8369182465748985,0
7,154.99521124018196,0,258.67284792092045,0.9614252917518371,0
6,72.71466758516029,0,274.0655804087784,1.0,0
130,5.539625122330501,4,118.71181481452918,0.08308692378171492,1
5,112.68368598043595,1,243.5238075900049,0.7791932764329209,0
7,138.54289552991773,1,307.43696866630665,0.9200798085807141,0
6,158.97730831209944,0,138.67642249272467,1.0,0
42,5.0,10,134.065356904727,0.2821746743570223,1
103,6.119429175619457,0,214.0005836463117,0.11527386025549619,1
14,113.74205488897563,3,299.5089762693339,0.19719510455558964,1
19,42.80915975965689,4,145.08870072888297,0.4271513214293327,1
4,113.71352991784447,0,172.55002290732332,0.4783077762593746,0
35,22.683237335766986,2,239.9765327829456,0.260339084522095,1
4,118.98332506739754,1,302.89458027210117,0.9348178392413669,0
4,111.20219424203388,1,244.21380400012427,0.9115114671660453,0
4,160.67500000754208,0,226.41490593410884,1.0,0
5,50.6302671152594,0,351.2011815174138,0.8673877433337536,0
4,91.93541795393858,0,237.74764859525973,0.977966884195352,0
104,28.567302956721402,1,236.5372947625463,0.154897469060689,1
5,123.94146250794117,0,340.5078872380704,0.9945245130144422,0
105,2.0,1,181.52301697107126,0.08312938766628164,1
21,11.64698941445341,6,109.57096007474631,0.4464194280786861,1
5,157.70577633996035,1,339.7929525492043,0.8847064072144519,0
5,161.92503053974087,0,264.0168847597575,1.0,0
5,150.4769660237164,0,254.3329965056185,1.0,0
5,104.53566523361978,0,217.544732627757,0.9514854669682271,0
8,100.38197593531673,0,224.37549413398312,1.0,0
5,115.28161810348753,0,250.77540826473404,1.0,0
18,67.90870685606582,4,203.65591354081846,0.1563495919309378,1
13,124.54056766814698,6,299.84387329224126,0.12254002182474921,1
6,144.41080463222448,0,272.9061228630316,0.6973576669259348,0
4,139.76985890435446,0,358.0943603965182,1.0,0
5,105.9902561475161,1,213.27798545499726,0.9339695778622683,0
6,131.07799203099725,0,276.0547958729062,0.8662156924787603,0
5,156.4555303165744,0,248.21457586066174,0.8263794457638456,0
3,71.95305027492296,0,256.7453972897538,0.9673894792076707,0
15,8.0,3,188.42809446461666,0.1882450680838622,1
7,109.78697578577015,0,148.2561744187565,1.0,0
5,110.93090350748298,0,254.1603522480207,0.5800157625418495,0
8,132.8562628355672,3,163.09560709829415,0.6965686732863621,1
39,24.14062098715282,11,169.45913343329198,0.0,1
2,199.177216185279,0,264.262064188204,0.64523805596567,0
3,155.61525478111616,0,170.59885321720438,0.8049915631957099,0
4,145.10236897082828,0,126.75243754141147,1.0,0
4,91.02885253007173,0,383.6172183010076,0.6746299766232006,0
37,5.0,9,150.88778967843712,0.42451493615776137,1
10,167.80610040521327,0,183.76528248201555,0.8847139923484011,0
6,129.60897862596246,0,181.2361676815212,0.8067375933869508,0
40,47.31890391278126,6,137.96542717376977,0.15037232912609524,1
4,200.31326622396818,1,300.9410335817291,0.8473375526262901,0
1,183.31612032104786,0,103.88834445422063,0.8627931426156954,0
5,69.47643956467337,2,223.90750605462367,1.0,0
5,104.60581224503153,0,345.49259186929896,0.914643721015064,0
54,33.32699962340754,1,43.61883988822417,0.0817887260722849,1
7,100.2438376061794,0,306.3287885055151,1.0,0
5,178.74311313871883,1,60.0,1.0,0
2,140.1582255957926,0,311.9162952548894,1.0,0
127,4.650717540018425,4,65.13850471683901,0.18720789876431582,1
3,117.7458062511122,0,226.8435282638101,1.0,0
4,144.58460701645282,0,227.91243045553358,1.0,0
19,82.03691919330564,0,255.10416873658048,0.0,1
45,20.16888137422992,1,103.88692410491876,0.31859951429291394,1
48,34.98319506877004,0,195.72207381934948,0.0,1
3,92.15577605668373,0,244.23189323554578,0.8205522241552987,0
4,98.66995150722856,0,290.2980233654194,0.7374538010647572,0
6,178.53630187894566,0,345.5355960176124,0.9672595371014415,0
42,21.343629964285512,6,92.85377695326828,0.16339138592967248,1
4,107.70696883009433,0,215.81259534829863,1.0,0
2,112.38645280595685,0,255.31799127517274,0.9493014608022318,0
23,71.26002686164234,9,318.9009637340437,0.444660632872796,1
3,169.91180533297342,0,179.6553075380082,0.942556693507334,0
2,129.0668219511215,0,205.34748369279254,0.8684521756030902,0
4,216.6613791349357,0,244.96729933920986,0.8346030308629049,0
5,132.21463920319067,0,383.86934118300616,1.0,0
117,22.740526753846495,0,218.89012557158853,0.037235442977041976,1
7,143.49517057326526,0,206.10787813212565,0.8605950703215429,0
1,87.0056383655287,0,60.0,0.9374805567376393,0
58,27.602748501253547,0,124.38682976459806,0.0064274871174177005,1
4,162.2600961486014,0,244.63849598122755,1.0,0
23,42.31481070397947,6,87.16813363450213,0.5288822406192318,1
2,89.3083688263845,0,269.18993752896984,0.9926021060400497,0
3,81.92312447950177,0,253.62644011520786,0.6454799211514336,0
7,131.249830211682,0,250.55391319314157,0.8166556304521296,0
19,71.23675269776963,8,139.85140257082847,0.405629432080294,1
5,59.718043327227804,0,308.82426233671043,0.7581810422163779,0
4,149.77106675104926,1,108.76129900188445,0.8159773086132136,0
15,34.638060768692824,1,234.63695162302207,0.6921229698102412,1
37,68.3667744636732,5,145.01931272294016,0.44327400328562694,1
125,24.05520651767538,1,91.11263506882408,0.34732841731251984,1
5,113.41922742152114,1,116.1457034926447,0.8507178650693112,0
4,64.72102104927276,0,185.00740495846193,0.9739347965118135,0
8,118.5334209898483,0,255.02064587353826,0.8485651187125169,0
72,2.0,1,146.3212751956355,0.12386348809189329,1
8,137.46710140704172,0,352.95309453431133,0.8011902193364024,0
22,42.78800179461752,6,181.80047206229352,0.10448490123720569,1
107,14.875236245192205,2,164.53992254139814,0.0778772878847445,1
6,129.60841307652112,0,254.9474083805005,0.7721877842038677,0
9,139.5671370286921,0,332.94135693638634,0.7249394472318689,0
124,23.02211632067296,2,230.32806930464466,0.20102319246756867,1
5,96.94493819692158,0,259.3973024444286,0.9570272308968062,0
43,7.974845801924483,7,321.6385304449159,0.4048843949054581,1
23,54.181733765737505,4,323.95506029217245,0.4006175540652339,1
16,139.20722468130975,3,273.29781077308877,0.3594972862692029,1
5,161.67966524998886,0,212.31202707229096,1.0,0
6,148.2786051763682,0,234.05826337585592,0.7394597297472246,0
6,120.57347786368328,0,235.32940768717944,0.44945797216942224,0
6,148.06928592532267,0,199.45831710163125,0.8242651649879544,0
8,191.9154759620842,1,164.00075182168413,0.9464090943196395,0
22,68.49557351436648,2,224.58262819749396,0.34341062563937647,1
7,168.7294771822695,1,311.93772958958124,0.8007172530771104,0
12,80.6967379216423,0,224.91672716204835,0.5441440276859292,1
6,78.62002443447314,0,318.89927748788114,0.795563218023513,0
30,26.525099349503023,5,158.09296187905298,0.4115161235736335,1
4,147.05053879558045,0,164.11184659079086,0.977245480580596,0
5,183.63507626619972,0,160.41796266543759,0.7563754257493412,0
15,77.79693584905009,2,205.58916974615994,0.43220435404368424,1
5,138.40610392535294,0,176.8943386324329,0.8543512926212858,0
7,141.5095159740807,1,296.35191649000734,0.5151332153473563,0
4,81.67700490745787,0,175.25606639993336,0.7873960118090647,0
4,167.63840625854516,0,127.31255241026192,0.8777544108704995,0
7,100.15725050169128,0,353.6235126335776,0.7249673131014562,0
5,76.35554604014189,0,333.00679415615656,0.7421103977214871,0
4,101.47708080592426,1,311.2749965377667,0.7744781658484312,0
1,97.4577576239283,0,292.0613989934724,0.7821548133921313,0
8,122.35323821227195,1,285.9040110132692,1.0,0
4,148.4923408707049,0,241.0591545429134,0.832723278684591,0
9,145.72759296251633,1,315.157612266168,1.0,0
5,176.4981206762591,0,217.63553105071978,0.9450741675995101,0
17,8.0,1,118.53195016549053,0.22931580561721238,1
123,14.800125598000673,2,226.19481489631778,0.026586965718957536,1
53,44.667693521250534,3,205.27094833883413,0.3230644406258546,1
4,95.24517887320367,0,357.4113427880053,0.9400057339893437,0
6,95.45346841615245,0,131.35981194829736,1.0,0
1,128.82841667746098,0,262.88557978907454,0.7595358154115821,0
4,54.14377722035318,0,176.2904551160196,0.6840841143564815,0
4,54.369030663091905,0,148.19798063315028,1.0,0
127,12.011722769029822,2,161.9572965177607,0.12707425405390763,1
43,14.683529314344588,6,243.41627584010246,0.2884534697658869,1
0,125.74778931098844,1,242.41146902261065,0.7840961555220032,0
6,67.92183598892747,0,245.68589700064442,0.6958115749803112,0
4,59.91939429796006,1,130.57580323924458,0.5436510821134762,0
116,2.0,1,167.50420243351144,0.06135055650705289,1
4,149.96338827289136,1,283.65194950167,0.8418858314320566,0
4,133.70546257424124,0,172.29622317349111,0.9688381755004865,0
8,135.2788959829937,1,369.8046033467398,1.0,0
4,91.86941417629839,0,413.3075636800357,0.5892838751620373,0
6,118.45608058869617,0,181.32861681518108,0.8767016668622941,0
126,6.601783435169768,2,171.76179121481402,0.12990266479271825,1
33,96.14778408983734,14,158.42385899452904,0.2433585628890416,1
5,112.42372777508923,0,342.82225291208147,0.6961295239147754,0
5,140.12606715569385,0,237.6145466337741,0.9535816523327618,0
8,177.08237615801306,0,287.08391087742194,1.0,0
127,10.886730252523414,4,96.22832799099547,0.1952354957429624,1
8,29.26493643675906,0,294.309464134123,0.8996909626907209,0
9,45.558001082979665,3,151.12703303224214,0.48866031432066426,1
61,34.57729178946936,0,136.96324690736614,0.0,1
4,71.46469623225,0,369.6561971284406,0.7280667031049877,0
3,64.85540492029418,0,221.5232834580087,0.9713927860092104,0
7,75.37866265432193,0,348.4592765908161,0.8559747026581089,0
15,45.83200312587724,3,292.0769788221839,0.12819133494287513,1
6,171.74637674443346,1,165.64264012859513,0.8351577551516585,0
34,5.896405118191753,13,187.77071613473095,0.6278098350366901,1
6,61.93666935498125,1,231.78177570588318,0.9750816606436317,0
5,120.67487246223072,0,329.1699892525646,0.6619017918667418,0
3,122.30321796426328,1,249.91746102482654,1.0,0
7,111.27860538966324,0,229.69882401666004,0.8286598408718016,0
7,90.01711600423955,0,293.3909245537065,0.7821408919628268,0
19,25.72021200639031,9,340.9635301876928,0.3052500056125416,1
57,32.8814634572928,0,175.6754129321824,0.1829332243972605,1
134,2.0543408603564117,3,269.93360832808236,0.028969039936645614,1
4,62.4002520772817,0,220.0682074127133,0.8616481133121224,0
10,120.8481652402881,1,263.0132804203914,0.8921451871327776,1
6,182.77830244843938,1,295.7009295584219,0.9341604953781569,0
2,101.27456799149509,1,279.4737739912273,1.0,0
7,115.27865599553911,1,214.78063596963955,0.7808958398839232,0
8,115.8735710551377,0,283.4257488930773,0.9892002662985999,0
6,100.42044808117612,0,314.2385865955643,0.7170140037755287,0
12,88.04328467081824,0,233.60263720821675,0.602661509125769,0
9,120.03073968288699,0,191.73710472712438,0.5724253524821519,0
4,113.9432426054163,0,191.69479974988036,0.831436091949604,0
6,99.3517038296279,0,354.72309072350777,0.9055037368156758,0
8,74.96303249536939,1,338.0060662194889,1.0,0
4,126.2421389174973,1,267.7312650253955,1.0,0
56,41.78222534852198,0,155.83183403836094,0.03806984279545411,1
6,153.60873584066783,0,277.26681500976343,0.9598164276408515,0
6,114.66669058140043,1,244.18771100910658,0.6311963091324143,0
4,152.9576269976752,0,310.08619424871097,1.0,0
57,16.061258130986545,0,176.00877019941146,0.11183172773594012,1
33,6.164559555161661,11,202.10268385964332,0.36510894075134975,1
14,60.77283358568527,5,284.66484653259175,0.30018696278699575,1
3,105.64930134074419,0,263.05837550177733,0.8444986780529526,0
7,87.69819665256168,0,253.79290846421915,0.8305602071563575,0
4,126.06979282876111,0,328.96318171873014,1.0,0
132,25.39767005408589,0,185.92176594075983,0.07489743747117439,1
7,131.16199211471502,0,136.3463773751201,1.0,0
5,98.19397438762178,1,60.0,1.0,0
2,128.2242945163494,0,244.6786991705934,0.8410076055197938,0
122,22.7801525093809,3,172.88437944596612,0.13481269999317536,1
36,41.905581202324875,6,213.66656405907815,0.3671680204868705,1
5,81.16804417750616,0,252.32522873732765,0.7343764517247844,0
6,80.64042922299579,1,286.0483842834975,0.9962149048362465,0
7,11.54719426990372,1,172.15168551742525,0.7944266233930174,1
123,23.65833158200314,0,187.713688842999,0.0551939682332129,1
68,12.411580381053785,1,218.15609732385218,0.04284563107608652,1
5,138.35565392007553,1,69.53651224538223,1.0,0
10,124.95004380981962,0,254.63015143020772,0.8193696445951123,0
26,5.0,9,232.6799583586906,0.6254746635655258,1
11,94.5779063854675,0,365.8423557534558,0.935870870764529,0
6,113.15707105637519,0,344.6301531341062,0.6554511983128909,0
6,191.4464386462747,1,293.44004601866783,0.9037257750939409,0
4,201.31754370984532,0,81.7372234445632,0.6579359650401397,0
20,102.8858982715554,4,232.36219947917843,0.44133888158665874,1
4,100.33852458160499,0,179.07757636193827,0.714158853831115,0
5,77.26446160235838,1,227.0669885065263,0.9082776118215844,0
3,75.39045469594856,0,250.68760784339756,0.5430637253718309,0
4,176.11047426154641,0,121.77158841156258,0.6151318544823252,0
5,174.01029889444172,1,268.6623769252626,0.9567636905648764,0
120,12.134288557485625,1,78.26007432528677,0.0,1
5,119.27413272276728,0,107.00189305063915,1.0,0
4,151.7947502711207,0,166.53132348270879,0.8670489432353387,0
2,84.14115971053066,1,247.46332878835008,1.0,0
2,183.3299959129611,0,411.9714383068402,0.932413607337071,0
7,80.5991889818813,0,270.230288750933,0.9567477534658737,0
7,144.12463257444674,0,246.10016289889776,0.9867633394790717,0
5,166.30894038321665,1,251.46831917532535,0.826665009109151,0
12,125.8935265535331,1,228.89868387857385,1.0,1
5,114.0833715341813,0,87.59628567744696,0.6595799140414872,0
2,152.1771166553492,0,312.3546913183906,1.0,0
4,129.79938610893547,0,242.0660993425151,0.6116538415565422,0
133,17.06849423715466,0,129.2467577941968,0.04562414438727145,1
5,152.08594076697278,0,189.62101386610075,0.7745180465807486,0
5,74.42864746576967,0,239.39209818352873,0.6994680789525095,0
11,130.30739077526223,5,102.74432324022322,0.6398428697504568,1
18,52.05879599393337,0,280.8416634972979,0.23855064266316883,1
4,57.23117811604695,1,397.75173449696786,1.0,0
10,176.20916698640528,0,168.22847042659453,0.9990297644937846,0
19,62.49080924149762,5,112.82896241033701,0.315478532744629,1
8,61.27859012080553,0,167.20327563499262,1.0,0
4,63.90973637798687,0,352.0164444976997,0.9627113734045345,0
5,166.36862669467808,0,241.69113437961173,0.9036079346276839,0
5,121.55598875248782,2,314.17149324482335,0.7417067644379264,0
7,104.32653348170935,0,438.36154916628465,1.0,0
12,192.7844720769465,2,207.8662170842815,0.7587096131222358,0
4,122.154895133495,0,317.54617562044774,0.6643853208389772,0
5,181.60166178700814,0,304.2340187991115,0.7614792540196872,0
2,97.96987275788995,0,194.70280673614025,0.9253789177161522,0
2,162.50999236458154,0,190.76685525865886,0.9120878150873979,0
37,39.421049142758626,10,249.5299202880486,0.20392206182273437,1
43,9.392526130104935,1,174.55535733726,0.0,1
4,110.43313217916007,1,217.31355018066634,0.7524876952120314,0
45,58.978261066916076,2,77.97009079160347,0.47413594147489646,1
3,138.36235646324064,0,173.8180997578888,0.9611429793694178,0
35,46.841610471640294,6,119.01794315276148,0.2554013724681753,1
8,123.04635905217019,0,169.09831908183716,0.8335514767487557,0
4,162.41771825793924,1,248.2270750654357,1.0,0
7,142.0422829508466,1,257.24514289055514,0.4264357059879719,1
148,10.472702284353327,4,120.2828755129007,0.36093878959695624,1
5,190.59120812568867,0,280.23578321620147,0.8440768025830468,0
39,66.57979949436434,4,337.0475760307969,0.4770660295568172,1
9,108.4357456179519,1,272.89110752473306,0.7003569108029738,1
60,2.0,1,106.99041812267905,0.2074035346205256,1
5,147.90445099087742,0,85.77247377942993,0.8332757608699443,0
4,137.2659801265171,0,76.31097523621087,0.7123479517346906,0
2,48.86068080154611,0,219.22726771649587,0.9040801206187443,0
5,60.586683043734666,0,363.3626165172474,0.7205981772213794,0
65,13.094720409959598,2,236.50534531258268,0.04097814246045732,1
69,7.298049643854579,1,265.12826642103016,0.033623606648055596,1
5,156.61598725081834,1,315.0260211593959,0.9266311791271274,0
10,161.01620138952669,0,250.32061566619234,0.7376202945218003,0
21,74.414432838409,4,204.78167502991124,0.07566608752765767,1
4,121.52053883396074,0,296.53847203078163,0.5457400149301667,0
5,105.42937532505483,0,268.56883215902656,0.6896870036183719,0
35,19.854223324370967,6,345.9055471416972,0.5313053533999088,1
5,106.79241947765489,0,171.29585233507504,0.9739405315064774,0
108,23.88416528797296,1,87.97543277694314,0.0,1
7,151.68723912149906,0,194.88903620979684,1.0,0
10,117.76560531107248,0,210.08126777480928,0.7226577222212307,0
3,139.2650025995467,0,268.5293986158643,1.0,0
2,161.77127443298895,0,119.2640569230453,0.8630266451421198,0
17,28.336170424465223,5,215.43252314347893,0.7139092437782986,1
38,26.115560972587172,6,141.5879514773942,0.4181486020327577,1
7,80.65619979424528,3,186.22442116410548,0.25212274902762916,1
2,149.38662190044366,0,99.88489808113559,0.9300978192758343,0
8,159.21748566434067,1,352.2847160999432,0.8419118438796811,0
8,127.70017231153932,1,241.15270162275232,0.7567582428183454,0
9,121.62193834401431,1,131.81773620637392,0.9613349571285134,0
7,91.3004656886651,0,251.7022904598077,0.737327238338683,0
123,4.1533166756006885,1,162.18481320814624,0.04672263629743655,1
12,62.0343288073724,3,207.74059332971134,0.5279307355605445,1
3,143.50287361754513,1,330.81122531327264,1.0,0
6,80.40873483253488,0,241.18685643489445,1.0,0
7,123.92720138470709,0,253.1656684999845,0.8266048604520515,0
4,144.04782198951682,1,144.92216178407375,0.9584314022261137,0
17,67.72083408947674,2,335.50361832643836,0.4316997108762508,1
5,166.81423765059913,0,332.8132363883672,0.8940733478748667,0
3,163.09364148089173,0,248.63575450510046,0.7395077405864631,0
7,130.54592967359892,1,231.89653561813714,0.634589936151008,0
4,186.42086802076565,0,284.41354006332136,0.7939357846545831,0
3,93.96960623052338,4,176.56518803832583,0.34637872326376323,1
3,38.238911362966576,1,328.4765126881182,0.9750459974395781,0
3,82.35516051140492,0,360.00186906639965,0.8698204786634117,0
5,81.43714955365593,0,281.0043586447181,0.843106500800951,0
39,33.93176511725866,5,255.48908818770698,0.4512694937430395,1
2,53.6677083110998,2,98.52957409438169,0.6537110015746339,1
70,29.824881197047144,1,192.01970960866424,0.0,1
2,138.82757726230713,1,151.6951135483476,0.9285287088110115,0
38,53.94338814068964,6,40.0,0.2699039075249475,1
4,159.11383275985156,0,245.23220397027572,0.9404301583189986,0
33,5.0,7,211.52457146764257,0.2372498390628707,1
3,129.86812745270737,1,205.97973244760166,0.9041207543981464,0
22,42.594457569835555,4,188.93278041019585,0.17664599035664974,1
4,134.7339977387657,2,256.5132608842063,0.9433413118561577,0
16,64.22081192040821,6,276.7910545880161,0.30137165169389835,1
25,16.412464843292614,5,228.9075689521004,0.3720178283496822,1
7,149.32167934417976,1,172.80201495747457,0.9609258156366121,0
6,76.87928703222322,1,323.3969334184114,0.9334838647095619,0
5,133.24958170216513,1,217.84335759888447,0.6671268241895579,0
4,99.52470114744511,0,349.28896237015596,0.9749719224767961,0
9,184.1733680498795,1,282.09133971442503,0.8223440149084077,0
37,73.58228312829391,8,116.60157830845775,0.6431335566016066,1
7,37.14553195569698,0,306.7423590185626,0.9602450502049106,0
5,59.17996388208734,0,319.2042398754609,0.8598404450309202,0
7,70.95517640039917,1,277.9784074190366,1.0,0
5,141.71059542738695,0,206.31043709650038,0.6463590803337674,0
4,50.54536190274899,1,220.27440502997487,1.0,0
7,53.48134116362023,0,276.47312642531756,0.920093671054133,0
6,118.5877201925366,0,314.7347246894436,0.9262003717764421,0
10,100.94413993848099,6,338.3086895788401,0.674969979206174,1
5,88.73668716496837,1,288.07934026306873,1.0,0
3,97.11652291978646,0,228.33704787706733,0.7962213995824299,0
62,23.10507331494675,1,115.4636229573863,0.0,1
1,82.92201123202652,1,198.15058167665742,0.8079039827527409,0
7,141.82165073361165,1,348.90820315703996,0.9880375933532854,0
7,129.11394877986606,1,226.59537048360153,0.9683284045350844,0
6,108.99810917718426,0,303.69369935079317,0.9748886049978177,0
15,31.81656520178627,4,116.55123974279482,0.3482134707231329,1
18,76.78655045082947,0,316.79578961077885,0.5568390870968025,1
126,12.2081407584665,4,81.5856169443313,0.07290457909656596,1
7,97.73231442360893,0,324.0199723719087,0.8007352575977779,0
2,51.77636323451565,0,390.6768081722581,0.861471477375934,0
7,157.78759838391989,0,253.9606016383153,1.0,0
5,82.44604388102069,0,304.5683146119182,0.8039777934699717,0
33,49.78288673249646,11,166.82530186391963,0.5062080464672681,1
3,132.98842469532156,2,177.9517036578971,0.9346377598934867,0
118,22.370501845263753,1,122.14880205134445,0.13571572997513123,1
7,170.31264028487163,1,290.94562869956945,1.0,0
9,231.48555856828716,0,213.6016640799102,0.7237374104284773,0
5,141.70284263535297,0,275.5508912014997,0.8988396460601861,0
4,124.80580090346277,0,232.59588167371712,0.9878598701866714,0
33,25.608110538734014,9,194.31482428260384,0.0,1
3,60.026311131360046,0,133.67198163806964,0.7166924900763586,0
35,14.640397770165762,9,122.11521157765799,0.4668936062760252,1
33,5.0,5,277.4864143311529,0.2619624531401092,1
5,178.08371287602725,0,299.8993662916396,1.0,0
8,181.02720017996322,0,153.60262419464564,0.8017732942027256,0
7,58.501948423256344,0,194.12772583513112,0.9501078094124138,0
11,138.94212722875486,0,322.94033803282525,0.9980956124566672,0
3,116.62682383645219,0,342.60486760990256,0.9653702772163704,0
2,141.23996201947733,0,176.11736099018714,0.8265635064762208,0
7,154.1747011949366,0,277.57756399499084,0.8410844411303272,0
64,2.75154998511523,0,170.50817203023445,0.0,1
5,170.5200707342078,0,269.311942622651,0.784469152262632,0
5,101.18975973756305,0,163.65977537030957,1.0,0
3,135.28055132253246,1,243.87424343464045,1.0,0
115,16.41608051756284,0,161.80812281369114,0.3335359519714667,1
5,96.64270027277202,1,275.49746588013994,0.8831300859303765,0
2,142.08735314665745,0,315.68238482932475,0.8372767979035218,0
8,61.42978610156495,1,304.62435375324776,0.5314249686559939,1
1,154.18450819982752,0,282.95776648838574,0.954844145811074,0
1,106.2200154883197,1,137.59994433004042,0.7578513709189315,0
3,175.00856823907276,0,360.95053809942215,0.8166368115081046,0
56,14.479285275434268,0,96.380178807083,0.0217769820115879,1
1,140.48297078720748,0,248.50451886637364,0.7466391932730099,0
118,2.0,2,96.1980616726213,0.13755241414555686,1
31,76.45934368857924,11,218.56564232616904,0.2653144792521198,1
3,111.82552916629538,0,282.2875674086347,0.7820217757210794,0
4,101.15965828761466,0,275.2681877140053,0.8559746766773602,0
6,155.14774691560717,1,181.1969204857381,0.7525385047110925,0
5,97.65039579888439,1,308.1089712673879,0.8204241503495834,0
7,65.2212919649567,0,196.73538104052,1.0,0
7,71.42022436180739,0,355.5629104238273,1.0,0
7,13.19103795514323,0,313.30153670214673,1.0,0
2,52.533934501406804,1,183.16247735843694,1.0,0
5,89.45868115884166,0,171.09203230447585,0.6461088026063362,0
4,60.70225539107416,0,315.5561052477667,1.0,0
128,18.486373822486655,3,118.51323772247261,0.0,1
42,26.221378858425126,7,191.2354542212963,0.7165317605667638,1
6,129.0002914673978,1,306.9319266386926,1.0,0
3,123.38314302358035,0,336.3245469059016,0.7717846290928713,0
4,74.81369928271013,0,165.52500449660928,1.0,0
5,161.24483001851377,0,233.43374223427062,1.0,0
6,174.5610483389944,0,207.71328886992816,0.9160582523453965,0
6,57.403757529372676,0,227.30939202884102,0.5911857727624985,0
7,79.04935518835676,3,126.4071079861596,0.5512515262836656,1
138,9.241497654979893,2,151.40974379480025,0.03926938890302069,1
8,103.21501181765004,0,142.96915277392006,0.994621021311961,0
9,143.79281067792445,0,139.1126321940767,0.7371908661527052,0
7,206.1402297093873,0,219.53867141144207,0.7700788783439586,0
4,74.14279332686912,1,306.7457748691031,0.8895824426546042,0
0,100.51188459025032,0,189.95887742355436,0.7424347819399639,0
18,27.207164886131025,4,241.56282437283514,0.5327237761888646,1
6,104.58112258292496,0,60.0,0.9612472457270437,0
5,138.28895060989902,0,181.98455446064807,0.5540217642758545,0
4,177.53606474182544,1,146.1368478391309,0.6814808556776925,0
3,147.21182340864092,0,192.75672038322597,0.9289085824936549,0
4,115.34261712082248,0,233.96308851472648,0.7878499921082402,0
2,152.62826815996803,0,204.67181974527756,0.8735384287907627,0
39,5.0,9,132.2778102668424,0.495330847382509,1
6,89.09821375705894,1,260.99853504454273,0.9373197035282566,0
3,164.37034501435804,0,306.19147436930604,0.7222829051647278,0
5,109.6389414476001,0,357.0345389207783,0.8221561493872512,0
2,80.42192809771417,1,203.35676391363043,0.6872488781899265,0
3,101.42825129399384,1,294.7631865306812,1.0,0
36,5.0,8,309.0182757283469,0.39736747572619857,1
8,168.01400770022227,1,238.89418441271374,1.0,0
3,120.47894093584782,0,136.97038558868576,1.0,0
15,196.98682262161532,0,320.17578029246454,0.9615326062832761,0
5,96.68607090165999,1,301.0199770309942,0.8827657910636223,0
4,169.3765846548724,1,143.93424580242814,0.7800021815003362,0
5,83.15054889392074,0,251.71514649664118,1.0,0
7,80.8511585005412,0,307.4459459994483,0.6072412693846606,0
5,98.93034730544689,0,206.4727034649917,0.8842303123606458,0
4,158.8254172867599,0,305.4954876441573,0.8139607686285439,0
27,63.84324927861908,11,183.28304940100955,0.28918394572675776,1
126,22.894775840474964,2,40.0,0.0420913603915388,1
18,57.88791713674999,3,144.35410906738207,0.06983415245733525,1
0,86.62373933842605,0,266.8191014399481,0.8016397026306031,0
5,149.8373467474643,0,268.3866856436739,0.978675522473682,0
115,16.939571110623547,3,125.93726595863173,0.0,1
41,12.347647104525803,14,255.08475063237182,0.43415510009152114,1
6,142.24401166528276,0,278.42812858636825,0.8342296833737041,0
15,84.59423705414235,2,256.2265527776,0.6187356979950017,1
5,103.64433456026521,0,332.80360861028555,0.6848072853933117,0
128,24.36099981218515,2,40.0,0.0,1
102,2.0,0,54.69552742767593,0.195768966349478,1
1,197.30589889066553,0,318.46107173914015,0.8502689540795594,0
3,75.33191519844038,0,308.78910876705885,0.7409748738131289,0
2,148.9512215038426,0,115.93935999483607,0.7408774369045921,0
4,58.28036737565821,0,239.0986249157062,1.0,0
20,79.86022525295745,5,164.45050096344602,0.40874611390194904,1
5,117.1166355270267,0,344.273344452837,1.0,0
2,111.88630375562022,0,338.80708811944686,0.8609920300632043,0
4,170.23227843088867,0,355.9811825871732,0.8687765560962104,0
9,106.5867070755287,1,372.36320615839804,0.9645889075532159,0
120,18.309687952243547,1,126.86855413696334,0.2212202708086819,1
134,12.38586356421647,3,242.80942500263507,0.2051772152804405,1
0,115.02134311889569,0,234.49597704832573,0.6680634686218527,0
5,91.97020810126014,1,181.29646030020183,1.0,0
5,150.91232413410472,0,208.88434819659037,0.8285212498532492,0
6,77.73357423236901,0,436.06709747986474,0.7676089581041381,0
4,116.73260039560665,1,184.14037353406886,0.8573920580092875,0
5,100.26756777503483,0,125.42814082390207,0.7687340277709281,0
42,11.073080197004955,5,190.5932024445998,0.0,1
18,44.00031543371914,3,288.7493091216201,0.36203082553165017,1
15,50.09718002683664,3,281.4004206868244,0.38113110139104833,1
9,112.07578619173529,0,270.23905742720723,0.9011204776124744,0
111,22.86183899318984,2,143.02420678292577,0.055192172612714877,1
3,137.93891644153163,0,314.93148454911164,0.9336059546232588,0
2,73.31671475555488,0,292.74672886414885,0.9386720388459678,0
5,148.02458132427083,2,131.50230654581492,0.6703989976891189,0
7,204.50714112100925,0,350.10840573820457,0.568997438863792,0
6,91.33770220777463,1,197.25991859166695,0.6089878231000763,0
6,121.34018425595151,1,302.09999361120424,1.0,0
5,119.51453246163653,0,334.80596800010244,1.0,0
55,2.0,0,163.503305965674,0.0,1
5,93.74163314312571,0,155.993107336773,0.8676620194769301,0
6,192.08563418697332,0,252.47135598128747,1.0,0
43,3.3176371758030987,4,212.87094039115112,0.04991256349918276,1
30,55.18442390224778,7,99.91043370361646,0.7140732596776598,1
4,225.37429691733826,0,309.34030873473114,0.9312017341717561,0
4,101.68236355392348,0,313.9034024243442,1.0,0
5,65.14367143793814,0,233.67018609865542,1.0,0
11,123.05587336942013,1,299.2656519510721,1.0,0
6,103.1710859141026,0,195.29855649192785,0.9258012210282893,0
4,79.04775728141969,0,273.91498505205453,0.8077529892897296,0
14,69.41020017379384,3,172.01226180374948,0.4965828364935517,1
6,119.44862809183186,0,288.93382160545644,0.7457856691139689,0
3,128.16187954777044,0,236.93808771193747,0.9803910808373314,0
15,60.317571376439055,3,237.7181335451499,0.8539075529738883,1
5,192.8534114181439,0,389.23474728129816,0.9407199539103777,0
32,14.074962592636883,5,241.7394054864939,0.599886960135871,1
1,110.03130748650683,0,243.99018272703242,0.7968210437238823,0
5,59.410258847378515,0,241.80091874725295,0.902005117343128,0
34,34.23458165591394,9,93.0366309014336,0.277272599922062,1
4,83.83852928097753,0,402.2627564847097,0.6498837961401824,0
4,134.69125628181536,3,141.3532936603952,1.0,0
6,50.10126197531872,2,208.7135844285612,0.9316310911064118,0
5,106.32708960260898,0,334.8663433871701,1.0,0
59,19.92738728223662,1,97.01332355336527,0.04978918543036883,1
3,119.61467061673832,0,152.0541420010745,0.8207586680201506,0
6,163.0752208270458,0,355.39771405425836,1.0,0
2,164.67879097878512,1,232.90214324053696,0.9392071049267784,0
3,137.5004237006121,0,184.02667361678203,0.7996465873121512,0
4,85.70646482628906,0,120.56603141354529,0.9060265323259074,0
5,137.52614702786565,0,85.35474769401517,1.0,0
5,102.73578794686716,1,273.4476402253732,0.7932752458928897,0
103,3.3236212319109337,1,215.80520851568053,0.07415004015319847,1
58,26.28983250211847,1,208.93467746201884,0.194698164360363,1
107,2.0,1,176.7956471659983,0.24725051209461035,1
10,168.70233187168262,0,165.49082392146371,0.8305809952375046,0
5,81.86956966810111,0,220.95896325697998,0.7613926437871482,0
4,89.7637830074753,0,172.2093365078161,0.883566984928437,0
4,82.01569484583248,0,245.1433671757805,0.9559754919244609,0
5,148.17869587147607,0,107.494800201549,1.0,0
107,26.105321700500692,0,189.2749924317121,0.14217928156110166,1
2,106.71045005751161,1,400.20771370350144,0.8296179564155319,0
2,106.92979655350818,1,311.75164507856607,0.8077101167262523,0
32,59.35651119454308,9,193.06982638838554,0.18140380342366985,1
15,33.66452341549149,1,232.606012894448,0.5219964153794655,1
5,137.94382061345405,0,266.7744399963164,0.741175740284954,0
4,101.35378169333868,1,345.8868118859735,0.8286389110204231,0
16,71.99403202002186,2,316.65404332404944,0.0722809173363939,1
4,174.5806819469034,0,308.2662303423706,1.0,0
16,66.27673763310378,4,183.86420054732017,0.4662813291208887,1
4,122.97690560939708,0,282.58869117002087,0.8125152202473127,0
5,120.93422192261097,0,198.57558302218888,1.0,0
4,93.33793401026382,0,196.14363404697897,1.0,0
5,194.7014563100392,0,230.6915665611919,0.814061399703758,0
8,130.04590706316677,0,289.8850452053221,0.9423578471369766,0
4,119.95100568828332,0,295.6562705520517,0.8662334087870336,0
5,130.81603864088612,0,81.27352009462456,0.8383464318664172,0
4,162.35302047772265,0,215.17847266434913,0.7914330661755354,0
5,81.68248339253022,2,276.7223178932547,0.6737283312557307,1
19,82.55571274738816,1,239.22246272423055,0.5195885882865239,1
4,174.5369892900897,1,222.13481734231584,0.8390350406992378,0
4,124.12986718592734,0,351.2430012250082,0.8368701981006859,0
2,77.88083486187642,0,228.67329215778628,0.7379704018669232,0
4,65.49384324347228,3,178.87126554795898,0.47836039770630806,1
3,114.85765676946917,0,278.1973652406639,0.9775389940432184,0
1,169.28430682492436,0,254.26032841185705,0.7013374080634278,0
0,185.18477932003165,0,278.2262985314401,0.7202340141311213,0
8,147.05589652464596,0,204.73051356598927,0.6845505292871171,0
44,28.458495097549143,10,229.57239142829636,0.4399381933594547,1
9,141.10469374763923,0,297.6336561721044,0.7048259781814102,0
4,111.58269535180546,0,260.3632702629814,0.7763238605147752,0
129,8.906541631359298,3,248.21242119481644,0.07028349919206937,1
3,153.75871407432444,1,287.77187277414896,0.7511406777346815,0
2,129.6265331986726,0,95.63498256070737,0.960949958822035,0
133,11.410454860972935,3,148.52884796224225,0.0,1
9,102.11812148102898,4,134.92349922352557,0.5996412995662409,1
18,46.372819644464336,4,246.7055938704615,0.1847435280170205,1
7,109.97044462597086,0,269.09976954396126,0.5467967693225055,0
3,111.88315189260912,0,262.6005761011039,0.770749888470383,0
2,130.9279724713989,0,401.50800042561286,0.9900936857826399,0
6,109.35228821199837,0,134.2297851187752,0.8685079103967566,0
6,79.74426607827833,0,357.46946074157177,1.0,0
5,89.51887239491029,0,241.92621292978436,0.7539540808389038,0
8,112.08307459810477,2,274.90820313319955,0.7896600953250276,0
60,2.0,0,251.9225634062229,0.08642326187657091,1
110,27.046859377603187,1,89.01125517070734,0.08092054275489009,1
6,104.84554908562708,1,329.76444931306594,0.7906641011507751,0
7,113.34423704887759,0,178.84678973988153,1.0,0
8,179.51086550844758,1,231.28924590323086,0.9363569284935441,0
124,14.969637679078831,2,175.34609202975167,0.08509294722316314,1
4,69.9625759941644,1,316.67616128221795,0.8067634759389702,0
5,102.15530302118442,1,286.04286866850646,0.7467753168590189,0
4,166.7653003813699,1,135.64507085706714,1.0,0
3,94.73355364026379,1,218.26548551633704,1.0,0
5,136.20955834502263,1,395.4378062981943,0.910550701508766,0
5,127.98004066203964,0,222.56096946273956,1.0,0
8,135.95917514100887,0,250.32894925083357,0.6789223840824062,0
4,18.728640458244268,0,264.8138458747896,0.7903792603452913,0
16,83.68438384517083,5,204.4000432322826,0.3642124538803093,1
12,60.131709984274735,6,227.2618779098672,0.1764117358988013,1
6,142.93792313355533,0,356.0275976880716,1.0,0
129,31.364851667955534,4,201.28715148503295,0.01854041959914283,1
5,84.42443837781887,0,163.95995263113716,1.0,0
114,17.549753366659388,3,199.982756341098,0.06824958897247697,1
3,151.32239450577228,0,375.00465169154904,1.0,0
117,9.425790802942073,2,244.4726371106627,0.10776480650815257,1
39,5.0,13,202.6009909612223,0.17247932313723335,1
7,67.4761862790169,1,246.5904660087185,0.7699800384923805,0
11,129.7131248989049,3,207.14882652133926,0.33218871229950736,1
1,73.18762891727255,0,275.853983868286,1.0,0
3,186.45875363609736,0,302.2971921769459,0.8196991291731526,0
5,91.31323812585927,1,260.86681910314127,0.7168256342698085,0
6,44.87605853177417,6,214.55623930200477,0.5133727178039676,1
19,83.61003891063031,5,110.27228112370285,0.3325129494244408,1
1,163.19771047263995,1,322.5615857025571,0.8125641483637065,0
6,202.12224514659735,5,222.36747811845532,0.8348094792402819,0
3,150.17224834533147,0,186.88300332165608,0.6750211870717348,0
1,88.29128440396293,2,319.77404740282543,0.41815645491598447,1
5,91.53397698731294,1,314.1795729719501,0.561108192384565,0
36,108.87279990981314,11,203.36954984281653,0.6050647612948149,1
6,66.36977356102854,0,238.55290351796293,0.7351841129100782,0
4,161.32327753366246,0,249.42720987371624,0.9639619866097282,0
7,172.28693877672504,0,192.68202735735233,0.8777002533492263,0
51,26.69498592777886,2,40.00204155537385,0.0,1
9,8.975919294853318,5,239.46555865179747,0.1524223560262893,1
4,157.39869912102102,0,395.4623266838247,1.0,0
10,89.2677029509101,5,423.711471849293,0.4769073742268163,1
47,15.762724244727547,9,250.33932487429018,0.20855009908867722,1
7,155.7373608456762,0,310.16746342344265,0.918116825142126,0
7,171.38078716218212,0,191.57070746152974,0.8674656426726669,0
4,172.2651237503789,0,191.32886233412586,1.0,0
30,5.0,6,217.7808778205542,0.3278673970756164,1
3,105.02517739094817,0,283.4571987351141,0.8313410102263159,0
7,79.90039631549278,0,306.3391465298346,0.9900707639239564,0
72,2.0,0,224.76314788905327,0.0,1
8,168.7737039847553,2,234.69012125477477,0.9820906013425378,0
3,106.36962883982764,0,186.77673819137388,1.0,0
5,124.02680885070917,0,182.20268206274218,0.7031309329832819,0
123,19.67512527162959,2,171.01096044038795,0.29841172296670904,1
1,125.44473937976751,0,200.89078316033584,0.8734657114162431,0
121,3.6244217925629774,1,253.4447603213511,0.09751566866536526,1
7,10.0,0,185.2193960820064,0.7317154259535136,0
7,46.68722477236551,0,232.02147202184292,0.7565460759329986,0
3,180.51542482081572,0,253.55485326125222,0.7049604854431283,0
3,125.25806351347981,0,169.74438025035204,0.8992592926210876,0
5,135.86171266667628,0,240.16841947363153,0.8859090799835826,0
60,31.492413890526773,0,130.88807274372422,0.09682197274066029,1
25,93.21939773326262,2,60.0,0.45857987201990463,1
3,113.1697558418633,0,229.7098640339656,0.6020937782753251,0
5,14.667551978420104,0,286.8376982869746,0.837102365250622,0
5,131.17528452757333,1,284.29129416047954,0.7780598862265699,0
5,96.72712586770332,1,250.00707201192287,0.8648567985148716,0
10,119.63494430713706,1,257.7519025308189,0.9982448690817248,0
4,132.93780903745807,2,313.6189682925534,0.8679585971555466,0
3,172.96466205452003,0,225.57620661968568,0.880618781779467,0
7,106.4140161193258,0,234.3381168210396,0.596937215254403,0
5,129.0944328238234,0,155.43663216254333,0.8547720779018754,0
6,119.16968193434774,1,179.6082761365949,1.0,0
114,2.0,1,167.15871032908322,0.08897025486582975,1
4,101.5410686985585,0,118.68450581505365,0.8417165267490253,0
6,123.067010640757,2,324.3944648519507,0.8371376926019848,0
5,143.74572250345622,1,248.57328495170353,1.0,0
6,80.14860243149646,3,92.57603814489691,0.18117486869763264,1
5,195.8636323666223,0,238.7716665480872,1.0,0
24,72.81380621866337,2,109.93479651136926,0.5034382045882355,1
3,30.99027335253952,0,221.01339115789628,1.0,0
7,163.7546229365415,0,133.01722256440016,0.7889160201386805,0
4,105.75644190824143,0,166.9122027536988,0.994648001967778,0
2,99.06584300333613,0,386.09223058230583,0.7871171113779527,0
8,199.22732624044136,0,312.7984771362887,1.0,0
5,121.57066796539928,1,355.17458535205566,0.847840445705354,0
7,174.51253652521072,0,279.07904411010554,0.7263348781036909,0
2,117.13388975578182,1,233.0565802315933,0.6435757666030244,0
10,90.91614913972305,0,151.78659093614368,0.5159450547082984,0
4,145.32305448235485,0,388.1603251424164,0.9015782130010223,0
34,23.601685547989796,8,186.66661691225613,0.46662552673883423,1
5,90.91851043274164,3,199.944870658194,1.0,0
4,97.48745388917652,0,125.73063623126265,0.9145483567433975,0
6,56.979652569268566,0,397.936667170916,0.689158953824956,0
4,145.57076930414124,0,181.80509623715153,0.8540895645405882,0
4,116.1378002141977,0,229.98989417459651,1.0,0
31,37.12569939824782,5,326.8534094000208,0.45086520717857054,1
7,72.3699851633255,0,300.118150821162,0.8460009425346011,0
8,69.95837848743258,5,148.94336291925828,0.2584298242192027,1
5,134.34901204153397,1,245.85463132298693,1.0,0
16,28.508946471050105,3,277.3348649718681,0.471290464893042,1
125,33.080091246905184,3,161.59118996957557,0.0,1
5,83.62489741009574,1,282.42823115990444,1.0,0
5,147.62286292248348,1,266.9752923628699,0.9013047269588864,0
14,54.112863163009024,5,238.43098862672832,0.48346669856744307,1
6,82.75113423971274,1,325.16808414727745,0.8866889608577833,0
5,161.4961391964451,0,204.23890836429175,0.7934702235846823,0
16,64.55124488081952,2,98.60458785107323,0.563595747142182,1
124,19.91546509475078,0,161.1245947412815,0.24067964223390245,1
7,125.0893955071432,3,250.69214297840253,0.3290061096242861,1
5,147.41371517899415,2,441.39924758898866,0.9579853341319788,0
22,58.36957656063703,3,219.76942104761372,0.3029026091003675,1
7,95.62999807736215,0,160.69866951171502,1.0,0
18,10.201602643227524,7,116.48760866346517,0.49242363673724454,1
5,178.5284525784137,0,172.3305825109612,0.9269255883221084,0
34,75.96854315123628,5,161.20485660148975,0.21102200436458415,1
5,146.13558104908105,0,287.1475219130561,1.0,0
62,8.114582576223032,2,104.25939384232149,0.2019054868473736,1
3,112.40654816424343,0,358.5034555838069,1.0,0
16,40.81952445399402,5,333.26068514387475,0.27200854674082353,1
1,143.4266259574984,0,184.9417615358838,0.821679063071778,0
7,67.6434909598075,0,224.9683127742323,0.7981269256126201,0
6,87.06944739227379,0,161.69803257629837,0.8423543546685143,0
8,195.32551358423862,0,103.21870543558867,1.0,0
5,142.2900884161813,1,147.94765670413835,0.9175034062781725,0
2,54.0032257822802,0,322.5915687096322,0.8974970794310462,0
5,93.21421488337144,0,180.04773190833208,0.8937145756853764,0
16,24.04517556771894,4,197.19830195981288,0.4557557110358931,1
5,72.88663691761334,1,101.001194780876,1.0,0
5,101.00602927258612,1,155.92202239703266,0.8335924824332621,0
9,106.93273212421492,5,327.01345176260986,0.7827906904041785,1
3,157.08748297786292,0,263.4098307815738,1.0,0
6,113.79040410325746,0,161.75479694329096,0.7485706874094211,0
5,81.36350508435957,2,350.7488929547703,0.9297336035077134,0
2,120.6720282936056,0,265.15030008523337,0.7270556696688041,0
13,76.35278960605051,3,120.31451638299906,0.6766652221872234,1
8,65.73094553388957,0,105.9476410274651,1.0,0
7,160.80719981340255,0,274.7392393388974,1.0,0
136,9.905408622530734,2,112.15084820014683,0.02513156809887871,1
10,130.0332249795708,1,249.82066225503348,0.6707927523368268,1
39,41.385431889442984,6,364.0646579004981,0.39127689937106097,1
8,103.42514166013413,0,358.6085829027596,0.7434042465383384,0
5,99.77794598808234,1,209.67376833378432,0.9791531095860362,0
7,130.80910162349892,1,383.5213667980255,0.7250042398077748,0
7,126.43587358365222,1,186.54815035852909,0.8864468639703643,0
5,163.61778036103607,2,185.58254479041642,1.0,0
136,13.751074896753742,1,204.6403831442529,0.011477214056808505,1
133,44.850919953718616,1,71.24218434824975,0.11958469653710978,1
43,45.97045712108493,8,187.15584337416706,0.0,1
6,224.98886731339235,0,311.3397459167969,0.6113608001723146,0
6,101.59161038208369,1,310.681788151916,0.9125207359472977,0
60,14.39152243432984,0,131.91426504088903,0.10330629733808937,1
7,164.97684497985819,0,196.14760750759453,0.9190430270759888,0
5,177.21386957700702,0,295.58481269070586,0.9097852340381228,0
2,91.76590829534639,0,251.09203230553115,0.8563498519458519,0
43,31.95146523224402,8,120.21684797934486,0.43956205744504834,1
35,47.01640212882184,9,302.71411350792783,0.691516332581409,1
5,165.40909900723594,0,310.4216106244519,0.83935260101249,0
8,109.39973731182121,1,363.0326025849279,0.7687770104058045,0
37,67.10664422697214,11,238.16661751055767,0.24550305080034832,1
9,123.48918192733636,0,239.99551940799427,0.7400046704142738,0
7,82.75913471335555,0,403.9245572583907,0.9715363640072124,0
6,113.27255008237914,0,256.4990210997668,0.6721667375255287,0
10,176.7710417443032,3,215.28699038757162,0.37085742969467433,1
3,75.53256660508768,0,146.81433085380345,0.8327572878252291,0
13,59.46131124720177,1,180.85784827857174,0.2595551980118662,1
3,145.46991141021394,0,270.67148668324893,0.868432196574559,0
7,161.4483692593266,0,378.15931192775463,0.7809637061178021,0
4,65.94966231266396,1,357.48856128282614,0.9244374541902017,0
2,97.81434346508722,0,256.81377157845856,0.9758429708140662,0
7,193.32142429034147,0,156.37488462680727,0.8537566889453563,0
3,44.80242562513027,0,310.22608625320095,0.672506057423716,0
9,145.27352267591706,0,223.03617746020646,0.856798436553976,0
30,74.54775646671507,5,73.17601523576444,0.6128365069412003,1
5,187.56363161644282,1,190.22816181407057,0.9587764450999764,0
5,85.66563276715962,0,319.944848683435,0.756618386807898,0
1,171.10033250024665,0,313.7068550112082,0.9507190328847392,0
7,144.96664337122928,0,301.62423080894274,0.8747309698580478,0
3,133.88906597174594,0,308.75638322746653,0.4814228222988073,0
4,118.63150188533254,2,290.2000507716767,0.44600355690920684,1
7,59.63166132647672,0,284.771787189743,0.787315952851572,0
8,110.44777284214236,0,271.8049420779815,0.8548916975001465,0
5,115.55104060611639,0,228.71874949509916,0.9405415789223357,0
4,108.25411051247325,0,272.75491944877956,0.8369618135233517,0
5,161.77535850913605,0,241.32844742022237,0.7914274411911698,0
9,65.27347102276428,0,171.44026252132517,1.0,0
4,69.73366323447101,2,300.96727575273536,1.0,0
102,14.010557074257225,3,220.2878597729719,0.02540576085561036,1
32,33.124218647034866,11,306.16280430928146,0.3466486278564829,1
4,186.64561159003566,0,127.75875513851553,1.0,0
6,85.11820864932004,1,211.6817657526139,0.6980406321114345,0
4,86.35576465968533,0,209.00689616508453,0.6984861682507345,0
5,133.54665122233203,0,313.7563927993116,1.0,0
25,43.25607957194326,3,146.55112472458833,0.13599804721497863,1
73,19.46566531291551,0,229.84607097087616,0.07907045978820433,1
2,132.89451495165514,0,218.72944634176633,0.833523627648183,0
7,114.53134949479521,0,237.45606744121986,0.8225194949549404,0
5,76.43526276325129,0,237.2838258886289,0.7446757188671024,0
2,163.20044103789098,0,182.70994156687237,1.0,0
7,88.77350595423182,0,200.0894616635575,0.9644001576938583,0
4,110.78083595794863,0,275.80915909333123,0.8100323585426971,0
4,157.70799897475678,0,202.88951946389548,1.0,0
8,165.70050055952157,0,304.7338431377391,0.7961098028384256,0
22,43.889293937371455,4,185.19789544633457,0.5420987894584366,1
7,162.46294366956948,0,260.3322766275281,0.9005475144595697,0
6,98.43304096004977,0,282.1897271812459,0.9711722893654663,0
13,108.80682735552566,4,161.0819061751697,0.5327446538530995,1
1,74.87920756424705,0,396.93984300662794,0.9551538210165432,0
31,32.97678557750751,14,281.55337430842104,0.36198515846753976,1
17,62.5699990320731,3,220.71305224990675,0.0308797524132439,1
32,32.84767875743488,6,147.37800196151161,0.38233698899338864,1
6,76.5055023116946,0,106.54855010072068,0.963925858791279,0
124,19.739205165137008,1,137.51113531198266,0.16450857279763076,1
6,140.69647181272973,0,298.1879287737566,0.9720572206770328,0
69,10.466994789071117,2,136.51582269470217,0.02344794864809257,1
2,128.1210812986879,0,451.07684740183964,0.9807303660801299,0
3,94.87389506397689,1,282.0878883290051,0.8059952057103261,0
5,149.4731403444798,0,206.67355046959204,0.8941269521187977,0
4,120.50813574204206,0,354.35009494066486,0.8119096738182832,0
2,115.1000353644855,0,295.8724994395045,1.0,0
7,93.6090445329505,0,60.720904348369125,0.8366880664530711,0
5,213.64706715652096,1,368.3293963753503,1.0,0
57,12.272220707896764,0,221.96555704274127,0.06963163248774389,1
4,89.78079418617854,0,281.66764043647925,1.0,0
7,147.18011612954254,0,388.60950024603665,0.8045176624313535,0
28,69.86199521575733,15,114.20474803007669,0.0,1
5,126.29606050167831,0,402.4743017464422,0.6606924122240412,0
5,72.94270374964925,1,226.76761776681982,1.0,0
9,46.43184130010047,1,181.13421867093,0.49746040429301086,1
4,182.372357199919,0,461.22039049877765,0.5262198600863256,0
3,172.5812023891365,0,323.9994718205505,0.9966526457959759,0
1,146.51737858298108,1,347.2597903643134,0.8471725919412337,0
2,87.42247079483379,1,170.4604888060705,1.0,0
7,143.8334889780574,1,120.55896590908576,1.0,0
50,7.466073003909187,0,216.40952656331405,0.05140287464376014,1
4,91.3512887009936,2,326.76786356885117,0.8110938275466034,0
2,203.2106761526445,0,221.74049907196215,0.8826083319728547,0
3,112.78698050253118,0,326.4112903586825,0.7966182938011093,0
8,129.38270433082147,0,341.27080452601945,0.7890857157084101,0
6,101.71174504931336,0,303.60269246554054,0.49630695598059804,0
6,159.90608753324196,1,292.6052520179232,0.8389833728696707,0
35,24.248415039675432,5,106.46971328702541,0.21682776714882268,1
113,2.635892362332317,0,142.7369026094888,0.09530511645372268,1
111,15.679174465487888,0,115.00550282234978,0.16603792430139855,1
8,172.01794074894508,1,285.1331702007535,0.8611661254941247,0
2,152.26578407827384,1,263.7816586146381,0.8899218535544002,0
3,137.6047834192391,0,380.75685071011833,0.8064643170943327,0
5,154.050822563331,0,285.31601568749875,1.0,0
5,147.21000580536622,0,306.73314093331675,0.46733985882693413,0
2,169.2114278351479,0,243.87599047127944,0.7845177230953417,0
128,19.38751288261073,2,120.28544347127328,0.18152167676841735,1
7,156.9276274744962,0,263.61694567013586,0.8244434269776423,0
46,72.64241508881027,8,156.46087020341818,0.37889457633917917,1
1,97.67669666610594,0,196.18337288523102,0.843483666614932,0
8,133.89380261435608,0,247.92611533080546,0.8671727537053724,0
6,123.36373845118733,1,256.7121059159179,0.8107033850311943,0
13,15.457456112843804,2,240.21107752225024,0.3584189280511936,1
3,165.98836095267183,0,322.93355326281875,0.957685593142421,0
5,116.60252100471659,0,294.90558518022686,0.5355683926589606,0
8,70.51096641683168,1,165.66103867107327,0.8143127185134192,0
6,191.529501034275,0,201.29010901022016,1.0,0
9,79.09084712200031,0,340.10338761288955,0.7615658603573981,0
5,88.46140126975791,5,171.4441556235624,0.8317704737692976,1
61,21.008314923721247,0,83.43372421825175,0.2344178243618157,1
3,80.96349037314047,1,216.13824736546664,0.6182281244755105,0
3,51.73075990174328,1,430.8477006652559,0.8877806886564695,0
13,127.116803659336,2,199.2460994881878,0.7580419904492472,1
5,131.57561889477785,0,392.28426863070615,0.7769498985429849,0
6,167.58363060682672,0,345.95979209642593,0.8081234379881642,0
8,149.28364721191338,0,179.09749506357574,0.8152048806851824,0
4,127.95389333892493,1,365.5447779298615,1.0,0
4,85.47611665725807,0,391.7969249155716,1.0,0
6,101.43031236433553,0,87.85617351467525,1.0,0
8,83.4608884167702,0,237.72414953700687,1.0,0
5,71.21900733463308,0,348.38502544363104,0.9728492664775501,0
128,26.036152602003945,3,60.387884021654614,0.052316377475414844,1
3,77.03517817573862,0,253.40482293200904,0.6785268089813955,0
4,62.35325530823364,0,276.24944250564903,0.6818903858154546,0
6,20.793541764615362,3,288.3053713513136,0.6456520743266135,1
59,38.73705862510713,1,120.7876335081441,0.1709344354808569,1
8,146.06098571379118,1,225.49312498120867,1.0,0
6,38.06408520866139,1,218.62124396357922,0.9088889317970262,0
19,42.847616378302654,2,269.6230730550533,0.5523414868063528,1
3,126.0771231136624,0,108.38482981192854,0.8869365396650338,0
11,17.30850825325307,0,216.46985456192164,0.9216267681564589,0
7,130.93675320899652,4,244.03812272943406,0.31425729466365576,1
4,34.20498964382172,1,260.395749809239,0.45302514249491993,1
4,185.56847356786696,0,67.08922089489128,1.0,0
121,17.95544701183974,1,108.32669397250876,0.1240734895519315,1
5,33.22139762506847,1,416.07092297721175,1.0,0
4,113.08858370390367,2,191.62791304905818,0.9750852968516763,0
2,145.66206113987727,0,394.5280892887059,0.9794620894110647,0
7,112.1881456398746,0,166.96296264425894,0.9842156912155391,0
2,110.59849292317973,1,230.0700163536564,0.9825024480191524,0
6,151.06215097068122,1,246.6918190992152,0.5293836965292404,0
24,54.21914956538612,0,208.7376221298996,0.4032597424840217,1
1,140.4814374277241,1,159.89088612590865,0.7908538481183572,0
2,143.19962695455692,0,295.79561691215434,0.9498553861716048,0
5,139.71711180914386,0,178.98976494875544,0.8402253075547471,0
31,24.639402834155078,6,72.07838149408005,0.4375109038281766,1
4,117.3769775383377,0,141.75725814148595,0.868150681406864,0
6,136.14831886211707,0,275.8295037556457,0.7922835341690411,0
7,153.07900989603758,0,297.9697852329698,0.6671276288657314,0
27,47.55258675550492,2,178.98013480484846,0.46457982608366594,1
27,40.663539614491164,5,130.31754662855303,0.4460193172383526,1
6,136.65620898088244,1,407.07231975643685,0.7499795830622061,0
115,2.0,8,236.91926572402758,0.1656657692206105,1
3,88.39385836377743,0,228.2022654491537,0.9424645131242102,0
6,113.89713864178132,0,198.0985583486774,1.0,0
4,194.55477914735857,0,215.51516526062477,0.821504741014762,0
3,91.98220505128414,0,231.74715424038575,0.8447035620946727,0
3,161.95072867729255,0,402.372123698067,0.7038193734544987,0
37,5.0,4,152.34864960198763,0.40819283877167145,1
32,57.30715443650634,7,89.13994814087529,0.6965532917954398,1
27,8.0,5,246.55919708730653,0.43519325479980686,1
7,108.58981575957735,1,194.82413279649498,1.0,0
18,58.17745494164117,8,309.74501330298887,0.34595466135908,1
17,63.60490605891274,4,197.2526491287372,0.2562440858840021,1
42,52.07740385925135,7,362.10910198029745,0.25796516110062667,1
125,24.7981512313997,3,176.77781833743828,0.12429878775394938,1
5,122.7062715884696,0,330.5837570701117,1.0,0
5,102.95037853030497,1,282.2523493616962,0.7043755693888046,0
2,166.99575181520822,0,155.64930275153455,0.9749752518164839,0
7,104.70786832964944,0,140.51357829204693,1.0,0
124,25.395714987697666,1,144.64787990911557,0.0,1
119,18.459168326430504,2,148.10244708576806,0.16952446959237752,1
4,117.32762515248355,1,268.85244159129945,0.8229456776443765,0
5,79.8289383559193,0,170.43688561772203,0.8801105021472649,0
32,29.425060647368596,10,222.28150806538144,0.4150438643127744,1
3,147.78809400220553,0,138.29522020963142,1.0,0
4,172.65415609615619,0,312.9824037839405,0.9088143541291036,0
56,31.814936251736913,0,218.89225309505798,0.05537845488387921,1
38,5.0,7,199.37257094823428,0.0,1
55,17.493902965047777,2,196.03784796187597,0.20162499344961268,1
4,105.99952322469102,0,295.04713612259843,0.8982126203798337,0
23,108.1856997268036,2,163.15052319287435,0.47213464956453277,1
4,128.1168408648545,0,239.44112628778333,0.8182313337051671,0
8,181.10356783814643,1,191.87173490226272,0.8095808809889842,0
4,153.4777996847104,3,340.8089677808044,1.0,0
8,86.89856559296423,0,330.11880365001815,1.0,0
99,15.85080726890258,3,157.93354300357143,0.0,1
2,124.93228251664007,0,246.78066540396821,0.7855656107675294,0
6,112.61283965759226,1,206.1152450505533,0.8036643902908663,0
6,198.21857778461973,1,212.32687846254893,0.9614744456362286,0
31,42.09469509114852,6,177.02710791000928,0.568090830962563,1
3,126.67013331094445,0,304.86548504821127,0.7032669686419789,0
8,115.8416701972569,0,312.5036085781398,0.9638234120504084,0
4,71.40089746013574,0,316.6397793847645,1.0,0
23,90.35686040503262,5,113.20922670357193,0.4956982904748492,1
22,53.20472563026909,15,137.48659854818862,0.34476685477730806,1
6,48.16405394368951,0,257.3840521402293,1.0,0
8,123.38167514814451,0,459.9922413159117,0.6916735129922175,0
7,10.0,2,271.21360336841167,0.8053821834941878,0
3,168.04642039409896,0,60.0,1.0,0
5,125.07477746489887,1,194.35123366833616,0.8159346929082181,0
1,124.3658273924849,0,142.31738700768543,0.9134430089636549,0
6,157.01865661776688,0,325.09536999461494,0.6941183373626542,0
6,92.21031084568307,0,316.0102875241192,1.0,0
14,67.47648759327873,3,199.95355643126118,0.3058727646850065,1
6,78.20020564400974,1,159.76668689771174,0.44335461536117493,0
10,92.14532766918285,0,303.8934042481837,0.9683926314358097,0
4,96.40733873684663,0,124.4208852068143,0.8408158286779387,0
6,167.07226455883028,0,175.77771960174618,0.6221470699296717,0
6,98.14118018528677,0,385.7404786836718,0.9442058377968117,0
3,135.32219697440266,0,316.9712606525591,0.8411025740927174,0
41,52.552791503220625,12,270.8097664569063,0.60252723718469,1
5,94.845430709732,1,285.8552078217768,0.8869169921606269,0
113,2.0,0,47.044297074830006,0.2174547225170713,1
5,158.01001016387195,0,115.41368550625613,0.8739307447589222,0
29,47.51150753124615,9,273.01958587575547,0.06326877350969023,1
5,187.7245585494185,0,290.9150106004343,1.0,0
6,110.5742755028173,0,385.34072940708137,0.8830584206151384,0
13,91.13189903982185,2,151.79003011568707,0.41805654719456786,1
8,129.80659739973208,1,240.1191500674299,0.7702357232640165,0
2,27.87519599373823,0,239.48025026135727,0.7552685728740149,0
22,65.60741069953309,4,242.52474695821817,0.6889783037994006,1
3,97.09752311867224,1,135.1548643198167,0.6954968607833657,0
4,128.9100719668807,0,227.889292526444,0.8229482624258071,0
9,172.9883730810515,0,225.5420291464008,0.7913231948967583,0
6,81.31019302959479,1,350.8743507705532,0.9282340807871475,0
6,128.34501135252458,0,341.9440770104885,1.0,0
5,134.62453812544769,0,138.2882079877757,1.0,0
2,115.85661646049263,0,365.6955224098469,0.7376199015851155,0
4,192.53058039784625,0,282.4125067008229,0.7969835909583441,0
22,36.810830664094915,5,277.7855589443099,0.24081122048541806,1
4,116.91761729786494,0,252.15037611693145,1.0,0
30,48.24055575635601,9,268.6113925317614,0.6826734961217042,1
12,136.304520120681,6,239.7768490550835,0.6101983246765409,1
12,57.39289723264768,5,60.0,0.360954334649733,1
5,163.9793242035323,1,304.57709935902506,1.0,0
118,22.08510444490381,2,111.67645665227018,0.19818551109999483,1
5,154.00633763234754,1,282.15661297799835,0.8041447369276675,0
2,82.79715673856036,1,208.60286581321006,0.9901484500636832,0
6,67.53425060244923,0,98.21374717717902,1.0,0
7,113.3442578303171,0,200.48407542929095,1.0,0
35,10.556163321492921,8,150.6399474366138,0.06902227397905421,1
3,79.92295832736491,0,233.68887334645893,0.7523772336291458,0
6,123.46609633113879,0,300.7898657118924,0.8069593307030725,0
5,218.44291681082083,1,267.97302259438305,0.8465782509570203,0
20,21.631105692246166,2,310.590421336442,0.3941997091194318,1
53,7.725738802609314,2,40.0,0.02655050858876979,1
6,104.30510177241372,1,253.47224403571852,0.8806630825827101,0
7,191.6170249345616,1,92.08599390727275,1.0,0
40,28.164245015599104,9,141.2603841887576,0.742935021431562,1
33,69.32469138339584,10,209.31001874274384,0.5521354684143667,1
18,35.622888465939006,2,60.0,0.5502488175668339,1
3,88.39535405956025,0,256.55665123085856,1.0,0
5,166.13748243847982,2,219.64643096975345,0.8887963417517416,0
58,40.36856908047744,1,222.79213084861573,0.24957118188802638,1
5,123.13749567642445,0,336.35748755875545,0.7393553681321827,0
35,24.56915824410098,10,137.88542451464696,0.4875494055551791,1
1,72.74216925497367,0,81.9370838139744,0.7064896599143803,0
107,21.25774277525409,4,156.48513439321854,0.15618050224737476,1
4,132.0985480104437,0,444.48912940246845,0.7491693837779946,0
42,42.821097688416124,9,254.63657164146122,0.42118780387169075,1
4,49.87334418809296,1,410.0240079231307,0.8277141849781011,0
108,29.85827748696234,2,67.018358219876,0.07689856375849763,1
50,9.973369696275414,2,253.6557107865327,0.0,1
5,77.73424180351459,0,207.31104248816715,1.0,0
4,94.20080065818608,0,218.4187992826527,0.9693514005670686,0
8,124.33634719053113,4,310.1338327370177,0.4120569329744374,1
3,133.48703876869627,0,111.68286268926393,0.7058474199974036,0
8,97.2832347594984,2,253.7055115155418,0.5980683080402396,1
127,24.8649109799115,1,200.08983567711257,0.0,1
2,137.38798216891553,0,242.0921879575308,0.9185381526005758,0
6,186.65263873681948,0,322.49217537098406,1.0,0
5,179.22839750110356,0,160.7659097674049,0.8783366490208461,0
4,28.57557426602085,0,386.90633374933736,0.9047033239807689,0
5,114.48831150985406,0,322.1671721468283,1.0,0
18,31.07332523877315,2,198.75011224976257,0.6008176123796146,1
2,74.81879572272614,0,216.12433484757508,0.9244310440722263,0
4,178.99795638916106,1,314.5732739141071,0.9003051104314954,0
6,84.3750806411008,0,299.30055374993754,1.0,0
5,217.41323223047374,0,203.17908887845113,0.8420882034743458,0
117,35.014235969984156,3,181.9436701544636,0.12056000209615322,1
1,122.22011909376725,0,171.5299379973092,0.7554283189871289,0
4,86.03165696250832,1,235.8321944797343,0.9888829298006526,0
5,10.0,0,239.63243906120692,1.0,0
5,103.45226258093795,0,296.244868661056,0.7749389536178977,0
6,157.88715972328038,0,171.89308601089715,0.9789150944349815,0
3,113.55447222070855,0,213.11194849436225,0.7364940091149899,0
37,71.97614554111655,2,148.83053088566166,0.42861374762436927,1
6,139.90255443476383,1,174.89026993997135,0.8737929413052297,0
3,103.78661253539025,0,314.8466297846957,0.9142598111896513,0
15,32.92446871264082,3,172.57898633339664,0.2769048191581324,1
53,25.541954442605185,1,150.77672161544555,0.16197207471267389,1
6,125.010679235265,0,174.63855682516584,1.0,0
2,74.41407128154131,0,387.15880197883,0.5463646481520872,0
6,191.51334767573636,0,309.9516316009555,1.0,0
116,28.47068449016739,3,210.69887305697975,0.2093374457341014,1
7,68.11614927185937,2,323.08845674108034,0.5834102783526058,0
4,43.34495590204767,0,170.72126641998318,1.0,0
43,49.401792188771076,4,195.3381963100975,0.413293191012278,1
5,128.86289478366206,1,168.8709048293438,1.0,0
6,194.55809582404868,1,168.73839505768458,0.8735126675772974,0
46,64.06888466081463,5,188.26189046933916,0.5287729502942371,1
3,165.94684392582576,0,236.95368632851918,0.757956105892993,0
4,47.35319319185409,0,238.6154465474135,1.0,0
3,48.3208440999761,0,239.0659395096689,1.0,0
3,94.38728440160557,0,254.2439407088379,1.0,0
3,148.88764088543945,0,394.3954958249229,0.9458964927035605,0
7,46.024302240778525,0,157.16879790444082,1.0,0
10,43.162124164642414,5,183.8418983403166,0.5127178473757587,1
3,51.38618858897959,0,266.6981450721887,0.9784946287591432,0
5,141.68067318892082,0,149.66803845798157,0.8540884090377289,0
4,92.63020766865615,0,214.8065305324146,0.9008561167111986,0
4,130.1086497914167,1,272.29801937168537,0.8212486012435671,0
2,108.25290313798187,0,98.70617309566192,0.8914665752197458,0
128,5.090381766398032,3,183.3623755701099,0.0490794466356745,1
6,81.7411558102142,0,325.9113941528672,1.0,0
6,99.03202743124028,1,168.66077316576607,0.09100382965558824,1
7,128.95332948158435,1,312.04673497371004,0.9720198125207079,0
10,87.52888067689675,1,199.41671256383464,0.780615106715144,0
4,120.42251074767972,1,267.97943821583453,0.9300271547277155,0
125,15.524307130000244,1,145.82468797253057,0.18502229135758347,1
3,163.42870839330652,0,281.54979943022687,0.5314781575046911,0
5,119.60244902003332,0,274.6454372962376,0.8691500299109111,0
6,117.72820272524406,1,170.4614436341037,0.4656275932248013,0
6,70.73938112156557,0,92.44917811243985,0.8667484978330711,0
34,46.226426797820196,10,312.18177568125543,0.1017717464903572,1
4,203.87310797829568,0,283.08675496146805,0.821261803708007,0
17,58.37849979510537,4,215.15997758248156,0.43298358865153336,1
5,101.65063533401718,0,270.5802425051697,1.0,0
6,178.53346087919616,1,249.68772375773884,0.8888188494152652,0
3,95.7676194244509,0,374.7546434565653,0.7771902232618354,0
63,28.791339004813757,0,182.04616905544017,0.2429553175414799,1
6,137.42532066748473,0,264.0447155168011,0.977207421587316,0
25,57.746168690268824,6,207.67258538259736,0.24542384895285493,1
7,124.17759263724446,3,212.3036403604399,0.7191255787680148,1
27,5.0,8,40.0,0.21991905086511876,1
2,140.2819236302008,0,244.06352941232294,0.9787404000302571,0
7,97.55591567416337,0,399.6893908778326,0.9808794470822125,0
1,88.79503348762096,0,179.30814108410368,0.7472084791315852,0
4,131.93837221036136,0,229.82966888266316,1.0,0
4,123.73326598941068,0,144.68610641626967,1.0,0
5,127.09625602213636,0,192.97153657506792,1.0,0
6,122.1120769211878,0,390.87523666379843,0.9797955693605952,0
5,175.27370676018236,1,143.185771130461,0.9748175321461728,0
6,126.41310057819653,0,375.9214522946421,0.7608431949219331,0
4,126.0798040831607,0,112.74239552520226,0.971452845431937,0
18,35.1514894286787,3,264.24962717048544,0.3719733235683622,1
6,135.25383752652024,0,142.58760913568597,1.0,0
3,75.7479294540082,1,364.3452233500398,0.7491768442465447,0
11,84.0764707580834,4,248.79600728590682,0.7962256211740196,1
3,154.09350328232057,0,277.4959756498301,1.0,0
2,110.49629195391353,1,192.37734574257715,0.765467863708098,0
3,80.50949321336697,1,319.8537211855026,0.7278682191866844,0
118,19.5121770731578,3,144.2450985855137,0.11015687995730793,1
30,45.41686458940295,4,192.2900440535961,0.4131445550937031,1
2,108.4354411821115,0,174.12310537887276,0.9272388747197094,0
7,152.2811845877426,0,258.34903759269946,0.9730087665511977,0
37,81.85006938020366,14,112.13792095367502,0.25091122160588836,1
3,118.01731803462772,0,323.93295916582025,0.9495735964370597,0
61,13.6701094868329,1,161.52715677080772,0.14152791745205937,1
22,122.12094575415394,0,293.5583262173708,0.5865089644423936,1
7,106.77519643211859,0,60.0,1.0,0
3,81.80069674975879,1,214.6464120788393,0.8691326434391559,0
4,74.4785223543247,0,241.22689254186332,0.8615343405911763,0
19,111.81155154669811,7,226.7423566576656,0.44741463822504474,1
28,18.88066017926111,9,173.76825617581835,0.22548547855655512,1
3,63.41258959881842,0,163.5350179181096,0.554823319385706,0
2,36.54124039602145,0,120.39565350000144,0.8051050612713735,0
5,88.57684330376767,0,275.77055332216133,0.9332748750407315,0
2,118.9545032517692,0,150.05220504617552,0.8627186795476559,0
2,216.6888195511765,0,395.5876226997263,0.6537988516249584,0
3,172.80746742201978,0,122.43273148838553,0.9292204388739753,0
8,79.77511357891674,0,160.78442590819873,0.7202708162621366,0
4,171.6908222153187,0,180.94637686521895,0.8227789988192435,0
6,177.37833694036374,0,217.94397735369344,0.849225186258535,0
7,101.20594628978891,0,244.75005196267009,0.9900549432533035,0
5,99.01837577022616,0,228.8580076534683,0.8732608427948848,0
4,87.77363158764884,0,256.1315503926013,0.8258354833617535,0
5,75.81777070926745,0,212.86891544096574,0.9002052373442462,0
3,157.0078228051467,0,359.49031664817966,1.0,0
5,35.99345737541398,0,239.43547537383753,1.0,0
7,132.32061602771617,0,235.92330725365514,0.9172984773628196,0
2,170.87270010839387,0,319.04898214934616,0.7790160399147043,0
9,67.87909066426263,2,181.6665465072799,0.9072125899130876,0
4,89.22374601534759,0,180.87443082601095,0.7863931479337887,0
3,94.73572608770039,2,371.0842548014231,0.9010878613977534,0
116,2.0,1,116.98644087954708,0.0,1
1,125.41720313561444,1,258.08426982243367,0.6669678123574677,0
40,74.56608142628603,3,259.34624213782587,0.31325329547867564,1
1,124.24440488731575,0,368.4485632228361,0.8930235770895664,0
8,183.2175975064908,1,314.4158811835244,0.6690655436863499,0
6,64.44684140337469,3,182.42820125231373,0.7319997835879205,1
62,17.421041524415557,0,111.19111628868423,0.1780589486711665,1
7,79.36835075433831,1,384.5837032080504,0.7974517393210563,0
4,67.76225046139062,2,60.0,0.9399721575527379,1
4,28.946051730245106,1,85.07699512607633,0.7792896063778751,0
19,12.837766039180693,4,96.11181769523253,0.2555720338704839,1
32,7.666248305019716,11,190.3154799133087,0.45427009614713393,1
5,44.136435221668876,0,235.82914768615933,1.0,0
6,150.39555510176652,1,136.57304776849196,0.9451592243407443,0
6,121.45198835689622,0,257.6548366739862,0.8519700572724579,0
6,94.02167869453503,0,291.6122935067129,0.8165367587535454,0
5,62.050689774722514,2,187.03131322955994,0.7555475842162267,0
26,33.92253561542437,10,226.5771188263086,0.1749305683319552,1
38,5.0,6,394.44795257618307,0.4853057965062905,1
5,135.56038382189283,0,315.12293896169274,0.9959088679750985,0
8,164.7466603574872,0,234.83586725924448,0.7884961581844624,0
4,132.49744650675368,0,175.3590927032615,0.9127020390658621,0
6,115.40208306455376,1,444.916508557101,0.8370333736373133,0
7,94.64849006736375,1,260.8236239906561,1.0,0
36,5.0,7,247.19598583643662,0.07770361750232647,1
3,184.65868014799986,0,347.55451754141325,0.9726831147290842,0
13,146.12293172910918,0,279.6286102626581,0.8538607362199737,0
5,89.00007752887744,0,86.19124675169618,1.0,0
5,157.068315827536,1,299.99065148305533,0.9612326508729911,0
50,22.344586122043143,2,132.67818924984877,0.06983295976348355,1
17,76.42126061605596,6,211.79608117091982,0.0,1
5,87.91466014659032,0,309.0830706740578,0.9540901928857525,0
8,71.82726166079102,0,307.7405943730979,0.9597877468494018,0
3,169.5032867344817,0,104.02047664988176,0.7397138336185567,0
17,16.268661269493983,4,99.62024184678874,0.6337647788547677,1
5,98.43346920836325,0,293.42541270403285,0.8823372883308171,0
8,200.76821928965072,0,304.2139513206972,0.9613353848817466,0
5,110.2121572001868,0,166.22842038931057,0.9518749712359205,0
111,15.04519707580282,4,285.89520274882307,0.2110095948891841,1
4,166.5556739290426,0,237.0454029196034,0.808444019346733,0
16,78.52775053903669,6,129.4487735433909,0.1527553758450845,1
27,43.06354175976605,11,231.6065493972788,0.5127322250015506,1
7,69.8386637763016,1,281.60928999216276,0.8842782883968145,0
6,18.809459564309403,0,198.2924778095442,0.9370178266082808,0
1,67.9093918728569,0,273.7286846418722,0.9868929730964351,0
5,73.52377879145362,0,312.16423476803647,0.5195592980892456,0
3,132.46378371712672,0,329.26734667216016,0.93283940502294,0
118,29.434081819534065,2,170.83113225959178,0.16384698126546657,1
10,127.21867334070033,2,333.7494214344182,0.2398728773346765,1
4,161.11437393081926,0,261.70565312309753,0.9833551144318528,0
5,132.3037321631328,0,276.16639991284126,1.0,0
13,154.19793602137395,6,289.35243315607266,0.4462230694741149,1
3,209.6432838720419,0,302.7012339553699,0.7092120274987482,0
5,142.9023222842497,0,299.3184013565631,0.8978230985576545,0
132,27.621321874062296,5,98.60488426036973,0.17368848444463367,1
2,98.29822746407275,0,260.1293725060287,0.9552416464071862,0
2,121.93367300604747,2,320.2951650016998,0.5796312164920507,0
19,91.71702875198129,1,150.4521923093881,0.18785382097568887,1
18,40.62496064053753,7,109.24676884357255,0.6117847318452205,1
4,198.9971113616769,0,302.7542228922206,1.0,0
3,119.05017619980738,0,249.8902408161716,1.0,0
3,102.70543139990416,0,213.90407226125456,0.8719467854349415,0
29,36.417268886021816,8,215.72094035988903,0.3920199986536022,1
5,135.9727292025848,1,207.06297859134452,0.6561421373515518,0
3,117.3893423974108,0,249.5065105578675,1.0,0
13,61.65373539610734,3,160.86475708052564,0.4561558915490612,1
4,202.8417426688005,0,229.9219894804941,0.7548792566275777,0
3,122.62267782119,1,226.79410443801487,0.9950048256374725,0
32,70.10089968389988,16,235.40679067860762,0.4430679607967675,1
5,135.88488069897045,1,228.3728974680779,0.8121835947585683,0
58,22.557624212106056,1,87.45447088437936,0.10618899478083657,1
5,138.89615981507947,0,330.13750176036564,0.7670776952108851,0
1,120.49953964632306,1,166.005007211573,0.8039393572520073,0
5,121.44453693665106,0,198.99583667579816,0.9110504996550248,0
3,108.04396465304305,0,224.48302975708833,0.7970752190202716,0
32,78.96467374559684,6,180.93965845654597,0.4031710416099324,1
27,29.586455831013804,13,158.91567967237302,0.627480888983345,1
68,2.0,1,171.81809317743364,0.07100871670292894,1
124,28.172487037725922,4,190.99391792099775,0.05028004071709709,1
10,33.10572621200572,0,195.46142237761464,0.7910285056262613,0
4,88.22152005811321,0,225.76663659082152,1.0,0
33,63.339215074391085,9,167.4092402999031,0.4578203059228642,1
108,5.221142770352742,1,183.80226795172587,0.35486345435342104,1
4,131.1738114332435,1,447.5687707530806,0.9475464964759872,0
2,128.35713910104607,0,329.02814784110774,0.8943869101343668,0
3,98.06082790760925,0,156.5368751894597,0.8945711520960001,0
3,119.96118960639924,0,346.54116758802525,0.9545837899045876,0
13,88.83960409511003,4,136.5968411701921,0.3664720160124169,1
4,94.21154456740557,1,161.9646205194651,1.0,0
5,50.811986773634004,0,442.64656153965285,0.9478357556735988,0
5,127.14629895628957,1,176.8069649752189,0.8570992727270799,0
7,76.3755302461407,0,195.69688678974114,0.814790531029664,0
6,79.3202585315209,2,60.0,0.996385722751624,0
15,8.0,3,227.18168178169432,0.3074250299650665,1
10,127.97652035257155,0,119.23433540658537,1.0,0
5,143.67550070300416,0,245.29043791201286,0.7618664283773846,0
19,50.83659319663384,3,130.06561686312727,0.029658121278411942,1
3,52.66262628000578,0,146.67142286381335,0.9939873184139199,0
5,49.93753689269229,4,216.40698627332665,0.3209749685668835,1
10,130.1273528398261,0,256.7173222477396,0.8523539552978802,0
2,57.40152684762808,0,249.97814675056517,1.0,0
6,191.06372439134725,0,154.66786554958145,0.9111014760814367,0
4,75.24869107494139,5,223.29794975696888,0.41318420707280895,1
9,66.38451782548877,5,168.80270988566423,0.6185392054642671,1
7,130.30249399546457,0,308.1548566596061,0.7926157284999977,0
9,147.84030630050248,1,140.56320939827435,1.0,0
42,47.26620472644258,7,362.75774364629046,0.19269346498432147,1
3,51.97663367321712,0,201.107834696846,0.7892943571223234,0
5,183.52141106648293,0,241.00907742432395,1.0,0
5,111.12678437371869,1,241.85588491378894,0.7728374409874652,0
22,80.08376863073664,0,221.75793345594332,0.5904312359605447,1
42,33.77851441103993,6,253.81293755313897,0.3636161031691505,1
7,72.61324400685324,1,392.2154948628719,1.0,0
5,104.40526888573612,0,109.60363370571352,0.8447716251303568,0
19,8.0,3,205.34450339403656,0.5973746601074957,1
7,135.43994388417985,0,256.93885856146386,0.612168838732616,0
41,41.088168021804854,7,302.19593804560935,0.03535539488592017,1
108,18.609164457375538,1,157.58651322336925,0.17587307476389547,1
4,120.54465631592106,0,306.03524573273234,0.9875499788576221,0
7,170.04071542375505,2,232.18322280461192,0.8557256511263757,0
5,83.91801604432625,1,301.53112489918897,0.7433923984620546,0
6,215.65379842556806,0,60.0,0.9995113928320519,0
7,172.91078842249038,1,307.2282584774364,1.0,0
32,40.91955623864984,6,208.71024310657558,0.5381289118319883,1
18,83.37388189717723,3,262.0435578822624,0.11477923155774424,1
34,5.0,7,131.8523738117377,0.1759919454301737,1
2,162.95798618016565,2,229.80947383192557,0.8867118112892359,0
2,173.78268738288253,2,247.99437484354127,0.7693686039040444,0
15,8.0,4,300.68941175635405,0.3519676518000254,1
118,20.828427286977366,4,112.40297004135789,0.26010400355646823,1
6,148.54073621278602,0,132.8051334942681,0.9754901213359478,0
30,48.22713810454949,4,249.0841824408918,0.44229147019118376,1
120,21.515649864697135,1,155.9776261528111,0.06661222028791056,1
4,59.85455614614815,0,263.6669018114203,0.9831091469998325,0
76,15.16183272775158,1,133.10438055895884,0.12103922021981402,1
7,60.42151306416234,0,147.62203765766478,0.9577653387676653,0
21,46.00478219612894,7,127.57961530292725,0.5640078883370171,1
28,5.0,13,40.0,0.15258449757611822,1
5,97.14792142305421,0,217.21861708529104,1.0,0
4,118.69772255305466,1,246.64618061716726,0.6762874134625159,0
5,113.04096868323984,0,221.92833982012206,0.8546083244852765,0
2,114.72966088270623,0,244.1486056580418,0.9121946325170348,0
37,66.89438962248752,7,59.23496909199294,0.4687017277145836,1
5,101.15684830965286,1,240.17451416353475,0.41124870262424335,1
5,84.05935050710228,0,228.94265712155692,0.8714667737501823,0
4,150.57639678387284,0,236.27966341795303,1.0,0
6,190.24590848869775,1,245.44761734496464,0.8930336607629467,0
5,82.59633230333822,0,250.49380030976678,0.8697622464489432,0
4,134.67521909887054,1,381.99337789590106,0.741311890175797,0
2,136.53810194209774,0,283.810165146554,0.9789916676065487,0
4,118.88461271053669,0,180.08368157228875,0.792929701206985,0
42,40.95850584069694,8,249.66790053387655,0.06772311845661556,1
4,107.17233270505275,0,289.6131458898756,0.9553398418437832,0
9,56.14189222104653,3,243.14434554382166,0.40122208021695227,1
5,73.05176811608584,0,145.25810256213393,0.7765216455208769,0
34,50.13954092745832,13,148.64743165000175,0.3836530268062638,1
10,126.36631357605556,0,291.2108607828796,0.711982248573605,0
15,107.2461864311833,5,142.9110553791061,0.07337331087514083,1
4,99.39226742152091,1,259.39677711066633,0.990644878759765,0
22,64.41948738237465,7,182.56072126909407,0.5980226522183124,1
10,90.6750945184234,1,379.5789241069716,0.40285829334070444,1
4,89.96206826894392,0,304.5045569534815,0.9622673589579791,0
5,77.58083012662271,0,164.06610049771894,0.887923052903911,0
36,42.409164620908065,8,40.0,0.49521512046929334,1
9,163.7723195855815,0,230.3266901281989,0.7986885821666971,0
8,148.79113132196298,6,232.67158779478927,0.5901762959249355,1
5,105.94614986505351,1,191.5664770102411,0.7263554092056232,0
5,128.16574165060462,2,293.2709544003134,0.9459200102624862,0
5,97.2948657573711,0,274.8291528929095,1.0,0
38,52.04636468056727,10,197.52918559988223,0.4311205579314161,1
106,17.12705788242738,0,229.15202132672732,0.14009282262896813,1
2,179.02286948290703,1,260.78654803258706,0.8936409420986267,0
2,162.653657053782,0,210.67077045604702,0.8213240623971835,0
3,41.29844588515628,1,344.50834941859546,0.9866467905192033,0
6,84.26660353970934,1,288.84299455232383,0.9089135824123108,0
61,14.150859476938862,1,129.85598571492,0.1204223287478198,1
4,164.40422929903778,0,251.08237690519198,0.8649620238695571,0
5,179.11865689393034,0,259.2568264917695,0.6408793238248939,0
6,121.8962567111735,0,321.7734625106402,0.8000947858326489,0
7,86.46446429047418,0,198.72503922529074,0.6795945014577335,0
2,22.033531583352097,0,60.0,0.9202834189875613,0
22,82.71033177746253,4,216.43431745819916,0.4092377778432554,1
62,31.762596687276748,0,149.11801240607852,0.0,1
7,141.89315843297842,0,264.6894110456107,0.7505700716921844,0
5,67.23046966174675,0,99.53902737793098,0.7932848217638965,0
3,110.83513784771503,1,60.0,0.908673596039899,0
123,18.992782951475597,1,173.68656109314082,0.05799203161633229,1
3,98.91917395999985,0,209.65952007210387,1.0,0
19,42.49413574518572,5,211.25966818194564,0.0,1
3,81.8179348468345,0,205.4657780504666,0.8908029280275107,0
25,21.56528107771835,8,102.47890852569913,0.38735764044335386,1
4,113.8570301325476,0,91.50729862240323,0.9195373130404036,0
5,170.97703342290131,1,154.16847037418083,0.7916302034127232,0
6,155.558325668187,0,253.47467966394984,0.6961053503741113,0
58,37.462248340205534,0,162.693676731513,0.08940487741212114,1
4,146.53247405233353,2,313.06238010878883,1.0,0
4,193.71587407547582,0,314.7450154937439,1.0,0
4,91.44072153814648,0,230.14739346111372,0.7184025766751916,0
17,96.64284411918428,2,263.0691739118971,0.6565144120506452,1
5,133.11404989706034,0,239.8470553345907,0.9360290533617075,0
5,107.88906659934568,0,168.9488335250802,0.6913158547890244,0
24,65.58851119818938,11,205.94373091109478,0.20241086410073986,1
10,79.68438490541189,3,177.28604401430604,0.15972953401356926,1
7,100.58740839801195,0,186.26738518511564,0.8055436137164347,0
5,119.08538935043065,0,148.80463863821484,0.9895465823990275,0
4,119.57380396008935,0,338.13557680558864,0.9894041980747185,0
6,56.025643871920366,0,96.70268223099222,0.6949042056680796,0
5,93.72738033993204,0,105.50904237305238,0.6586015570900852,0
5,172.71309059501021,0,281.7043388606173,0.9582530779900509,0
7,17.077653365791612,0,324.2643047332832,1.0,0
5,128.29532179103106,1,271.5693362562023,0.6743326818523978,0
2,124.35296312875145,0,254.33423880686988,0.8030876611741171,0
42,7.787959369398326,12,151.47074662978238,0.3801159416207036,1
3,126.39247597848166,1,244.7817714819077,0.8580134033467599,0
83,45.54796775581977,0,123.98621024834047,0.164564388671046,1
57,18.768530050596645,0,168.7992694305253,0.07196467757676009,1
4,136.25987284113876,0,238.01417690087052,1.0,0
37,38.42491767734556,6,260.2027251580256,0.3532498753957911,1
7,154.2591504818692,0,330.39953958404755,0.954763658373566,0
123,12.75658771567452,1,118.03052009917354,0.20247392651123738,1
124,19.96765952124394,1,181.47351979982798,0.0,1
6,114.89543726849485,0,371.17802101948644,1.0,0
4,123.80859456724416,0,249.78556868054395,0.7972631558975347,0
8,217.8297348481252,1,169.47277476602565,0.92188914522176,0
3,92.58750453235241,1,149.92171496531984,0.7768747170750111,0
32,12.258589300464266,10,211.3876412130865,0.8204749577087204,1
5,65.36127524419291,0,301.15799355282536,0.7360797075012805,0
5,67.18888702168451,0,331.5166251023419,1.0,0
11,100.9807529924374,1,145.15401244158815,0.8047620401027834,0
4,108.754384470348,0,146.53205238637042,0.9934598830835739,0
106,25.757539187392492,3,174.26488447966173,0.06853515892869462,1
11,134.6128030088668,0,302.7540364101731,0.9450872795240728,0
51,17.166870245207992,2,52.5212098390993,0.0,1
21,40.927774946679804,4,230.97165054776752,0.46395356367236157,1
3,153.67724789804763,0,368.8688744173996,0.9554518849728849,0
5,110.55906404569988,0,85.94638828864156,0.9035588415704228,0
8,141.78484517314087,0,296.98109050023254,0.8290340605501303,0
7,191.3718082876419,0,299.6611120843967,0.8577996759801872,0
41,44.818072735806,9,74.17551394542534,0.5578150694783994,1
14,149.03829517606587,0,192.13733812805825,1.0,0
6,156.21829881612888,0,316.21365016277014,0.8435198174637953,0
3,99.85001951550916,1,122.26067349039731,0.9809268060525747,0
102,13.77342143861882,0,120.80519201672172,0.05546765127177496,1
122,5.568055000483313,2,207.20674383528072,0.047611552468551546,1
6,154.66422124564428,0,118.5514096127742,0.7681455078216569,0
6,118.20546008021877,1,364.7252316412179,0.971287947095114,0
5,28.645138534855796,2,262.97591144582333,0.9980611306009824,0
52,19.316784369607337,0,253.13013214249614,0.10265033695074002,1
5,116.6331913298396,1,195.78891039722504,0.9734801412285541,0
2,132.35001631956058,0,93.04175820905616,0.8656413550415601,0
20,84.2706902949359,2,236.43702182244715,0.15151704941019128,1
5,54.25675899357165,0,307.03971269034906,1.0,0
8,77.17952929332088,3,92.78163600697894,0.23270903156374007,1
2,109.76874644333748,0,311.4740831712482,1.0,0
59,2.290626779540016,0,217.11273572018547,0.031319209211667164,1
3,110.21293925994219,0,198.49973095408114,0.8198800933579995,0
7,70.06820999323122,4,282.39411108759754,0.7980938556625313,1
1,130.06551814819193,0,176.4497702284298,0.8345229069428565,0
9,83.15876925082452,4,60.0,0.5932010997744437,1
5,168.77439161050964,0,176.72319904623586,0.9530134356856754,0
8,94.61154531710491,0,307.7723266504171,0.7628504823022166,0
3,119.20718877650974,1,186.49553187674186,1.0,0
5,75.63805947310152,1,430.28414476951775,0.7853714897406942,0
2,127.74042021389961,0,276.3346099024326,0.8356462776093309,0
4,169.9885891607783,0,169.76381838678822,0.9617712930045034,0
65,2.0,1,150.1052491368582,0.01849751057770636,1
3,57.09268868836378,2,191.52196147166546,0.9248169020359646,0
4,60.93498515866153,0,314.94583272063886,0.7939084065582116,0
6,118.85396309322735,0,314.0873285828858,0.9232528447458631,0
5,77.68341655847833,1,311.0051382963863,0.662612230316521,0
3,132.1842340211958,0,215.2234251224776,1.0,0
115,26.17257293967706,1,40.0,0.0,1
3,113.78790293195566,0,238.46984844122346,0.9545080859073279,0
25,89.4941803523824,3,272.4657490509117,0.2463877741264946,1
2,81.3786455561488,0,259.16022836436406,0.5911141598342583,0
3,150.0292030281354,2,391.3212091520894,0.990472319393424,0
29,32.276812263652076,4,175.37823352543617,0.5269473759683585,1
7,153.4226010226415,1,348.4644362162055,0.9410561400049574,0
2,125.35164063248168,0,259.5710552577467,0.9585125209778534,0
3,102.18920071060946,1,288.64121421910374,0.7715378014636036,0
9,90.87356323203764,0,293.86909988482176,0.7732160152958167,0
4,98.22742882690245,1,269.08948957451895,0.7427932470275669,0
6,112.85234213426985,0,355.7104753149997,0.8413257429397782,0
32,27.899814851506523,11,211.2926766171118,0.5470733665390437,1
5,127.3761186408937,0,244.82891828245522,0.7822900639851792,0
2,108.24708499327774,0,219.3568805310641,0.6564250631308964,0
50,28.270968819264993,0,181.8563822296123,0.08166772546453713,1
6,90.70281567409643,1,361.0941576502586,0.8037714366502725,0
22,32.92966696293646,2,153.15727000224612,0.5608213790230395,1
6,116.07554168695481,0,175.06225319462857,0.9164493964874049,0
3,126.56500269050238,1,291.8213462607827,1.0,0
10,165.52575846559031,0,271.1377412383882,0.8447633851712582,0
14,50.97712745214227,6,189.2428780861179,0.4490514498070093,1
6,178.176799800215,0,322.80502740258834,0.9924169126354662,0
2,115.54669538554093,0,207.44636071887487,0.6380376758694156,0
2,168.17609576224842,0,444.5166577747006,0.920540996351032,0
20,59.9315537311372,4,181.34594048681612,0.5023469903651213,1
3,121.86215498895054,1,157.64142751772079,0.9439678542228505,0
8,125.58173974091194,0,337.56015972866254,0.7101442707404788,0
29,25.081213642171228,11,132.28143067789122,0.27508257661949403,1
3,83.0963299826359,0,245.2269723036238,0.7563168368415102,0
71,4.971177323533568,1,215.64823354958978,0.0,1
7,77.75789492868827,1,292.6920939960929,0.8156893511735922,0
3,177.18718512851495,0,257.33729805034426,0.9008455605519089,0
2,111.58687277031989,0,386.52771151675176,0.8464076816482567,0
1,117.12831190489898,0,210.8718213338494,1.0,0
5,109.42873026131191,0,144.72021383312597,0.9726924637779165,0
5,117.00287114896187,0,314.43197899628524,0.9774076249244944,0
11,114.31841456725087,1,71.60754478766745,1.0,0
3,95.03796499204826,0,115.24257178129551,0.823911476656986,0
9,58.98549253125115,4,96.25691542470986,0.19283849951975884,1
5,85.82189023783005,0,142.83340214231728,0.8714518432642497,0
5,114.41539578379385,0,294.49405274704327,0.8832807455254588,0
7,97.16272577996133,1,159.51576141526238,0.4656767428907662,1
8,53.26952795163954,0,60.0,0.7607874769557907,0
5,130.34637617211493,0,276.1689456349624,0.6662969058021017,0
6,181.86907126296774,0,290.35577882268393,0.8727339539635968,0
6,115.98112780450822,5,265.8784148342483,0.4426410830443496,1
1,92.84177274189678,1,353.74764121987823,0.8169666798117371,0
111,20.53809489589733,3,183.2321713558871,0.1519448109451771,1
10,186.60691884336094,0,252.72178077833053,0.8296358892905428,0
5,126.4525812875067,0,242.06918652615155,1.0,0
7,102.24740433586737,2,178.82714951309794,0.7370691012239954,1
13,69.47939047569034,7,129.5836744689549,0.19022553711689089,1
3,111.09724400753471,0,320.75097562894183,0.6824031672608777,0
4,57.724742247043146,0,149.41413919611034,1.0,0
126,21.74536138230095,1,74.19782306161098,0.0,1
29,19.856268291389924,6,40.0,0.34482536109860296,1
6,94.07142106974202,0,278.4181231625263,0.582165832399222,0
1,115.30428872013246,0,276.0810473887605,0.9062716206435152,0
5,94.11022757595975,0,105.92818176353339,1.0,0
5,161.90808049077972,0,400.81174822567846,0.5809791068814557,0
10,78.77674580264446,4,136.61153068477918,0.41540048341111935,1
7,138.53790181977203,0,319.8748583778796,0.7740669253062187,0
15,93.84925587454747,4,349.2076644764009,0.4963394819140809,1
7,139.15545711210387,0,238.5706458239862,0.776370155406673,0
123,20.569178364386676,5,267.2390033327313,0.1465967604761827,1
6,110.78290419183189,0,286.12651106336733,0.7823673085213675,0
2,142.51115849892065,0,257.9060175529606,0.7489681338003248,0
38,31.423099415768004,6,215.77106182771738,0.47030910405058607,1
2,160.1438920990233,0,363.0827047526355,0.7700421129511997,0
5,101.35567830286729,0,311.6678098127818,0.8745319781865343,0
5,149.52282123937053,0,459.051564908901,0.9049432039912105,0
5,120.80229749949805,0,85.85567106821759,0.8394103129292608,0
4,106.1034582780865,1,204.26245693529245,0.8736249181370787,0
122,29.71256667421497,3,200.39151195500213,0.07119088491159276,1
7,73.1719908372996,1,81.68049158060164,0.6895734616741199,1
41,19.822947555967755,9,214.47704329906088,0.3428724824257406,1
3,134.5735196388135,0,415.5371402108459,0.9229769522390826,0
4,109.47874463857033,0,208.59321231329554,0.8509707491711372,0
2,120.03058927126645,1,191.68892478307689,0.9201233395827109,0
118,14.015727656967137,2,100.45713927080452,0.15285067491361298,1
12,87.25464290444975,1,216.92384970215764,0.4219369066262297,1
3,71.66643041878793,0,300.10321066330187,0.9077703353756482,0
42,50.908876003481616,7,365.40379800128426,0.27630095746733935,1
4,160.66539043895565,0,232.68550541765092,0.9132553363196312,0
5,45.76645467106112,0,288.3120838180669,0.9166458907944062,0
130,34.821572018146334,2,182.88169781236218,0.12272833559497152,1
7,138.22258446781956,2,270.9733936292542,0.6989278943901915,0
5,117.00822991077233,0,264.0533235406371,0.9722505032593981,0
52,2.0,0,224.66751832162453,0.1356168957508214,1
6,130.8303060392433,1,198.10857861149321,0.8573214775322491,0
3,101.87284709853071,0,287.87275161613127,0.8629987490701622,0
5,153.94754352232016,0,182.13385759984487,0.8707307955886339,0
54,21.369034840425314,1,149.72801565404885,0.31152251356941485,1
17,82.3509577138769,2,203.27096107412567,0.417577350504481,1
110,3.580565302594636,2,233.94515918479806,0.0,1
2,89.0064436875899,1,100.27637505501728,0.8452484262393266,0
9,213.46170202432722,0,192.14878807850135,1.0,0
6,130.68909084052953,0,110.64215002688277,0.903655609629932,0
122,12.916752422666727,1,118.86259211806971,0.0778962962186149,1
6,145.60896938351925,0,191.85491204486038,0.9737021844664334,0
106,9.767443078508606,3,296.75006861772476,0.0,1
4,87.02990444853947,1,316.09152143029917,1.0,0
3,119.47778046749929,0,163.509625848548,0.7220142192369452,0
4,118.54735925411818,0,323.61859431949944,0.7950271721419692,0
6,174.2041844001451,1,220.8735651700494,0.7104990050376354,0
119,2.0,3,130.22006871226105,0.1307226986695356,1
8,151.8473185758704,1,120.49937874113687,0.8676522452991007,0
6,148.43619222405704,0,300.12227569751883,0.6627644271775934,0
7,163.28826443497636,0,222.80596883967726,0.5607483782807837,0
5,85.62123321704998,0,165.36387315597858,0.8760800699750577,0
5,95.42792101562722,0,342.58527712266954,0.9997433361654648,0
6,31.58991078218026,1,151.17896761895184,0.9111740218284402,0
10,109.54216324664452,0,221.37878316720628,0.6066975663572286,0
7,112.99247487434384,0,100.49337143721695,0.8856239553942942,0
120,8.099450805569822,1,125.84928234843929,0.13446677904539042,1
6,136.4053532918817,0,169.0046835376366,0.9209990313730868,0
5,62.3971074546025,0,230.17957869068908,1.0,0
3,145.15678499295882,0,452.56624696815413,0.7485611284447181,0
6,125.63953726469705,0,296.91500345828956,0.9238891136568512,0
6,153.0359731546451,1,232.5920065665806,0.7872288575454318,0
6,126.75363971550094,0,157.50851402383466,0.8435282900457073,0
6,115.0383386210755,1,195.25097939670485,0.9372722749042114,0
6,114.79010112250157,0,198.45642560349665,0.8657654168604388,0
5,124.07226006353751,0,101.72301642457978,0.6288995122864443,0
31,15.302727495316613,12,154.3385054512264,0.2757849668662886,1
4,123.23876066163943,0,146.28269647971615,0.9855645383844539,0
5,80.92666425388074,1,319.2630868610311,0.7841239591060642,0
4,110.98243116854708,0,278.2282969364938,1.0,0
2,115.22376580265885,0,193.7084021408452,0.7795080202315383,0
4,148.4092126931679,0,143.2257712598002,0.897014861990622,0
2,25.83463246933171,1,162.06281321186447,0.9010439283911255,0
4,127.56041780210164,0,257.7901673945749,0.8030107107605599,0
31,15.79287831259847,8,261.7549352187594,0.4559215730971252,1
4,135.99211601171618,0,289.97832825976326,1.0,0
5,50.38896740138284,1,340.07648585555967,1.0,0
7,87.00128431683137,0,380.3785341214312,0.763209635577179,0
2,119.63877440825186,1,248.23920115377413,0.9944584736267631,0
1,93.45724639309468,1,246.92418648275753,1.0,0
30,58.44770573263017,6,222.31126717100867,0.3353738054576399,1
28,67.87020150026216,8,100.30203532779264,0.1039025263447003,1
5,104.08337181867765,0,192.91236523767583,0.9959762099340075,0
2,158.32107920253242,0,334.04035750182993,1.0,0
5,119.55671482177773,0,282.84337169808583,0.6588291106960539,0
5,127.2612578782157,0,261.5023601862775,1.0,0
75,10.904786360226133,0,97.00429356190334,0.2393700980644772,1
8,166.79249681545699,2,310.31738292023647,0.3343470209382527,1
5,123.43974054003594,1,227.42624228434929,0.9252145229397112,0
7,77.29926993774556,0,198.82202773995357,0.7519308363415919,0
2,70.19245333690985,0,180.7968024232902,1.0,0
5,140.41183292017345,0,147.55284409338313,1.0,0
5,135.4997107740146,0,116.20608908216244,0.8846118092847253,0
8,174.42880190818445,0,303.38381229992194,1.0,0
3,50.492766152131026,1,228.1748291920446,0.8015900299970656,0
4,132.82665024355867,1,231.30650060206813,0.9612676522416911,0
4,177.47603294791548,0,159.96848910182283,0.7272282163707177,0
6,121.47594215360287,0,319.133358432292,0.9602574843348118,0
9,122.56605327070743,2,263.8119816453954,0.5936105518202351,1
4,147.47902649214876,0,230.8740394134171,0.6719407830166652,0
0,144.08743867904587,1,217.23586430877364,1.0,0
3,66.11341208579795,0,237.4682404059337,0.9502307897364326,0
8,167.69622260254081,1,419.9373812427078,0.7212878581908442,0
7,135.33279724760052,0,388.3484107918605,1.0,0
23,17.846110314119294,6,290.31595160568645,0.08034111766987242,1
22,35.092097943626065,6,60.0,0.34710446773427833,1
123,6.185917402516809,5,90.59874656424606,0.10464855114672662,1
6,104.49310633352395,1,121.84248995057354,0.8399192293477714,0
127,15.313733822350336,3,150.55098445045567,0.023163398866015927,1
4,186.35703270169452,0,165.9252369665317,0.9032781881588462,0
3,162.78788112900068,1,155.87714572227296,0.9984673097803667,0
7,167.52003982457043,0,321.78259452766156,0.9012076322110989,0
6,52.61957758410476,0,60.0,0.934186650781312,0
114,2.0,2,112.12164317095588,0.03459490597366493,1
1,137.75484949449572,0,214.7091644770333,0.7740485376971595,0
5,155.5437640316763,0,179.06870078542667,1.0,0
26,30.405215668848783,4,205.7094838284976,0.5797999829591114,1
9,120.68223545396556,2,195.0401972631098,0.9421588955546174,0
4,124.42012875855897,0,175.37983815943585,0.6554753342872862,0
17,64.25487659118724,4,172.70994942804143,0.31286262221133276,1
1,151.3662700190784,0,240.8765469602787,0.8504799161404127,0
34,50.22500880912632,10,233.55623445020413,0.25696305166554795,1
64,13.705466036082449,0,233.02034084663694,0.0993007759437806,1
4,160.51043237273643,0,117.16950096615867,0.7043339467367837,0
10,105.32665310724765,3,141.1538557176041,0.6797465063621695,1
117,4.67377866169776,3,140.28974926673874,0.0,1
7,229.0650266317495,1,188.0448083149732,1.0,0
106,2.3822402891781747,0,48.33063817508898,0.1357603634902777,1
4,131.65037238016657,0,245.39935851761638,0.8012222618501795,0
4,152.9941713854753,1,290.24209158831405,0.9222290402939147,0
9,104.21310290670615,0,344.92112368851326,0.8536517361053867,0
10,134.1110618159351,0,320.2194566832847,0.8046618360873365,0
9,170.12230472722646,0,206.67974163137936,0.9407173866278596,0
7,78.51692135191439,1,186.03536506341152,0.8953684444637589,0
35,13.295694129671668,7,126.89367054828756,0.0,1
6,181.17163278983662,0,328.338892562122,0.5767749953327964,0
5,46.07765711631952,1,262.8124590391283,0.9159843600493832,0
7,173.4873265582673,0,235.07772368050968,0.6582896786777974,0
1,216.66505712117154,0,270.94047362394844,0.9379042522530715,0
8,70.21808102114628,0,295.66338570676925,0.7511511034617613,0
6,171.1884210049848,1,248.75604329008374,0.9516221098441524,0
5,184.00496694231316,0,213.14243517002595,0.8821251191879905,0
4,75.61291495800884,1,340.068977469487,1.0,0
6,102.505640166546,0,349.9836581507635,0.9654014086940026,0
4,109.90940506201261,3,335.4741535795176,1.0,1
3,10.0,0,329.19388384117025,0.9846149324403491,0
129,15.950328715069167,5,54.58342119280448,0.2750730440808156,1
49,2.0,1,219.96054504401832,0.10122194276760366,1
7,119.29370480932728,0,236.03415404594196,1.0,0
3,162.2529652910021,0,218.22976246340016,0.7951196331616477,0
4,161.95861270074835,0,364.92474766314143,0.9514446550438055,0
125,7.765674860224339,3,235.32077714625711,0.012989535814404275,1
22,47.084874394509946,8,236.84796882105192,0.4240388903735699,1
107,24.796911448684963,2,148.56329403009684,0.17562243753594325,1
8,83.46167330593929,0,73.78769818428705,0.7272825738794958,0
5,97.94892422198284,0,295.40215467403925,0.8523709512801713,0
4,93.46630821355137,0,220.15221924785692,0.7004311360524024,0
5,100.79042371431126,1,315.1579376235039,1.0,0
1,99.78393728637731,0,300.52670888846836,1.0,0
15,78.90793170127446,2,301.3024962701841,0.4024569631205779,1
3,174.75290915450557,0,95.6257826124519,0.8409986006420204,0
6,98.95433835893738,0,345.7167088462638,0.9006720233265844,0
4,85.6410900921405,1,301.78064591996525,0.9302703929666968,0
36,24.36131756664955,9,40.0,0.35836307798517836,1
4,167.54992560999574,0,353.79663416963746,0.6672875955636879,0
3,106.36862913463777,0,296.9176968293211,0.9217554155356551,0
5,113.8289499856053,0,269.32173690185596,0.9377895043120912,0
4,214.91024658147526,0,404.6147204987737,0.8600840629335517,0
7,116.37394827274669,0,329.8933031719561,1.0,0
6,109.74574834407375,1,329.5532452246688,0.8446564845066165,0
6,127.3581558703992,0,226.08072624666903,0.9583118962323003,0
26,127.4070194576754,2,130.70924036647355,0.2856465339543126,1
5,144.29896205253158,1,250.0680927310738,1.0,0
6,148.81554586314758,0,184.56671458760388,0.7265206723689427,0
13,71.29130601354571,8,254.74101937461452,0.7320537023168572,1
120,24.060365259884783,1,109.87442141670932,0.09454001721529205,1
6,113.50110225855508,0,306.5583522511314,1.0,0
5,142.99837988615852,0,254.32983472685336,0.840808326051989,0
40,27.062386282893645,4,173.56721499338283,0.5005235961076517,1
6,153.46012617780627,0,209.08459174841425,0.9126484083081088,0
4,84.66124822673302,0,366.8849298665863,0.9081369556211066,0
5,79.41541390422944,2,184.44763255039538,0.8916479391185141,0
56,45.73065846129994,0,157.12484303901948,0.12526343259759717,1
4,91.97250223964873,1,318.23560617798813,0.8993052022043844,0
4,90.30814825511995,0,333.3321810985933,0.9704074944203234,0
3,83.76182298295707,0,199.78059281251845,1.0,0
2,84.88625359714644,0,333.7571021500159,1.0,0
34,10.735137256000968,13,120.9254757876096,0.8839402643438754,1
8,115.37213773268283,1,300.4155406818695,0.9406404737745349,0
6,105.32717328289812,1,334.255868025956,0.7425617839979762,0
3,150.30196380840098,0,195.67289925791835,0.8738782363766368,0
4,179.12528782996756,0,265.4320378886613,1.0,0
33,44.33845396472082,7,271.7327769530212,0.1888550608588547,1
20,62.592235564186296,3,278.56763982733685,0.29198383021891383,1
29,45.30704053599343,9,341.2926928511105,0.36273389514803334,1
21,83.26935680810814,7,192.25247525271868,0.3308233192403592,1
6,131.26450885520023,2,347.78057914819675,0.9849267895268393,0
7,92.70359099210614,0,382.1779372833481,0.8107336746530276,0
6,176.17962826995867,1,201.50787964876474,0.757816813792976,0
31,29.159023098981727,13,269.9032865110502,0.6428411812637791,1
4,110.77036890071732,0,160.9269131413672,0.9060307976295443,0
5,70.84570060685314,0,189.25251461941505,0.9342193206195437,0
128,17.080972202107443,0,94.15803415345191,0.06903456491040483,1
6,87.48311126002804,0,277.83985796931717,0.9005581038896889,0
9,85.37993160593462,2,184.89292652160796,0.4172430587450665,1
3,68.6758085480807,1,271.6590277689242,1.0,0
43,44.690437510627234,8,182.10891223117716,0.524999247975766,1
3,43.48226062874244,0,283.5396120860747,1.0,0
17,8.0,3,114.52273321741808,0.18478005020794053,1
2,145.77596109368346,0,333.1687897579011,0.9106246385257395,0
6,80.27245069254647,0,232.66279316690918,1.0,0
7,67.90625407866904,2,242.97335302827702,0.9306554278316231,0
119,10.866044446725484,3,84.60248502754176,0.04014057891727971,1
5,117.38620841132315,0,283.5606064938809,0.6457162637982434,0
5,116.54962640548922,0,332.7071122402143,1.0,0
6,155.27866693937176,1,226.46111607995368,0.6604980228154558,0
137,3.6304510319050065,5,138.63622357950047,0.0005616287592397961,1
17,20.29542432568588,4,232.32260602714527,0.0,1
4,107.94692420126674,0,197.47349771020703,0.9813648137887642,0
15,84.71882506940251,1,146.0861214464038,0.4901529839128915,1
17,88.27037162630775,3,157.19352131549553,0.37768720705903813,1
11,176.6013174496649,0,354.78429661935866,1.0,0
2,149.33889070362278,0,151.9146728412561,0.8606698662635925,0
8,85.25505015737016,0,229.6700038319031,0.9765369202593349,0
3,172.13317533803712,0,319.9845775124896,1.0,0
2,85.76081802201179,0,214.98183235358758,1.0,0
45,82.88229315850641,12,105.90800946194081,0.42560106125382746,1
30,5.0,9,367.88375982309446,0.5172795790723295,1
5,96.09016748454343,1,60.0,0.9226139582034434,0
6,169.05022950717898,0,276.2747005903872,0.7350445032674404,0
5,120.93522085898702,0,235.62555142162282,0.9692213796541405,0
125,2.0,2,130.53750807526305,0.04298988725456146,1
3,109.45549151654613,0,367.4251998202508,0.7923393994992949,0
3,86.75802749151805,1,257.298290192332,0.9681780177705965,0
3,131.07864331377115,0,253.06329556844435,0.9961136150019559,0
110,17.73377356000815,2,112.8002649187358,0.18768593946709797,1
5,135.88486568620246,0,381.0257378662488,0.7776236028465745,0
3,87.31363390244258,0,287.82905729793885,0.8787409528729444,0
11,153.20984989392352,0,290.6824076712686,0.7945272852282174,0
9,90.31628997493037,0,129.76168185870787,1.0,0
5,134.29447075843083,0,105.82684454831119,0.8207008597886493,0
5,159.3165804244987,1,331.03943093031296,0.9770119322549433,0
8,142.97975235091008,1,352.9346665324268,0.9793549538330246,0
5,152.65329138719133,0,210.990144868276,0.7880632571044921,0
1,72.89341466645038,0,168.44216074188586,0.7530398694677907,0
9,174.65014798781817,0,282.1406798287531,0.8556000790661376,0
7,129.60784391791466,2,188.19743835654387,0.5931925275093219,1
2,129.77690443166378,0,142.29204827790807,0.871476114247957,0
6,97.31400400162535,0,257.27749487929094,1.0,0
15,98.84187643277872,3,180.7738117926376,0.5087803439551644,1
4,190.94362590137587,0,326.5851681554497,1.0,0
7,196.82465375444403,0,194.96137651065004,1.0,0
11,53.557976685405926,1,339.003230193288,0.24190410487546113,1
31,19.32611223533347,6,242.44738515532882,0.0,1
7,62.09468540539454,1,301.61340852972927,0.8102284128053658,0
9,106.58239294469878,3,221.47671938549948,0.7528876064811971,1
8,129.32978770449049,0,350.2984325695356,0.8082945413062537,0
7,87.16390485752396,1,164.0676114157092,0.8784675942646778,0
3,112.28386711035081,0,162.45219190380837,1.0,0
8,106.48607505767117,3,167.69861633863007,0.505441377766585,1
116,23.321157849035533,4,154.2816397233158,0.0,1
5,40.42492128827783,3,229.398763905711,0.48016720549769065,1
1,96.5295007446484,0,233.50100308763226,0.6067694973593303,0
3,105.09174967585989,0,338.0076068145055,0.7050694981863616,0
6,133.1521584347003,0,148.31571583310617,0.9538950107584206,0
4,102.72477867308221,0,252.74401543275653,0.8593203405481035,0
6,95.61077043236138,2,124.16651854927278,0.682391288460378,0
27,8.177396465424456,4,222.40452593635618,0.34330656417332694,1
4,136.25647690581073,1,153.10740403805397,0.7587250727851904,0
38,5.0,11,166.24463489741999,0.33990128061342817,1
6,82.37517157179064,0,311.6027687816944,0.8151932827341187,0
21,112.09871355018582,4,230.0561574860885,0.37793734631711257,1
10,76.40544270241286,4,193.34018364999628,0.3628846949777688,1
0,196.86875164311675,0,311.0771718522665,0.8374054084614823,0
6,87.78830838210158,0,274.44933758491646,0.8593069475471845,0
3,96.49232778247614,1,276.4089419556271,0.990222193094152,0
115,20.88147264011501,0,80.48169186625243,0.04595216283059527,1
5,63.82052128750476,0,194.63934049683192,0.8743872537647988,0
97,22.639312774875187,0,136.85517239497753,0.0,1
4,76.7482965037619,0,155.29344733778262,1.0,0
67,25.713638681178438,0,159.19388976754828,0.17138407790179097,1
108,11.13124034765125,3,151.7688263334203,0.22644870884534177,1
3,177.63435795806967,1,384.84880442135847,0.6767058177715513,0
1,115.16744858566736,0,416.8431760291086,0.8633403691231941,0
7,175.97908805937485,1,116.06216171165251,0.9961520613757099,0
8,146.072091525497,0,154.97312290723488,0.9650747938453785,0
8,189.5475945949357,0,376.56471378373686,0.9771133579258336,0
1,117.4577233800142,1,248.00995805916764,1.0,0
67,12.479129937604446,0,140.5636716430528,0.09631929097300022,1
5,118.42917342618071,2,273.14972171371346,1.0,0
7,186.31948833841446,0,208.78760247514677,0.9087999458600501,0
4,66.86224697259085,0,259.7643641314511,0.8660555014080336,0
4,150.92644810319578,1,60.0,0.8899402857627191,0
136,23.771298706136708,2,206.6448534294551,0.07792712893762192,1
114,21.298366205597688,1,147.22362741145517,0.09457873040499551,1
38,15.356511345175207,7,239.0969464205748,0.24556449340165623,1
4,113.15193037469257,1,173.12275690131605,0.905191562201466,0
8,142.48792249401086,1,258.7221736610541,0.7868546505736309,0
7,113.03203658983364,2,282.9370380450999,0.955203128280744,0
6,85.62150386057138,0,173.35050670769877,0.7009275426220414,0
5,137.13024557900332,3,60.0,0.6209376941258393,1
5,136.74857562052418,0,308.9958027193865,0.9866601913222941,0
4,164.2602126128886,0,325.0537853519006,0.8758805994414273,0
9,138.9500045768531,0,278.4289828427122,0.9388685359642488,0
7,70.10403702512102,0,308.35158966998347,1.0,0
9,128.46620919426238,0,325.2705120457152,0.893223263705069,0
19,61.074663940003454,5,222.23303949538234,0.36383497656732045,1
3,187.93520270502992,1,399.34765122635275,0.912974438690239,0
5,124.57903631238037,0,280.39357710210606,0.9682723959120902,0
19,41.04753927828152,1,60.0,0.3604197827406525,1
3,99.34002348182912,1,357.82660250810557,0.9599432558202283,0
3,129.05560147514464,1,382.7329110257474,0.8745278157949713,0
2,133.81467810077544,0,209.83763358283,0.7390635337534004,0
2,130.13462394182318,1,304.34248246544075,0.9823029950444813,0
31,36.564347402269696,8,147.51121905945922,0.5193670003413712,1
8,127.69376979880263,2,352.77866894653584,0.9997242465643748,0
3,79.1160947626055,0,179.34118903008806,0.7846056342184475,0
17,29.578528417699935,8,169.28170307226492,0.0626680968522249,1
9,41.372156015504295,2,210.21726878152376,0.602820602732179,1
11,120.91302133297316,3,220.5744087614784,0.865076148273969,1
4,131.81160868329297,0,241.0015163500402,1.0,0
4,162.34790061779344,1,99.51206243022466,0.7306520158533127,0
6,130.42846998602712,0,224.4945902500642,0.9335565955511632,0
6,124.51003433512965,0,216.2899088370879,1.0,0
7,120.10867426537091,0,164.77762549674912,0.7853836564869612,0
3,136.39612410469888,0,162.33439301231599,1.0,0
3,91.88705417392949,1,363.48619422443227,0.9247543105682303,0
3,140.38713851423643,1,285.49314774254856,0.9662296710454251,0
5,124.19726948898727,1,298.25950685473117,0.9961025585425044,0
127,15.185534757510597,1,51.543219952373896,0.06057110613464386,1
4,102.63025366641895,0,279.9073638902264,0.9112157357158616,0
2,175.5383397080853,1,270.705291152404,0.7005688944678388,0
3,122.42645076936232,1,285.8353041588218,0.7400088367243979,0
33,43.23289319244435,9,110.38991181334009,0.1946315321891906,1
44,38.36073714690278,8,195.14296084567846,0.2373616097625476,1
5,137.099105180311,0,399.75917846109127,1.0,0
51,34.83310410836779,2,150.01713642308695,0.08825268398599818,1
3,51.924246629990456,0,346.8207294772561,0.8682809123020647,0
4,88.23066835493766,0,187.92822857224473,0.7990549670610586,0
6,97.62780925280384,0,306.74799099201084,1.0,0
2,137.92640915231982,4,176.8388659883158,0.49458536944208903,1
33,6.618000505207597,12,78.69983290346467,0.5046588398347749,1
128,27.99317739493941,2,218.6229192616166,0.0,1
2,186.86044201501568,0,257.6777514629464,0.9810467418863349,0
4,44.21670354244007,1,124.4005189365644,0.9578577035785636,0
8,75.92074991793373,0,247.95476711981541,0.8303789443017019,0
19,64.71882562022529,2,165.30617796288945,0.38587960256438897,1
2,29.692655343787422,1,293.5596056805274,0.8293338666612654,0
36,67.897664302204,13,302.1891457304839,0.23714787582297606,1
4,214.93707631892815,0,463.5366626215981,0.9634648343391538,0
4,188.8171078552653,0,386.5195962631215,0.8280849214092931,0
21,11.12298340998364,3,232.09502955872162,0.23842079319018694,1
0,85.47690038605649,1,317.613996443142,0.831768300723823,0
92,28.039853128578184,1,253.2188682380492,0.1263509549274278,1
4,190.0537307026855,1,390.9353489117471,1.0,0
5,135.93784254767817,0,274.32213983136745,0.8771102865512701,0
6,102.83655249135165,0,84.9881114845046,1.0,0
22,49.62181651787499,7,134.03197553540355,0.07893320093339376,1
9,121.61544497466537,3,287.8577480186593,0.3982705811326281,1
62,28.982623899149434,1,257.619220210711,0.08850707255892869,1
8,83.1672583108976,0,371.7165723202375,0.6510698756485721,0
6,71.42351569030347,0,263.26353561935537,0.7685839585981209,0
6,43.23866290738427,0,194.66651817957705,0.8985583735998712,0
6,134.41325214258217,0,385.4795304233124,1.0,0
116,3.620564702868203,2,178.28149715176218,0.18870234813332976,1
2,165.5090522427481,1,275.0443756149654,0.9716032872436989,0
5,82.16784323666205,0,216.6344950434264,1.0,0
3,183.32113450808157,0,233.74394315335408,0.811223621847999,0
16,31.423923481313974,0,274.3667400582748,0.19259716508371125,1
18,30.574586227472093,2,204.0213236402296,0.43637002621367416,1
2,87.90946372065244,0,325.8453325414722,1.0,0
2,137.9167656754076,2,255.77608308771386,0.9096555391732656,0
19,110.88095837940345,6,214.78067337563132,0.4482211399676781,1
5,48.789770985962036,0,178.66188076173714,0.8833287233439759,0
9,52.433992480883354,2,85.16893254352648,0.5184234474700719,1
124,7.611700414981515,1,168.38855486004553,0.005436022206154046,1
6,160.8633877369569,1,317.9783110897973,0.7876751289850192,0
2,159.12464682541395,0,233.4251582020063,0.6848825413167391,0
37,61.552093177199,7,330.2727320327892,0.5410324663529386,1
14,60.630460484010904,3,174.4703400637053,0.0676421293028533,1
7,141.1385197823706,1,377.7383587178728,1.0,0
8,66.00450527824981,0,411.58527267502103,0.6347396060021362,0
9,106.86302732003607,0,159.27413789422542,0.8867317818150604,0
5,83.8047190503162,1,259.28527099745605,0.9398595416185807,0
33,28.833493602636462,10,94.47737587863361,0.2285577638667234,1
114,2.0,3,173.68866219981552,0.010479278360026423,1
8,28.95409010029404,0,279.8192547619759,0.8581081825887618,0
4,100.72182589472118,0,166.53015387688887,0.49221046846395583,0
2,125.17122104073123,0,327.7878076514068,0.7862563143908057,0
5,107.22513158238333,1,148.6084107267119,1.0,0
5,101.80782833057087,0,168.04897712168193,0.8387713728731447,0
5,68.5134091905189,0,224.43421093016394,0.933032166939833,0
9,105.26765424377288,0,214.64045160246678,0.9626563095383116,0
6,138.50362090707816,0,418.5650186218688,0.6560085799314551,0
145,2.0,1,112.66835386582926,0.0,1
2,105.7045581096428,1,111.30076458877538,1.0,0
8,173.25923639211854,0,180.6748708913749,0.9392594751764859,0
3,93.96775930341474,1,389.59900582361973,0.770389748384784,0
3,123.7136175525337,0,221.8594803543008,0.7736370831079705,0
3,158.62537068196147,1,294.6813300533773,0.6629722133773372,0
5,144.29292027203235,0,222.8648270602492,0.7773080770901222,0
114,16.393852039554172,6,136.1279748261815,0.10095284896918857,1
16,72.73123342613316,4,188.14243049764247,0.3037707556124492,1
17,27.19387995838,4,300.0673943837368,0.496632290509377,1
5,167.1800485673794,0,371.58952989344704,0.9763358406137007,0
2,178.11166351473534,0,174.46383875977705,0.8743150902697837,0
5,163.65054613979305,0,274.31349553151495,0.7821729422398818,0
7,168.1404727603114,0,221.28448369819088,1.0,0
4,92.16171896844072,0,257.2571750711643,1.0,0
6,180.22549933755164,0,184.86795380949954,1.0,0
6,109.01517526869577,0,134.71730957519264,0.6893278958571438,0
5,150.68865077965035,1,144.15569758872624,0.8630871695624699,0
4,90.76270765618784,0,351.10700535975695,0.9039414321356971,0
4,152.82836373261742,0,202.25419624016436,1.0,0
38,16.91569372365256,14,377.77426831294645,0.17022951841157907,1
8,121.24875842017374,0,229.45460740826877,1.0,0
57,8.275532131929861,0,187.26708653709096,0.25897018447044473,1
3,142.33756861654817,0,359.84694765816323,0.9862127891529752,0
10,111.84525250693844,0,316.5550644295208,0.9050430251329349,0
109,12.40902628965835,6,109.14376969510484,0.3651343351186345,1
28,49.95975271970859,2,347.9454910293112,0.6947234016036297,1
5,10.0,0,299.27187290806086,0.7548201886995832,0
6,137.27873687717124,1,165.4430487935901,0.9754413425526118,0
2,128.3427747832848,0,157.91619191889677,0.9417041010957974,0
4,132.13681462206864,0,250.96347884505613,0.8338067184132036,0
10,128.6684959862837,0,208.92123892864439,0.7712320289416101,0
12,125.86348923536286,7,180.31889037006044,0.7060178991400221,1
4,131.07657901008693,0,222.58960770917048,1.0,0
117,13.790444632962386,2,40.0,0.0,1
4,164.3950540773366,0,216.87778408468282,0.9482060686863832,0
114,26.432765149292813,0,253.2880568544071,0.13574866913233788,1
2,100.96520432346344,0,180.3171426080001,0.6340804357703644,0
4,50.643264706290665,0,273.8427684170088,0.625686755395696,0
3,36.20759894156155,0,194.93221717773764,0.9444290426945118,0
2,88.18416168552672,0,220.07258356398614,0.7075793621352413,0
6,63.42385977173631,0,129.67167087836577,0.9258258160026351,0
6,128.28272436745021,1,338.5500001819931,0.9757402302618663,0
5,116.78955646393547,0,319.4995160898954,0.7738127479338506,0
6,118.2740570473829,0,256.0742982069889,0.6687022106702016,0
5,145.8780921612481,0,292.7818329008787,1.0,0
118,20.93563926911814,2,156.62987372701548,0.352713875957495,1
11,80.60268526946822,0,284.939257276049,0.7006625837743854,0
113,8.93222109146813,2,240.58452726892503,0.052556533505765,1
8,180.6625418157728,1,333.91698817777063,0.8001279505958775,0
16,75.71664022802591,10,264.8072957123933,0.10600390281120986,1
2,164.4717375989539,0,246.59624608832428,0.9526040702007914,0
4,86.81078435010801,0,212.4830961085893,0.6608435113088452,0
60,35.283819011549184,0,102.21892122361855,0.0,1
13,91.89753832490547,2,319.7305956246275,0.597329976080339,1
6,166.87583840340616,0,290.25810659333496,0.9450233226028399,0
7,172.82347531973926,0,159.3795167006291,0.8493806266056727,0
37,42.18810271476526,6,201.39934213405252,0.4367752471673137,1
5,120.58759977395214,1,321.29822668065304,0.7597743994966106,0
15,98.75442212972862,0,193.91939128082552,0.8360230689141448,0
5,117.79619472296237,0,171.09000278450952,0.7850509851680104,0
6,73.96688361446095,5,260.46999254739944,0.3846864050897271,1
2,133.6048716307814,0,262.6854841705604,0.9085789421848519,0
6,163.34311826906122,0,252.9405172196538,0.5939374020888154,0
10,147.98303670943992,1,289.6903331723508,0.9922873024559672,0
36,58.59163670046155,7,58.03344711312177,0.25975005535600304,1
2,68.49169901283545,1,277.2195090578505,0.9409813604306141,0
5,138.98754785444314,0,296.74402094411295,0.8653196902056705,0
4,74.43917289713484,1,182.72689913352164,0.8628499809674779,0
6,144.3022119410049,0,329.1324439183042,1.0,0
7,156.84605832005983,1,346.5663318356628,0.6264735279836373,0
6,161.76198206941288,1,310.97782261205384,1.0,0
34,53.709191725704514,8,165.0601362076077,0.4571573185109032,1
1,153.8876006655255,0,203.48809859406924,1.0,0
3,141.7815478090538,1,231.17220448343167,0.7450784129684679,0
66,31.9849171706142,1,122.73274083882959,0.24124361339994935,1
6,157.34743828889242,1,258.9465664788355,0.9577596140408201,0
7,110.64681784590248,0,157.36487349445656,0.5806961763375168,0
3,183.4103235601862,0,235.00361342582673,0.9809472501686891,0
130,12.44248197762066,1,43.679485290784015,0.06664508000693849,1
6,141.18985866699782,0,151.784599486356,0.7854774469175372,0
5,113.03925229617744,8,272.6244091718129,0.9609916381497718,1
3,121.27151223276836,0,201.6425397113805,0.9580830353663335,0
8,66.48598066904698,4,189.75246951168288,0.46686108714085206,1
5,113.92433178843537,1,128.96501412673325,0.8435327056792549,0
25,52.13308141145624,8,166.36716100435083,0.4898575007109673,1
7,87.82968543820135,0,157.9251534153437,0.9396798280390495,0
4,117.13000005550106,1,254.66145815397076,0.6897863583226,0
4,169.7730822790961,1,254.05633042111774,0.8995927433559101,0
3,132.53507573770895,0,307.8663308729936,0.7884777853690123,0
3,131.67216332159458,0,168.6214453966576,1.0,0
5,69.47932683938335,0,161.12524532171142,0.8296511375250538,0
79,21.079343413820826,0,40.0,0.07786174585870521,1
36,43.401107786513606,23,204.18230694395203,0.3765837314926995,1
8,110.08085322572819,0,171.3626331727576,0.75349808244989,0
5,100.65782681526399,0,325.4792271110169,1.0,0
7,171.44628091883826,0,347.807107326951,0.8036475919015196,0
3,19.05068084180945,1,325.0772008303478,0.7692116794633576,0
14,77.12589770125136,6,286.84395859894863,0.6093937469310786,1
4,128.17618759712,8,225.9672012149765,0.6601970576950364,1
5,176.9481905089423,1,394.37631401453194,1.0,0
5,131.6248388682197,1,175.7628059803964,0.9365610627304984,0
6,46.927147247723475,1,268.0870480356351,0.29378307517497326,1
34,46.248373742786484,8,110.49093582223816,0.23585849448435486,1
4,184.17901508225322,0,233.66265787857802,1.0,0
2,185.0447308516068,1,232.59813764597976,0.7654143939048575,0
7,118.48065330492207,0,198.65642194869162,0.7533526016110231,0
7,35.73625050042742,1,381.7845618273703,0.7682882850922641,0
7,169.70637973807945,0,186.55710973515212,0.7503364710072699,0
121,10.42580984485621,1,219.1585067447312,0.17517585148196813,1
3,125.60711171301327,0,201.37606910784564,0.9064677850608182,0
9,62.11330527285502,6,205.55799860635585,0.6893527406952712,1
4,122.03438794321217,0,307.8275719280254,0.9159234410721526,0
6,124.60091349433894,0,266.75652521086744,0.7508807164534911,0
7,90.31983491079976,1,266.5499573895302,1.0,0
3,69.10184049425885,1,187.09099404091629,0.7976360984496731,0
5,113.21523939138368,0,242.61766112398686,1.0,0
132,7.680112418994174,1,135.40623368763613,0.0,1
8,142.35977781899987,0,326.47789825455504,1.0,0
5,60.60113781022199,0,345.4362065807998,0.9356519491428986,0
9,85.58893713912347,1,283.1114353261741,0.6210215197920976,0
8,56.73609761026034,1,253.38264786407703,0.5737396758798686,1
4,68.3897156971458,0,275.43146193143065,1.0,0
58,27.92871065312975,0,99.76718106689077,0.034112096838351015,1
37,13.002180390691157,9,174.28277670961054,0.41100836183389255,1
4,146.6086971048179,0,270.75630966531537,0.7036534257025221,0
3,96.86136008391456,0,318.8605765180681,0.8213090263554415,0
4,47.79597847073663,1,324.6342138473732,0.6083714146421204,0
113,11.152014016091853,1,235.40323595078075,0.241596836420833,1
15,40.468936474994514,3,282.12391152932315,0.367252700017223,1
6,163.55925210997998,0,294.7574519986335,0.9016368674557077,0
4,94.2030351773388,0,235.37590571442226,0.7810094595773325,0
3,98.22655852428869,0,189.40345563691196,0.800497716472498,0
4,107.46649898678925,0,161.78938024833735,0.7745627219691311,0
5,100.97764932496626,0,284.79846436301443,0.8865788031660415,0
3,170.02971654998814,1,208.58926018737606,0.6723898251296926,0
93,23.67807760760563,4,182.47587462268987,0.26110133084049547,1
18,30.118334753532615,6,263.832228687674,0.4084083784675115,1
4,73.73102951817005,2,237.78938820241407,1.0,0
13,43.73018082922344,0,271.22705612889456,0.1748032873665721,1
4,191.39173130089125,0,280.59065025995267,0.8349558681346892,0
3,115.94491123858376,0,253.4902772053616,0.9305985370768769,0
7,153.98281358468017,2,378.2451393449337,1.0,0
9,106.59201747838353,0,250.60646521144292,0.6008207970683747,0
10,157.0456009829934,0,176.41014744383585,0.7824541190742205,0
8,98.92918299900809,2,252.36363753310135,0.7116202810495358,1
21,85.97143067520501,9,160.87057611775884,0.33877185696617895,1
3,108.81827569096498,0,283.4784431938057,0.8941501784967808,0
6,61.65657201966323,0,245.75425940063715,1.0,0
26,15.698742384396308,10,124.72342260523806,0.17439838794676077,1
7,57.050107989364236,1,223.31321228446788,0.7737049527397603,0
7,200.14501988756703,0,290.9786736838802,1.0,0
17,114.10671586466013,5,276.9477924763756,0.35963102349035087,1
5,140.89234221433188,0,305.50833984758424,0.9288711350231486,0
20,42.91763687134003,6,77.73701521028187,0.457177050984807,1
3,146.3581070279533,0,239.8949403314177,1.0,0
104,2.0,0,265.05182116066806,0.2663424156090531,1
11,88.19655072948214,0,314.2795149882455,0.6219683807085493,0
3,119.80487102716496,0,278.28008468968306,1.0,0
30,5.0,12,250.69068048429415,0.3138353081621329,1
123,2.0,1,100.36855433781784,0.2598634606339138,1
3,186.604393332303,0,109.38493703827041,0.7864731651592503,0
68,30.96488461048155,1,193.6152204098964,0.09997830019339884,1
7,129.4201557227184,0,167.44157185758647,0.8331953174809515,0
4,125.83059822871184,1,251.51593748171865,0.7888456480223981,0
8,58.101915453105924,4,205.9126096305745,0.5549926864494449,1
5,47.63810811888099,1,185.7657618813737,0.7469947369145397,0
2,117.16379853339672,1,219.23079956363895,0.9963275851253328,0
5,116.83893051204915,1,176.12394341235415,0.8140193864402215,0
9,211.15894497810885,1,276.2769695588263,0.818051891166233,0
3,139.61198932185835,1,230.15694126064372,0.7372232055741968,0
9,101.43985514684015,2,231.0440860482144,0.831935998626571,1
3,139.22048864860923,0,202.98934718692553,0.9103109832268578,0
10,153.0140938791921,0,198.67994992886705,0.8521814278249679,0
5,93.64351157281872,0,257.3552946691261,0.7953760205133413,0
9,133.22479046588336,7,199.60731773088645,0.26885507789015156,1
6,113.60036290042696,0,388.3730309874566,1.0,0
1,157.4468768465044,0,317.9693965491702,0.97298198726098,0
5,131.94358504542254,0,237.69179789606784,1.0,0
3,158.36279241688462,0,209.22563263241582,0.7455533105356158,0
6,133.67740252914854,0,190.11398927081945,1.0,0
3,149.5310771903807,0,278.9757571330743,0.9146046720928032,0
5,89.35686151198702,1,150.13033044686236,0.4884773144923192,0
7,167.64691590132543,1,275.7133038272006,0.7034362302817896,1
3,131.27999645668888,1,246.23595731302055,0.8800774361291607,0
8,122.01496706958977,1,293.7287847160504,0.8157770075073849,0
4,112.85838868966181,0,252.2335750681401,0.9955072264469687,0
2,83.8252237168788,0,263.5569271892588,0.7423912654568249,0
4,161.28656791270757,0,374.0074440683571,0.7133328604235508,0
3,134.9161910208326,0,386.28373714312215,0.8507679835171428,0
9,138.11685184214505,0,160.22171771670986,0.937200145174092,0
6,116.64637025319874,0,274.6305288075523,1.0,0
4,136.82365997840213,1,338.1391863078062,1.0,0
3,164.16329895859917,1,66.91604452672368,0.9710472197947171,0
2,92.23154057896618,0,223.5101485972956,1.0,0
4,105.46070842909782,0,300.61470572702507,0.8533254681039338,0
3,170.93980537891457,0,144.94144782539453,0.8067637111144811,0
3,114.68048632869187,2,234.16656863094633,0.9067461805615278,0
2,72.8690584779405,1,281.9926833321476,1.0,0
3,61.672985793611176,0,257.8109727911877,0.7546342189626113,0
38,57.38976715390013,2,137.65578022631112,0.47543640763399253,1
4,100.8081833410536,0,381.71594269576906,0.8436450580089117,0
20,55.10292616494534,1,265.19441938463103,0.48858875950271363,1
4,164.74526570711313,0,272.85800283973657,1.0,0
3,147.68002667113444,0,158.7635648893843,0.4907539211739047,0
23,10.82817930484529,2,130.53785022643814,0.18588151907096584,1
22,60.720289534973745,6,267.08975996721256,0.3314650090439413,1
5,203.43870768913757,0,183.24779758407064,1.0,0
7,201.08784249652305,1,249.17313166845204,0.817976584435446,0
33,5.379675870462855,7,123.00880786089665,0.0,1
9,8.0,6,265.1792503290629,0.7375351810100574,1
6,90.92155673625732,0,301.8217333164676,1.0,0
7,148.9375625749516,0,218.6999069370169,1.0,0
7,91.32205413548097,0,269.56320971589656,0.9386852313898981,0
7,106.00174246029556,0,273.6421086892054,0.7733411109393632,0
5,144.03757904324215,0,232.76928026141982,0.8006638557487997,0
4,60.3000629328153,0,165.3257738811049,0.7289416309512009,0
61,34.548760852769966,0,209.39182706841038,0.018123330843255063,1
20,76.68227547024553,4,276.28988882002653,0.6727433836709207,1
8,156.40276843040402,1,227.838883978703,0.8536057347944966,0
4,105.55201762419672,0,221.01021744373006,1.0,0
4,75.30448836856804,0,286.8273381336261,0.9101125809804451,0
33,20.52134299874661,3,157.2871556082247,0.455390330480037,1
132,23.022673097007814,1,177.99174390298123,0.10327158373955586,1
4,116.42688767907994,1,163.06092369725724,0.9364203997671133,0
5,147.95338404390074,0,217.16547708722445,0.7989896907583223,0
19,67.8999750961119,3,146.36202953043323,0.4747541293599452,1
8,139.3788157373812,2,393.26786871292893,0.8890149747175388,0
42,5.0,7,171.4520669400977,0.16750941858001644,1
4,142.84447668407662,0,285.7387539531415,0.7223079338442006,0
6,140.12172291720276,1,247.01245938128318,1.0,0
7,151.76960346805004,1,62.025963326844895,0.7669363079915253,0
8,108.73599654450462,1,222.3823387001978,0.6995820347591174,0
3,114.47886398883878,0,201.13887501480968,0.9212211136339046,0
112,6.314214698927233,2,185.26864167362626,0.12063038637796779,1
29,43.84410768287445,7,199.43842944693228,0.19962089883712636,1
7,111.36542147934642,0,326.0860842163914,0.714675033418124,0
2,59.28851264652678,0,426.57925412580755,0.6106636118421699,0
7,120.78824621819103,1,137.6918038934838,0.9115070611592332,0
6,122.86905942911564,0,243.9776637126333,0.9122018920885823,0
7,148.7398140155736,0,136.48646082571372,0.6245037877061281,0
1,116.71464189161236,0,193.55516759079177,0.7259272364032874,0
3,98.15452058555405,0,210.87027672250503,0.9573952693503988,0
3,162.0820621638513,0,414.53548528779095,0.9587158926923853,0
3,84.71034869429988,0,240.75421884225088,1.0,0
3,88.9727209473059,0,305.38087582670096,0.8341919141597814,0
5,148.20799303721523,0,249.7883199806167,0.8378112855458171,0
6,126.8687518455427,0,199.60720727666052,0.9865954628203467,0
4,82.84935358800405,0,364.58026895541917,0.8670903729164008,0
37,6.686373254313907,8,233.20395762727824,0.36751573391553094,1
5,125.80826286002079,1,301.61136846189765,0.9336398835669564,0
7,81.58481812781812,1,318.705730216953,1.0,0
6,57.89594663095801,0,236.47101094090456,0.8626472795779637,0
4,78.08271447131459,0,259.4682799987197,0.6942061262350845,0
4,133.7042177334549,1,292.32753301748517,0.91150153870303,0
59,23.358099757574404,1,177.86450075838437,0.09622253419249424,1
64,22.44674156665875,2,159.04365322215642,0.03398754988764443,1
1,102.52703347517915,0,312.5068993270016,0.853207136159987,0
14,37.30165790035865,8,267.71501832970205,0.2992285555215144,1
42,86.9011871724469,7,304.97648580647353,0.5220359153950003,1
31,66.06049337292384,8,132.78629198689956,0.6466451724026444,1
8,128.58016941750532,2,221.61010904246967,0.3398884485379636,1
13,55.820742268655586,3,359.0602451387117,0.49997241162282935,1
54,18.751753589106418,1,164.09584217542832,0.07041351460014166,1
148,31.66657301701053,3,265.6911800526857,0.0,1
5,97.90075238079383,0,340.5187790614915,0.9600254746979929,0
41,28.940491032817512,6,220.87071388420242,0.4205214543517723,1
5,115.22498754996391,0,326.0059615393292,0.6592968854592159,0
127,15.6913165095272,2,201.41824887655616,0.06381152604146859,1
5,128.83062173219128,0,297.14022418132095,0.9603159134156659,0
69,36.563467802955216,1,193.22351828922498,0.11107753609176248,1
5,151.8392108443233,0,307.373831642958,0.9568722046693398,0
5,121.70931898401737,1,208.9451947414634,1.0,0
66,33.97312960440925,3,112.68026554879113,0.18733684962308375,1
6,72.40573337344414,2,286.4536567771849,0.6851712124629646,1
114,11.578757719539661,4,221.3878254408345,0.1787838900553385,1
7,80.09987505968749,1,179.18765075685073,0.6906478089661989,1
16,37.197102016367154,5,138.11759839783875,0.6387440569131383,1
7,127.51138473691987,0,120.04879135784337,0.6123074579309415,0
5,38.22552067790799,1,205.46737468769095,1.0,0
6,110.51656969809633,0,229.49067623889033,0.8792885051068002,0
4,142.54204020000344,0,141.36416810693223,0.5983575946113028,0
2,203.02033490318354,1,157.90432079598818,1.0,0
10,87.77011713859955,0,188.35225771772932,0.9086329954476695,0
54,27.35951372083747,1,192.13882079672086,0.003941096999642639,1
2,179.37424446651946,1,297.30320689760487,0.9897715199185522,0
8,75.64638733958404,0,284.6618242874493,0.9212494777720306,0
64,21.913329512730204,0,97.83609348277261,0.0819110332152204,1
65,20.608904042138544,0,196.02779234333454,0.0,1
5,180.6213312959826,1,196.53754292069587,0.9693642369260109,0
9,103.98137159080584,1,293.35400951746965,0.4468787294856931,1
9,113.73922061844702,0,379.1111244653408,0.9341040711539415,0
28,17.943302827543636,6,131.17020992623054,0.4461976774732028,1
8,120.97085093457025,0,320.0721693669793,0.7701144983270873,0
21,100.9961340249942,5,175.17650657892355,0.5545906815404712,1
2,144.9154602593833,1,246.5685324980177,0.5876411943143066,0
6,101.1454503391563,0,278.72610273946935,0.7478582952832837,0
5,189.73116524831593,0,83.46922131978633,0.9338253315769707,0
3,78.78391425158996,0,270.4398887860449,0.5551422066940607,0
6,157.99912251135686,1,293.83781926386416,0.9218477037556188,0
5,92.66937353934827,3,93.02136907277252,0.33889898114855216,1
8,105.2190253428507,0,240.59058292336587,1.0,0
6,134.16925746789587,0,245.2166395184294,0.9833616162406353,0
4,163.0886411981622,0,297.0509760851972,0.9167026960525065,0
5,75.56950468073661,0,205.7522149126683,0.621060234180543,0
37,35.05662436655123,8,403.2532174509998,0.08629618793508699,1
4,168.7926324464122,0,242.5265022311077,0.7349464725609337,0
8,66.61830138804447,0,428.06020866883716,0.801502474213548,0
5,61.124729517265955,3,272.118912596016,0.5214836202739698,1
4,53.884278210032505,1,116.95318032915218,0.8695604123339731,0
3,113.2090916998006,1,281.8816482475105,0.7189454102249141,0
2,132.85295880808317,0,138.7523502960135,0.8242965284445827,0
6,153.74854724112308,1,220.3331796064308,1.0,0
39,21.459378910198836,11,135.07156631249126,0.469706351176998,1
59,29.016909810790057,0,130.37392882337045,0.19591834581354825,1
8,74.12955379026954,0,200.61902079783465,1.0,0
29,27.033732598626216,4,200.59195962718076,0.4374005389469464,1
5,195.71609831805546,0,412.0669788330844,0.7895078606243756,0
4,102.24073707290165,0,104.72641085197866,0.8748338229552676,0
1,145.16202904841631,1,248.09801354443562,0.7985864116667916,0
31,42.219559684418144,9,228.09140410794447,0.5855841432958643,1
6,102.53715608804312,2,60.0,0.8270158949452223,0
4,66.04579022011788,1,125.0345887679407,1.0,0
3,181.90522546435858,1,239.88496537501945,1.0,0
8,72.67418899734321,2,239.21501821999937,0.3422921937825513,1
6,97.21071627838828,0,107.15469157457977,0.9007027262020781,0
63,18.183434172651914,1,40.0,0.028555350024956065,1
5,85.2307809525362,1,271.9806216736534,1.0,0
3,159.9133754827564,0,148.83563083232326,0.6716250313321473,0
6,140.29813183745227,0,186.41260418988014,0.9981088049800018,0
6,90.02887850318103,1,290.0075747651927,0.8151009955711032,0
5,146.37914474442596,0,250.7666857362241,0.56095273871366,0
1,143.8745531196219,1,213.2312088742811,0.9146111980971612,0
8,113.46814417179057,0,225.16839211339857,1.0,0
12,115.44272790073816,4,228.73383465463428,0.10021529830901754,1
5,100.9136622312842,2,181.54805190543757,1.0,0
20,8.0,7,282.7903147043099,0.3934327557434634,1
9,99.53421319661385,0,265.15376911274586,0.9268975855475009,0
25,63.07055599114778,0,242.23372932516648,0.2979075253607976,1
6,168.2406810733929,1,283.72263632629915,0.7598347863186283,0
9,176.22120186489562,0,279.1688263555845,0.8834259619631977,0
4,121.37518781701421,1,151.81871283897794,0.8652700803093061,0
34,49.34374122112216,12,152.8745508965863,0.6130768506937307,1
6,82.86205828841948,0,210.61650759371435,1.0,0
36,37.77622433632333,7,96.31602882324613,0.18916363938053526,1
5,117.54105559732655,0,206.48456242067138,0.8717011959199931,0
4,141.39242990822464,1,326.67843889480366,0.8125841150303462,0
1,29.745854779707326,0,200.13402255922907,0.7629985867585942,0
2,104.82610352763449,1,310.3992119674603,0.8685406018158747,0
11,77.53387170391022,3,192.61400343204392,0.36232556232150265,1
6,154.52844072361975,1,246.386995973891,1.0,0
30,30.30295433673728,10,40.0,0.3185596244773034,1
0,37.7278470084719,0,187.7066433537897,0.81225279384459,0
18,21.36044142474504,1,215.80713336173392,0.4606019740626259,1
2,128.17660346033014,0,324.10551092171823,0.9000590076242642,0
4,131.8448122740372,0,246.06717522057664,0.838873850715539,0
39,51.79740880573972,8,75.94551808585172,0.5066992770349181,1
5,135.6417466514755,2,267.98374092110686,0.9723030538822945,0
23,29.527297662465692,13,247.43859967326412,0.40106181272581176,1
6,132.79685035988157,0,200.95234969934037,0.8495866308515604,0
3,65.59249498418487,0,338.8799324213167,1.0,0
5,97.09014193971447,0,297.29867146814445,0.8214442003009713,0
2,155.28616199866866,0,215.61936582946095,0.601055088021781,0
3,134.38013564616742,0,266.2098563664935,0.7696209911671456,0
2,71.01115530095412,0,163.5857183072918,0.8822497478446854,0
4,112.81277063357854,4,195.07723490300333,0.391875626753744,1
6,83.22882133413437,0,325.8114712524077,1.0,0
4,114.89475210499087,0,213.643207536123,1.0,0
26,51.53966444230202,4,191.96067810913638,0.33584266781782784,1
14,97.21841162162274,8,276.24661021971093,0.29782725686676537,1
9,108.00347013721877,0,392.4400856180865,0.6850683506980827,0
6,121.62648616805613,5,110.19168729143034,0.5021903459557859,1
2,104.85069480568329,1,165.29770354022958,1.0,0
24,14.986549357306547,5,98.36244564033736,0.6778953083171767,1
41,41.31454664290926,10,233.43121163131642,0.11416841217830279,1
4,72.80525852651154,0,342.7664592760034,0.8867489533938678,0
7,107.21168471654373,0,255.46648475480333,0.8945020963071518,0
5,165.95971116433478,0,348.8014719273998,0.6600644942875107,0
5,159.1645359822495,0,153.08372001191162,0.9871572685688521,0
40,25.607636378529207,9,248.16636580072333,0.2309820768268899,1
3,137.93603852401327,0,295.6952209815523,0.8397191998749469,0
7,99.62270367496707,0,179.21454528031418,0.7921831738916733,0
19,8.0,7,153.8366978599381,0.32613978979835995,1
6,106.2912307178747,1,249.82212554261872,0.9106286410748431,0
49,33.70038507127226,0,173.79763230553428,0.05298496875070164,1
6,133.24798522637863,0,248.2992942218276,0.875727889517552,0
6,126.23661221283932,0,351.94791559515636,0.8069172777716519,0
1,39.20818117208739,0,279.5569750592436,0.8435015127652845,0
6,76.57174938332268,0,182.02424209355274,0.8587314273161678,0
5,58.493648706697925,1,252.05189582049292,0.734438561295768,0
15,59.85855893155938,2,194.28968412331108,0.26681765153955356,1
8,115.59320853142928,1,298.9825779722577,0.6636636640383899,0
10,139.5555828380695,2,268.3064030840367,0.7650855229731448,1
36,17.187051432096222,11,135.8882794904026,0.4727433689454618,1
2,161.12851243333526,0,81.55223155170496,1.0,0
11,150.02517068360106,0,279.5747445172322,0.9859037532073478,0
7,96.20239194140045,0,126.50962551043858,0.8421795489435786,0
3,126.56333834808672,0,186.77552142495,0.9607799906114343,0
5,85.10960913919509,3,224.88665082954094,0.7167736371551531,1
7,98.19551143524541,0,210.18447401875116,0.6866581467573003,0
3,204.48860800521575,0,60.0,0.4590008402954226,0
5,67.02049792656764,0,200.8702223618695,0.5983333846148375,0
3,211.26508159985488,0,212.53577367908312,0.7011590137780546,0
8,39.87990599164041,7,249.6674030942143,0.7327361140584221,1
8,129.75798562925718,0,241.40641296820982,0.8893799406913916,0
8,119.6519810313171,0,201.0359384092091,0.7801746290412627,0
5,18.518466925884383,0,132.78676617994228,0.7044481121684866,0
18,51.31401243629555,6,100.72938695884942,0.689257859183324,1
8,95.82663198593278,0,201.41631095745902,0.945397544371415,0
115,26.758224289766503,2,161.84274389485614,0.07822656977845216,1
9,92.90614642161198,2,149.87784366233808,0.431433450599684,1
4,109.82047397777183,0,164.9498052689918,0.8970848514456118,0
1,107.53732436090293,0,290.45901787407246,1.0,0
4,80.0287179008099,0,334.42188668862434,1.0,0
3,105.24466150151491,0,187.6715023576076,1.0,0
4,34.28223429076443,1,278.9091640418411,1.0,0
8,125.69678465875074,0,139.60117810220942,0.7918151003894862,0
24,42.92685804825496,3,264.6207227645846,0.4137599916589984,1
2,97.21879495302095,0,168.57051073323692,1.0,0
4,193.56914115609763,0,245.30803312542827,0.7747263445949415,0
6,87.4606897438774,0,192.64818637349518,0.6961552685294863,0
5,104.6502254758946,0,271.22764120647554,0.7298323928742602,0
14,33.248255697610894,1,406.0431454661184,0.403999589996866,1
8,83.543238991219,2,202.2996938919687,0.7605356443270853,1
9,151.5673643274454,1,250.33715328049567,0.5525119750331658,0
3,147.76108631911035,1,294.8863108401775,1.0,0
7,123.70442493318504,1,330.34462041684657,0.8428318523279601,0
5,55.05192917873625,0,240.33030348981688,0.9042382565446292,0
8,167.5452602915989,0,243.9476649349583,0.9025458278672304,0
4,104.54925620346246,0,196.11451649318886,0.6201576751970166,0
5,151.81906089672464,0,173.0784681050436,0.667804258560273,0
4,63.57275438709245,0,229.30972548446675,0.7463001964231328,0
7,166.7062566916844,1,301.03811379839925,0.8398381880254734,0
2,86.03191649624854,0,278.9930142295144,0.6594775417711585,0
114,2.0,1,40.0,0.10562486080175489,1
31,8.475689684853085,8,331.2701313122867,0.6009532700828386,1
24,8.0,6,224.8898131302233,0.21250345510795704,1
6,125.76398078935698,0,251.6622635868335,0.9587822131524776,0
5,66.9459408074284,0,353.78973646694243,0.9842938780902522,0
15,29.94223789261253,3,144.9479929425685,0.3889717255765537,1
4,51.69862279628273,0,197.29660933659846,0.7570007896179861,0
7,64.09267485748265,0,227.2085380174018,0.8315410304486105,0
6,106.88624990647777,0,313.43704398261275,1.0,0
4,208.15007193986992,0,393.159719407013,1.0,0
3,127.65154967127341,0,276.0410903654933,0.6725167840595847,0
4,189.4289664833158,0,316.9890050585621,1.0,0
4,55.42209658622345,1,226.8643117892471,0.924783243539416,0
110,18.962958030397647,2,168.29909711447056,0.17377072521564055,1
6,83.20269595217164,0,292.7506503742053,0.9244006400433105,0
58,12.554058917138946,0,112.28021236194367,0.0,1
9,114.61467338769198,1,281.51392982229083,0.9414496529360462,0
15,71.87098662970914,7,284.80733720576023,0.652367322337336,1
108,20.78148838104566,0,111.51300621652368,0.09219279700611108,1
38,35.22237072561851,9,40.0,0.0,1
6,181.71717545076456,0,260.09805185352946,0.7630546869878136,0
35,27.61604614138556,9,152.4648842091652,0.20397912894734255,1
4,108.44320289519995,0,258.60674966143057,0.7032022709747616,0
6,166.32188651063942,0,303.61332999816443,1.0,0
4,130.91660297031518,1,202.86566590427708,0.851731031934917,0
64,22.078268955047943,1,201.72697721579416,0.0,1
4,153.1576928928624,0,60.0,0.8849042963612103,0
2,171.54895317935745,1,235.4715765103093,0.6719228123887049,0
4,93.51478553413482,0,428.21837406890967,0.9082075976347865,0
9,50.406849042504625,1,390.34212716343393,0.6549946175298743,0
7,140.21662904596377,0,115.42023735085277,0.6543450116204858,0
6,149.98785484841494,1,111.04968088736285,0.9530568332869948,0
7,53.25643718793246,1,323.70418423209856,0.7230861268652392,0
3,159.91992480783568,1,316.9321354143955,0.6223174342089232,0
7,83.0357166118833,0,324.6984888623557,1.0,0
5,155.53030858688814,0,470.4282592868512,1.0,0
14,123.33076566177684,0,229.7464399216568,0.6245295978791239,0
69,23.58091233609614,0,171.00167043194244,0.1102733737303894,1
95,11.04327842806356,2,41.98594495929767,0.1204939319124722,1
9,61.744488834602414,8,265.99310864739203,0.565133882737475,1
105,14.949709827235774,1,148.9803489162988,0.0277647780276855,1
9,179.43751464008358,0,233.8611377005021,0.9118587133467198,0
5,142.22933320949153,0,86.33947765779513,0.7490016771700351,0
8,91.58789441098061,4,240.24977171062469,0.6580313581962045,1
8,124.697975530154,3,214.23217314339684,0.5226511609181399,1
11,132.82575176362042,1,274.115852066515,0.8241892226113086,0
1,107.16404008778069,0,299.26999575143225,0.9197857697815958,0
7,119.31163005545052,1,248.65093438087402,0.843627829040997,0
3,102.4626985214561,0,378.81925170286826,0.9146980387711185,0
7,181.8221129184826,0,336.0657721298649,0.8456418300615273,0
117,23.426612983056547,3,76.89725890815907,0.21627488153690486,1
0,102.15231248701635,1,174.09400346502102,1.0,0
6,70.89399683754586,0,289.33092045288373,0.7619732192659345,0
71,6.891364266771947,1,178.75235184028128,0.0,1
6,137.9883111004537,0,371.9099068173099,0.9815088143369781,0
5,47.48185340764113,0,194.56644105720167,0.9859764045680627,0
4,111.75585986753933,2,201.29392201201665,0.9572176011611978,0
7,159.53434493147415,1,312.6292686912256,0.9654509254324416,0
1,114.96600033377993,1,147.76041992203855,0.9661191933753412,0
3,38.37058983106181,1,224.37324923315404,0.7411889525121279,0
8,120.2788508108363,0,325.6975991967715,0.7283494963930304,0
6,44.62965676759195,0,188.67057756851074,0.8984664523267343,0
34,44.74425899967227,11,157.33376188538085,0.02655743550762311,1
67,26.910765120725184,1,86.29452006972895,0.06195494536293355,1
10,128.79120066972047,0,165.252599742204,1.0,0
143,18.12632988884011,3,140.1308467000032,0.011742709228332239,1
2,53.8415104953657,1,290.06969137881237,0.9068704514896788,0
4,82.99264102476788,2,372.86847604507227,1.0,0
60,2.0,2,242.76828864739886,0.0,1
4,78.14858462622253,0,341.68135366637057,0.686842586621841,0
6,187.07857110817463,1,381.8875329026865,1.0,0
6,67.65283553981773,0,186.63086598069637,1.0,0
5,136.62411538950946,0,228.2988929993633,0.7607383229623124,0
6,165.99871463884895,1,271.39867640408033,0.8912235830251786,0
9,95.35636417534104,4,248.60174798282972,0.6569358357505188,1
6,92.45181717544202,4,209.62380700170107,0.6915350634526382,1
18,55.78448666604498,4,229.97463236134132,0.545114582735625,1
121,4.643474077350868,4,195.78137718784154,0.09571346156831603,1
4,143.66103330825266,0,275.58106079249353,0.9474337768027634,0
7,155.83312698579587,0,345.2592828217624,0.9085365006935052,0
5,114.89544945429543,0,307.2364125711967,0.9359944069877423,0
6,200.4374993433358,0,213.55077136263307,0.5696798822645324,0
46,82.11439021932507,8,234.3410542442474,0.30911955767281113,1
4,52.65160290023005,0,334.9651691595907,0.8713150621988732,0
5,153.50331152060556,1,60.0,0.7916064267109284,0
4,106.35938814047513,0,197.57214898246107,0.6862517112078504,0
7,154.93260397168683,1,232.44654700111928,0.8357664454104499,0
15,79.23976496989808,7,152.50304851001448,0.3549671676048604,1
3,122.71721733704057,0,157.1351085830152,1.0,0
5,117.99717995824913,3,235.94983546137422,0.9977201893152222,0
6,117.88904746259458,0,214.18945803120076,0.7363272257265829,0
13,50.3414270833799,4,245.05363340723287,0.364930731087658,1
7,130.54659843691127,7,242.188419901405,0.5341683382573242,1
6,71.07298141640258,0,195.41074057618707,0.6873977592530084,0
35,78.92588768393047,11,228.94642433121848,0.333461416449527,1
131,29.913463275817296,0,164.99213532602278,0.0,1
98,2.0,1,151.451690847916,0.11769217230921311,1
17,57.56613235966577,7,264.1692800202635,0.36951105626425707,1
9,158.79477617463402,0,200.61057012472574,1.0,0
11,171.3087802922876,1,343.18626403952874,0.8995401124390254,0
5,103.73635136504394,0,291.1751548783474,0.9432297494133196,0
4,126.11141485411024,1,363.6246226817351,0.7434902522578392,0
3,132.8880698795802,0,147.05641310828935,1.0,0
106,14.18362516818805,3,112.60553490825762,0.1396438426732577,1
6,136.9392047563539,0,334.07754503222145,0.8705501354945466,0
6,89.24254753367723,0,323.2041824580027,0.8193391053013872,0
7,91.72831237120565,0,210.02290608872394,0.7414587464862872,0
6,93.64076747049653,0,207.74418845146923,0.6654917065334678,0
2,117.39886827068193,0,218.5809639041114,0.8094757668298284,0
6,109.77762735266818,0,233.23478983115638,0.6200825177647776,0
51,23.644754727642347,1,210.86078902082423,0.08755855476696198,1
4,136.03293970818763,0,300.3262714891695,0.7973000443979985,0
8,174.66842743634592,0,453.7787809145544,0.5712835279509153,0
5,59.17547195607004,0,170.288194162756,0.5959530982967665,0
2,101.69330420687,0,164.58016792026004,0.7736467378136191,0
4,112.414693844761,0,246.5981224987951,0.9999519346595286,0
48,15.935896381649039,2,117.06919780811079,0.17954008068149951,1
9,131.0920757376458,0,61.870714473805926,0.9481299089365649,0
5,134.7389585948159,0,324.3733421313967,1.0,0
3,85.87838589797313,0,151.57249670575558,1.0,0
8,139.95324245403316,1,156.6321881118362,1.0,0
3,131.57217419123094,1,147.2028508245101,0.8784477151723132,0
4,72.49786534929054,0,260.8237771548041,0.8039885835690547,0
3,52.337084724369085,0,214.45860727790415,0.9484566397927213,0
30,43.719097569228836,7,263.35854437890134,0.4656803436106255,1
8,140.71494599894865,0,60.0,0.7750325695586484,0
34,20.561135611852063,15,124.75384904935893,0.0,1
17,83.25601653568937,3,292.47925018418397,0.2755362162394207,1
4,107.87482876837332,0,189.4569544033647,0.9971802753318841,0
94,2.0,1,216.60423444398677,0.0686174973390578,1
5,176.47697357930323,0,413.71372373741605,0.7211233708917779,0
3,83.79493079875428,0,221.30467631842453,0.8730264465763232,0
6,157.50495622998054,2,230.71819059110166,1.0,0
5,111.12955379121229,0,410.6566741121179,0.938497354989583,0
7,132.51450044519888,0,302.1413827798671,0.893184090479272,0
9,174.02860930210855,0,252.77976757592393,0.7613542102987656,0
7,98.50890833820414,5,206.17275120463432,0.5333303764740506,1
3,131.52782676714446,0,228.0946357453663,0.8620381201596227,0
6,69.73482352617292,0,311.869888224011,0.8224179004158834,0
6,159.66736623741107,1,311.6262427279749,0.7639777410637755,0
42,20.71170192846153,9,184.65494858471178,0.4532424329145134,1
1,103.55764194345772,0,261.1964380036851,0.7819349628511584,0
3,107.95301103107226,1,60.0,0.8101605835969651,0
2,134.06969713465423,0,250.26070533415012,0.7666606678646595,0
8,90.68771724575136,2,263.5524498824546,0.9536577477647694,0
3,158.32065765253373,0,186.47618697900336,0.9414057987293123,0
16,57.172927042875926,8,152.38025429795536,0.5742747178325864,1
4,71.74844831671656,0,381.6265318737452,0.9759392828654243,0
5,116.93935125998604,0,60.0,1.0,0
7,55.75760379986686,0,63.285270741907276,0.7155048500603753,0
2,159.4906259137196,0,214.70593579137883,1.0,0
4,70.09203978913075,0,219.05737542273405,1.0,0
6,143.86216745640363,0,75.32157506372265,0.8375191189354823,0
5,132.82476213465324,1,414.3867930224304,0.8796925856308132,0
4,113.71785906771886,0,135.78036067752709,1.0,0
6,94.13420315041922,0,237.9985262268851,0.9474914711772031,0
6,96.44024050712805,0,323.3404856519198,0.9817905643929468,0
6,120.46940614915385,1,244.66255778454533,0.9182637888553739,0
3,112.38808854611153,0,265.3405654979107,1.0,0
5,35.232592610776244,0,354.18697712073697,0.7114329167491925,1
10,150.92672181589106,0,279.2730862257992,0.9607961711300167,0
2,180.3588223662401,1,351.89012998375335,1.0,0
2,125.83017938840264,0,228.28941680032463,0.841409067848442,0
6,83.6021165555718,0,263.7696710122953,0.7822037370580315,0
6,92.35138275209778,0,224.5125948682029,0.8113283225867526,0
6,141.31524167104283,0,284.53989119862854,0.785286439954768,0
6,58.412914530919295,0,269.03795939525645,0.9728800274566871,0
29,50.110198790588214,9,266.040599438644,0.27379845799063207,1
1,149.8035568045554,0,347.69077119824914,1.0,0
10,116.85854191593201,1,60.368981476733694,0.947628341522243,0
42,75.63982521173692,11,244.4056946885098,0.5361807777282818,1
7,66.21067344651277,3,189.34844565631093,0.4939193828906012,1
7,124.28224339993676,0,345.2194040224867,0.7962256522383067,0
3,88.45387322013107,0,90.99703610703558,0.9347795519206938,0
9,103.70799666186242,1,232.02982578472813,0.7868112338493902,0
3,28.217007430927374,1,117.14845032015548,0.811990978258725,0
4,173.14744088304428,1,326.7300930358801,0.8544987654689424,0
55,28.891823394569915,1,157.24607247435284,0.0,1
107,25.801350871861526,2,177.8301304224185,0.0958207419009007,1
33,14.574742705994923,6,141.88245783756386,0.5095346163883405,1
7,85.77427656681628,0,61.90263782292483,1.0,0
8,160.9778873323682,2,333.8603319388824,0.95171527176657,0
17,99.43563919116549,3,304.7534258157424,0.7502599278348774,1
32,43.61274187266409,5,159.79416480757976,0.07856382571161152,1
4,100.04270148870772,1,277.0352179484086,0.9357724682138571,0
24,56.499462145849904,3,171.30685746042872,0.5730403924013773,1
3,98.32932532819106,0,185.0407930769662,0.9076467414534168,0
5,76.80634704635605,0,240.2053865465796,0.7108550472714376,0
11,36.47956752170729,5,277.6672268080984,0.9552504727832681,1
3,128.4612317928707,0,157.2498776663598,0.7606476061280651,0
4,186.64815945954473,0,215.6188487778863,0.7637195579115689,0
4,125.08284840908374,1,182.48867827058828,0.8673532671626759,0
2,108.57950741007578,0,119.28640518450331,0.8524663582306882,0
3,142.9738348056437,0,275.43689047135695,0.8229882025828741,0
62,15.156399577917659,1,179.11302493345923,0.04052854245148648,1
3,140.60011365910265,1,293.5715955315706,0.8029402993811882,0
132,19.441009687965774,2,179.45678252289136,0.018930362771472243,1
7,70.89997260885205,0,176.53502668545403,1.0,0
7,89.7055726638506,0,217.26912411008652,0.7672135205435515,0
36,32.47260434077498,8,235.86289760538074,0.6931407402932181,1
1,194.60880778797903,0,287.16518889150313,0.6431144269603699,0
16,36.08099858901445,2,336.27194081538113,0.34226458393557424,1
7,122.85370576049077,1,270.17187295257014,0.7721862798730312,0
6,79.85667249373058,0,374.92617911112507,0.9507168760088807,0
4,80.67513101764696,0,367.6429472919224,0.8388177215084995,0
25,49.77659612531283,9,110.08430710233596,0.3962721259965196,1
8,158.96477504819242,1,276.328723793882,0.6526958321941931,0
5,166.05286335585993,0,340.5958634876764,0.7698298943593833,0
7,115.2956571832992,0,252.30616718024524,0.686130073349253,0
1,95.84995356804487,1,176.71746938808732,0.5319756692864965,0
5,142.47796146418315,0,207.81056848664684,0.6756943865613295,0
5,158.39504554458352,0,282.10133862130465,1.0,0
6,135.58373935015743,1,316.7087484411809,0.785039070029712,0
8,59.67784756883134,0,168.49038713177578,0.719083982886979,0
2,130.28815624522522,0,267.3731952609927,0.9999242288553745,0
5,63.91821776796745,1,236.6950763630446,0.39544560026088693,1
4,88.64334390147825,0,358.9145911970499,0.9407631809128402,0
4,180.18627915209407,1,198.84118423262933,1.0,0
2,125.18555799608876,0,183.46372688572833,0.9208737051915163,0
113,28.676689578551567,4,127.04303440594133,0.06929150679916139,1
3,97.71380295725054,2,202.83315080758857,0.797286942039488,0
2,115.11688429051624,0,258.509892181216,0.9765130293597891,0
118,22.825897307809065,0,121.82228131072952,0.2470873609268297,1
4,133.6940810607055,1,160.9978834077653,0.8009961238717237,0
5,114.43653776473312,0,300.97424064122896,0.8014112886769293,0
7,110.94905630083508,0,212.99853701509505,0.8530369907795784,0
5,96.47581698363285,0,336.28936138819444,0.7678415998733943,0
11,107.57435673504278,0,355.0715612139743,0.9508235120765234,0
3,186.83517615902886,0,234.49931263143563,0.9895404405862168,0
3,209.44413533700728,0,131.80872613449858,1.0,0
7,115.12552573907351,0,368.90953288911567,0.8938026725110142,0
4,54.224781224894926,0,199.58786006566731,0.7559238776817518,0
9,114.37916693283105,0,255.77937387165684,1.0,0
7,206.29535224180026,0,438.609682072333,0.8823458716103614,0
7,117.94454604956898,0,258.09842729016185,0.9510640684651177,0
7,171.23122227881598,0,231.95028459597353,0.88887680059791,0
3,96.34162595937964,1,219.9153689618643,0.7500170878247903,0
3,33.77907472491357,2,254.53717651736866,0.8669435165090765,0
4,166.76786325930738,0,292.08028369580035,1.0,0
4,128.55090414750163,0,205.04533603278915,0.7457481907461209,0
2,156.1699859229765,0,275.489857213132,0.5942337499690719,0
4,74.72484038211404,0,350.5249926941116,1.0,0
3,110.11965046471973,1,294.2551189902848,0.8861214036957858,0
7,215.49383121254291,0,378.9489174657281,0.7275876274230124,0
57,35.526146060848454,0,184.06381476649454,0.10893948499217049,1
8,141.78477277282565,2,261.346018116902,0.7111784277944646,0
4,92.2048679867265,0,289.6687661292675,0.7634391762225595,0
114,20.651569149473655,1,224.1344210301367,0.14416856419519905,1
4,120.50715297166131,0,394.06843517304475,0.8140930471053895,0
6,90.33254891587893,0,313.6808752449321,0.7817377085062079,0
62,13.797255291465062,4,119.2284642195284,0.006924798021475747,1
4,122.52635923709573,0,345.10429183336817,0.8568499802882023,0
6,90.5947659620534,0,244.75235743793309,0.8307038863174526,0
42,20.301758091426006,8,261.0950443834967,0.39301726016484145,1
129,8.094595823373187,0,165.57857596753314,0.16187795662815807,1
12,50.81248569653381,2,243.60033221304292,0.32823642370823347,1
3,146.89659257547365,0,322.43099251344995,1.0,0
4,91.64554839065309,1,256.1624227977383,0.7583526330908696,0
115,17.44522379592816,1,92.51416219417064,0.1917483709039689,1
3,198.8510236900455,0,356.2288168028477,0.8550022119606663,0
6,107.18681864746894,0,432.9508315179603,0.9314338205221255,0
4,118.477880778642,0,254.28028827784905,0.9468855363293498,0
5,107.46853903286359,1,232.358630944567,1.0,0
41,48.10195100367316,4,40.0,0.39536875354153,1
3,160.8531172080003,0,280.35356196644733,0.730717686532468,0
4,103.81104923197502,1,357.76124608997225,0.6768171275521528,0
9,52.713814062513535,4,269.90674098942753,0.5343894871998138,1
5,133.5504267514496,0,194.11607043486234,0.9445744779088379,0
6,204.30993634866056,2,224.2165378067131,0.9298443707200299,0
7,117.73333931900109,0,265.84721532996303,1.0,0
5,106.04388998625645,1,225.62469041781065,0.8517929356976635,0
14,72.9817428702437,2,192.37728504156422,0.025382553484801253,1
33,82.07317122664402,11,118.53219330389106,0.0,1
141,12.80965328392439,2,150.34636752281216,0.1173649423927609,1
6,100.63599584886059,0,187.86290711271144,1.0,0
26,14.21772142907872,8,216.31561224391208,0.35576499920497967,1
5,15.110725839137604,0,234.10404120092082,1.0,0
7,79.24623993509587,0,156.74825509843922,1.0,0
11,78.1159468489375,5,221.6559877122821,0.6796429704397408,1
4,19.521057290779087,0,365.364075045227,0.9932839661278996,0
3,168.98115461438755,0,257.64128719508017,0.7912309442155396,0
5,183.06674267086657,0,131.62037930445302,0.7060163087671342,0
12,50.50174098242433,5,319.2035011255172,0.3452022893154502,1
7,139.17295591554924,0,190.88311466468414,1.0,0
2,163.79562038977312,0,197.638490914198,0.9845744224558627,0
7,136.79134492774125,0,61.65669858386746,1.0,0
1,10.0,0,193.53827832155514,0.5285411805682897,0
5,147.58709747108566,1,201.99455347459968,1.0,0
5,130.30637023679765,0,230.40502265607105,0.8287220910058221,0
7,130.99552068537875,0,205.60761894104076,0.7110318736509762,0
6,116.05619245578053,0,411.8008029924999,0.7684539290202901,0
133,6.079801989874081,1,112.78094661650798,0.08525505914655708,1
3,124.66418745851776,0,353.0207637909426,0.8326926874264922,0
75,22.70144342807438,0,123.08754416390066,0.0,1
9,89.21623019611528,0,81.13324198485782,0.7803654570263707,0
22,23.250543112693048,5,249.94033500127088,0.3042175471450451,1
14,136.02032047443402,0,300.6569106338398,0.7209122372368175,0
135,14.309506966477288,1,207.00467002225088,0.003632370232016158,1
10,137.48568233804116,0,401.54364257713706,0.6926669329824434,0
28,56.454886376660575,4,224.33395446017093,0.41189174810910384,1
3,121.70217958182457,1,68.43556242098636,0.8779968663879357,0
57,5.952313037825705,1,167.42622728929842,0.18143169248092936,1
5,132.8586886531927,0,320.2815465898215,1.0,0
5,90.85206146853236,0,189.86275234517927,0.7982390695852434,0
10,167.66152667103302,0,244.80075335919503,0.8586333694581932,0
61,19.496389300088993,2,154.2444580583889,0.11549305202189754,1
5,135.25338687148184,0,146.08349021163602,0.9849787997708277,0
25,71.20134856684028,6,175.02389878082968,0.4195714109245792,1
2,146.16082826965086,0,246.5061834383733,1.0,0
1,90.37904254677576,0,176.30987051938274,1.0,0
128,16.173564806255353,2,213.84724155449757,0.08612583531231614,1
5,113.01435254963515,3,236.71583616885974,0.45820505075228385,1
8,97.19667908943718,4,60.0,0.7512225021744597,1
6,130.35872748943268,1,323.86597842075093,1.0,0
4,124.57723864567119,0,280.6373372662732,0.7356545031171574,0
5,89.86751528902573,1,60.0,0.9586811839848086,0
5,120.61847813669878,0,288.9187814725934,0.7879402640270046,0
29,52.91900705172922,9,150.8012996918861,0.21501717623825695,1
35,50.68068228826664,5,185.64979611065962,0.05539655894454088,1
5,87.01687219454904,1,272.3987459317279,1.0,0
27,56.18289044096866,7,200.0317963123206,0.32813989848263153,1
3,53.58388722825724,0,153.60870031032914,1.0,0
5,199.2392976450463,0,60.0,0.8895783723300196,0
2,101.80923279532327,3,346.9988294441363,0.7777407249496512,0
4,100.14787956361032,1,251.15765889664922,1.0,0
2,60.671121101015466,4,79.41317568721134,0.7219136566316828,1
4,123.87297990394084,0,334.67705271440167,0.9857556679276599,0
6,67.37717184149012,0,239.65143196043502,0.8416160013004381,0
9,158.84540746983816,1,285.58184210540816,0.8249004884361837,0
2,86.98097606142349,0,268.4391464096389,0.7665165707064717,0
112,32.31856616806283,0,50.968152995828945,0.12000660014644314,1
3,123.99856110656228,0,273.9064066270559,1.0,0
2,76.58685513557532,0,335.0210743295509,0.7286412196272328,0
65,31.265777700824586,1,120.3109241571399,0.1673807479291662,1
4,97.09907283243474,1,115.2997938580443,1.0,0
5,129.7485715465992,0,223.89866138586459,0.8508931611388179,0
4,88.90972010820508,0,166.8885706499871,0.9803167654100369,0
6,165.0429865687079,0,377.843138200977,0.9828654011411367,0
1,35.6042123676565,0,60.0,0.9306527415565079,0
54,19.505329083574363,0,168.70513918187197,0.06549991592265884,1
1,148.65966408812827,1,361.29029198795325,0.9142052022152676,0
3,191.70989591366978,1,194.85089757519208,0.9118252421789836,0
4,155.915442662403,0,340.31960973406694,1.0,0
12,31.066349179163243,2,151.28155863679336,0.576902188256072,1
9,120.82656872831376,0,291.3110312550306,0.7597222920524762,0
3,130.9088726241569,0,191.65796957075398,0.8987448178286281,0
7,88.22336683192407,0,203.12997301282928,0.9339620945225995,0
5,145.97743620292619,1,174.92333825166494,0.5550957484443358,0
3,190.39952613328722,0,293.35403573896804,0.8981633216832289,0
4,178.2528928623882,0,290.4630552973484,0.9023914943147466,0
3,166.5996791835646,0,424.07513546320297,0.7636856576363122,0
10,106.12450107136551,2,256.29653465225294,0.7701550361448574,0
7,10.0,0,228.78654829169557,0.9328347450519491,0
6,77.43001269273249,1,294.67653812186614,0.8546263146504074,0
9,148.2119961356806,0,224.87663896105735,0.7632600251587701,0
8,112.5711002295695,0,250.02071277386494,0.7003105489710414,0
3,80.03402003960201,0,377.8713798809413,1.0,0
5,99.03776826608912,0,249.5785127977865,0.8073908599983124,0
3,91.98735319840954,0,285.558994618567,1.0,0
3,96.55618716960706,0,321.3511812062565,0.5814380495399224,0
8,115.02941564443788,0,351.1500640698302,1.0,0
5,119.93406619947069,1,330.15692020258155,0.6965675658417466,0
11,166.15401314700594,0,260.5344904523302,1.0,0
5,91.21051024808901,0,400.61670983123975,0.9213217086907004,0
3,119.43943980965207,0,314.6439356470875,0.8004035087034181,0
2,120.69680634274961,0,208.12442868891915,0.9950038818450674,0
2,137.5679209020059,1,353.2623393543975,0.611651259187484,0
4,131.38773282937228,0,288.85700958210333,1.0,0
10,152.04930100360843,0,162.85861914737478,0.764595833260474,0
5,97.55109854209327,0,298.20489825531627,0.8846446569836495,0
11,113.37203059110747,1,129.97094482504912,0.8355731548340707,0
39,30.399258067408248,7,211.05722213283357,0.23167631712653688,1
23,8.0,2,144.5107461982011,0.20133975083586475,1
6,129.57949575210375,0,214.12889226978038,0.8328731769534031,0
3,92.42104680289106,0,411.5355304982761,0.6406048751154768,0
6,58.97576875049837,1,268.67743757258955,0.8507009023300901,0
5,149.6071324993113,0,196.5308547805528,1.0,0
7,89.96763131543005,0,272.730289815616,0.7642038271154619,0
6,110.88491135818202,0,292.90889175143246,0.9115682833530669,0
4,158.0768319646511,0,313.7377085881634,0.8765894293370814,0
7,152.2944220879769,2,294.6891584347361,0.9322711531050073,1
35,53.48230951323479,7,321.59999196286,0.0,1
15,82.94503750694776,5,98.89186323068935,0.19677228623591111,1
14,33.85553848271247,4,153.01927583500407,0.5577312747004269,1
42,44.512560473247795,6,231.55423972464303,0.24534770998633448,1
3,122.21726482489912,1,199.90463342941786,1.0,0
6,112.4016759037391,1,289.8332114212189,1.0,0
2,90.35444307440923,1,296.1388356179298,0.8145457948781707,0
5,122.4502647522427,2,265.13254780309904,0.851735513916033,0
3,188.36960962220715,3,266.3842637266667,0.8703863828713844,1
5,184.1249998123998,0,245.5257753458215,1.0,0
33,23.506412826928283,8,139.0770895393905,0.32659142877402014,1
4,116.49669714268785,0,357.4140705199351,0.9573836781292663,0
8,55.61667093434729,2,191.81492843648368,0.9609074015870851,0
9,90.96190037144113,1,158.22698519530624,0.6335588823154599,0
3,22.71531550576837,1,259.58235143538803,1.0,0
23,122.64563206150355,8,179.98058140005233,0.347332466996028,1
5,124.44058801128224,0,291.69556256300615,0.827499593474527,0
3,93.56786279936017,0,356.6407808228648,0.8718238545498782,0
26,75.00993525007796,5,239.3628896606223,0.4169952042355512,1
3,127.28401486051207,0,155.59939879304213,0.9557362486060087,0
3,202.65536261371844,0,326.13544349281466,0.9237187611413099,0
37,5.240636681224134,11,320.2349193108256,0.504041871647014,1
29,41.50121702380831,6,171.66086612528915,0.15380504283056076,1
4,74.38521088663062,0,225.8271386442458,1.0,0
2,128.08872673565128,0,332.5522625892784,0.7475900494959934,0
6,158.1737074614791,0,219.7259762392406,0.9852545941044663,0
8,135.55243668233948,0,216.30366087339297,0.9428902116826297,0
5,84.91670225838187,0,291.4023467100975,0.6331043377337553,0
3,135.33082387236485,0,334.87515822732104,0.7026260145555417,0
4,151.38607947642086,0,389.5818175916044,0.8927110514465355,0
6,145.38060650553336,3,120.66286229425023,0.7772016136454099,1
120,12.880676621372823,3,61.133288173859455,0.24678597615498166,1
10,165.34210921605285,0,266.0375199898511,1.0,0
2,160.36946442529262,0,157.73171386842617,0.3918159067503975,0
133,4.5576236504841106,2,111.00676536066217,0.07115560215739515,1
3,79.36350145202698,1,151.51130915035515,0.9366883084074151,0
8,102.92344520911189,0,233.08956266815588,0.5677525510277608,0
6,90.2014226402688,0,281.6926776587657,0.8214194093901981,0
3,53.33205797821192,0,328.47986726844886,0.7303925201803747,0
11,22.89938365325808,0,547.2967449856986,0.9370764775421607,0
14,35.604209690137985,5,172.49253383096342,0.10360073980756553,1
13,8.0,3,213.81199323783977,0.6909618847082581,1
7,189.07843606362414,2,249.98217994398158,0.6978691830273873,0
4,115.99817057555732,1,236.32944664224843,1.0,0
34,102.49706550019829,10,129.76526634402958,0.264635417771018,1
60,20.406216734804044,1,145.36147453898798,0.23337351246629764,1
5,131.2699893255362,0,288.80368764904136,0.7108413504348944,0
10,111.16926842632287,0,310.22240491599456,0.8947952391860513,0
5,117.23119234155658,0,168.47270181708967,0.8992577662898442,0
9,89.83959914909342,2,223.17972392183708,0.5813205159459474,1
41,22.463659032771293,13,237.41927336851154,0.5971147929564844,1
35,69.33605113547078,10,201.7357132345991,0.6420187798556156,1
1,155.72785892404025,0,242.31591971592866,0.8716160897958413,0
6,99.88986340256565,1,203.04360114582514,1.0,0
33,5.0,9,177.03716644496413,0.0,1
5,98.36279147413484,0,120.83072702484203,1.0,0
2,140.7859828371641,0,315.6539232245472,0.7737449421683654,0
1,77.64745692928378,0,265.7102830594034,0.9334756333967016,0
6,131.91809429689746,0,311.67391995059353,0.9982333635406704,0
6,135.13415745276296,2,337.254556219789,0.8519897275803008,0
4,113.84871248009156,0,179.58846626421823,0.9720336925491909,0
9,133.36685877658078,0,259.2737944375127,0.9300814098082645,0
3,47.2719668660917,1,375.14514807180666,0.7766926753192034,0
18,55.159407869549334,8,73.98503359036964,0.3544007304111679,1
6,142.03907521179715,0,390.32169303857614,0.7967858201970472,0
5,158.7197887484324,0,177.66024805177793,0.9898896926880756,0
4,107.92605160520282,1,316.6764664499962,1.0,0
6,77.62889568514285,0,215.20380644124663,1.0,0
8,191.39726798791992,1,306.055497423853,0.6413222295605485,0
5,112.54587907543372,2,266.43207994302384,0.8469451820217371,0
1,149.7320578267611,0,269.03754683689834,0.6114402150380318,0
8,180.9289651735106,0,267.4774126535054,0.8393825351324281,0
3,104.66653785478461,2,158.41659623293833,0.7003598249565007,0
4,176.93918329738196,0,340.32864456900546,0.6991366061628178,0
3,81.44378060237366,0,213.02390201154887,1.0,0
5,124.00589317834402,1,303.65660766122517,0.5990578122922696,0
2,62.587924886083584,0,158.13513694704756,0.8622061834066873,0
4,79.17462135680604,0,157.93258517736754,0.8131400476202999,0
28,7.377475247043317,11,104.87606925366276,0.41733876086553096,1
5,125.41013332778309,0,373.3808761633866,0.9900416446453558,0
30,59.320381873226,4,214.0982758202626,0.1575505636503567,1
7,131.66248618800464,0,442.64262323277876,0.8310384432017457,0
5,142.96655070314003,0,281.32635188402304,1.0,0
4,141.5776088347021,0,201.8866599872869,0.7807209809553621,0
8,118.30791574080031,0,313.8894229820603,0.8412609902571111,0
7,146.44468680760377,0,265.0911203395293,1.0,0
2,135.40946470942527,0,272.31808720755305,0.9500707418255531,0
6,157.856081510511,0,354.21738128118875,0.9659268096953394,0
78,28.77317241647519,2,152.44636104223522,0.045715983353256905,1
5,108.94129399971425,0,300.7358381046118,0.970932502949253,0
122,28.019168882929044,2,114.67112273255226,0.12979231785712328,1
6,94.98639081204747,1,158.5112067816817,0.7199341827717154,0
4,104.77135546666098,1,364.8248389601564,0.6658921496701822,0
26,84.42315003216086,6,372.4320987526881,0.0,1
7,199.2907706647302,0,419.2585594633403,0.7935513943159643,0
4,119.52638789800368,0,264.3015092049567,1.0,0
3,69.59502271419186,1,187.2417156467716,0.8885326657956382,0
0,91.82267273340697,0,351.8168600712235,0.9575977070384479,0
6,119.55873524143287,0,288.74194112417086,0.9393127980360265,0
134,19.389504882781157,2,189.16256161654027,0.0,1
7,76.7568453368174,0,188.34456522017715,0.9290062365078239,0
11,81.10583557982822,2,396.19224983386766,0.7481511704689009,1
32,56.73247088216751,11,133.40916146123794,0.3913538803201471,1
3,90.9471635009842,0,285.96709817279896,0.9429623700421631,0
7,237.07090649180995,2,223.79953752510494,0.6031841102919252,1
3,170.68585853191888,0,270.12143198056117,0.8819744808304166,0
5,117.05022724821168,0,276.059592240594,0.893445462673164,0
6,178.60190715966226,0,220.5367579777442,1.0,0
16,41.353840264333485,2,162.5419924691721,0.16197732107597204,1
7,86.93057834104064,0,309.8468796937319,0.8005653853399345,0
2,112.9296825732535,0,271.1616805248725,0.6772355394470752,0
8,116.95967341515097,0,203.3441382574663,0.8086018670643869,0
118,25.90342598906144,5,105.43568483992507,0.0,1
7,117.63849676250273,0,303.75012349986855,0.9267508018188185,0
16,40.53815553413027,6,272.5822216980893,0.0819256125058892,1
7,73.61618229697467,1,279.0052771414852,0.8846835497012812,0
4,155.01317909677556,1,220.73863481242398,1.0,0
5,127.24555774658457,0,162.84908675227624,0.6127948592090751,0
17,73.53691128382651,5,219.60965228414253,0.6306446028695091,1
3,93.55096654556402,0,155.9816941599492,0.9218535984865288,0
3,123.45332747174768,0,406.1475856753307,1.0,0
5,139.7552657899355,0,293.59399138228906,0.763784296505429,0
4,127.62945720305109,0,201.1931062363969,0.9367480952132847,0
6,101.61068089960766,0,241.40840296366193,0.7483254312452485,0
4,106.381963990844,0,245.63127846438303,0.9030172331059227,0
13,115.5110892067586,3,305.16906842122563,0.5405419038276457,1
8,116.77083442270265,4,214.55664978175724,0.5184195691204083,1
74,2.0,0,40.0,0.023885799226678044,1
5,68.42340272393362,0,194.44103089836614,0.8835087234269771,0
9,69.53459081752491,1,150.1462134671646,1.0,0
8,91.42474195487753,0,343.8072592690144,0.8788556448547618,0
8,118.490907434008,0,430.14664025105145,1.0,0
5,77.01228206480297,1,227.66711462266576,0.7650970556590356,1
4,95.24662015259926,1,245.2542547083634,0.7086427334699936,0
34,13.676912814060097,10,130.94938010528182,0.1989572581954569,1
2,89.58152659467002,0,187.22252181853577,0.8565980408010337,0
11,67.71757612251986,1,266.50006570946937,0.8958852538270154,0
5,98.51718159959653,0,215.27543317906492,0.6267774349490624,0
7,163.76589277243858,0,343.89496640161053,0.8180998941154382,0
8,143.59510464204115,0,282.347900396131,0.9715007184632808,0
3,194.5266345732966,0,139.5247332645071,0.8457423521992523,0
3,111.07665425550404,0,281.76688910905284,1.0,0
2,56.27254059731874,1,188.28743878345895,1.0,0
5,62.68982492504313,0,283.0386300833894,1.0,0
6,129.6812847857372,0,238.2542947278128,0.7719779425510498,0
10,158.60823546947165,0,245.17230478769716,0.9329447136988798,0
6,131.3083419365729,0,317.969820812771,0.9710955001487018,0
3,115.44268327354345,0,211.03831150805988,0.8988216559319712,0
20,45.01743317628533,6,193.05125605234372,0.19028379841707965,1
5,180.40702788476463,0,256.02497833260793,0.6146259103678297,0
5,83.43031519383901,0,178.88758645761598,0.9707072870092046,0
7,74.1843538501083,0,377.7621221890144,0.8814753038066958,0
4,152.56407692002185,0,248.85402915962155,0.8943023544160665,0
2,127.79718625011063,0,210.0835271528948,0.8353015943441806,0
3,189.39543652531304,0,240.30543180202199,0.7056271729388425,0
58,32.483444584205934,2,169.21209633302263,0.13839176047152607,1
5,86.84451947118325,0,170.94349534715747,0.7542122481300244,0
4,64.98353975635337,0,203.11668525148127,0.9774716091116852,0
6,96.86962588977374,0,224.28849013864556,0.8987159923972382,0
5,40.366065495950814,1,154.11581383450803,0.8291627833727424,0
116,34.44018439279345,3,175.83045583467077,0.13181897097625256,1
6,93.73024860651299,0,323.31330696208147,0.8703239723386179,0
68,22.76275865464124,1,121.22970476706529,0.06039775974954913,1
3,90.3812653732254,0,298.4299897544941,0.7519981418819338,0
39,45.51512184780096,14,40.0,0.6210725064686744,1
34,26.13419907935612,11,225.70723546134934,0.6224919703226841,1
2,137.9546151265622,0,299.8219338613625,0.7334346419879693,0
5,162.74656071478336,2,242.747188255498,0.6674329805401719,0
5,98.5751868142975,0,122.68622253344387,0.9170061752391587,0
4,92.70314315137645,0,144.17377741582948,0.6692939890952189,0
5,122.46594238365304,0,417.0601837574276,0.6806812212163754,0
4,127.39214951344451,0,296.0922133207503,0.8876107437531051,0
2,129.7301179490111,1,301.6760175004118,0.7865529647495422,0
6,87.20596103691892,1,221.98326605551307,1.0,0
121,4.0448421094396885,1,139.3573997375035,0.0,1
7,111.04072161968354,0,362.19400687717143,0.5993383407205324,0
6,43.75839511174408,4,242.18693447564564,0.7161105169657486,1
8,168.94774425993134,1,147.29692389088325,0.908149064568526,0
6,139.12279930894437,0,290.6947531478603,1.0,0
11,73.0400310374545,4,102.7439610706728,0.12458908346735464,1
55,21.4486487058486,1,209.3916435047711,0.06792861329860575,1
6,147.10163659392387,0,319.6897249444184,0.9227108218189298,0
9,211.97274182531862,2,315.97748424583483,1.0,0
8,99.64623523988925,2,157.41965616085093,1.0,0
4,122.20209996019771,1,419.01635275258997,0.7761480013208076,0
8,84.38503809646565,3,365.72805498641986,0.4857773244425208,1
3,121.97540262738768,0,136.06159366665787,0.9390392988980836,0
2,79.43793387512235,1,354.84434831558826,0.9097817550231021,0
5,140.06179651505457,0,558.5304139501594,0.7531621151607454,0
122,18.30656150438213,2,77.48327210337644,0.058661121447363275,1
6,104.58207138928725,0,265.305881005917,0.795725898285073,0
7,20.80517391561239,0,174.51086939450997,1.0,0
2,166.44448575503515,0,280.106536511036,0.76612810343369,0
25,62.329907559783635,5,208.10582250281342,0.04998442318287655,1
5,158.83296596952263,0,272.2483060560829,1.0,0
4,162.11830160151393,0,260.82124245359506,0.6756555751355378,0
9,36.026119693180355,4,227.5979455017325,0.9170346888492068,1
28,19.423667991083846,12,152.63518280130756,0.5762303889332665,1
5,131.75768156606358,1,173.885543850621,0.7901509738927224,0
3,143.11557674822217,1,291.5677445446297,1.0,0
39,40.60346836688579,9,155.04931819945952,0.42867938872209455,1
64,34.569321061297124,0,198.02947042959585,0.0,1
1,114.30181519664855,1,153.67197126072577,1.0,0
5,131.65404416416735,1,335.2772976393949,1.0,0
4,89.03177414063268,0,238.148492080619,1.0,0
18,28.352397298656427,3,161.13355197688492,0.44727733134076986,1
4,106.16547556251611,1,366.23361857629857,0.6839461984511982,0
37,46.301265164832955,6,257.56604758949254,0.2936746570665994,1
4,67.03464169211512,0,60.0,1.0,0
5,146.79245344719865,0,226.05008306980932,0.6076482060556254,0
7,118.71399201199732,0,222.19937098225083,0.9048729468161664,0
5,102.72728619848799,0,245.9900688046208,1.0,0
3,99.90885938657503,0,60.0,0.9967547201581847,0
3,91.23270213199046,0,436.8452011727488,0.9176528677762746,0
6,119.82921284191379,0,173.65148933272474,0.8257538372614375,0
35,64.52560057609266,5,261.46077353762666,0.4802129954021311,1
4,148.03916518682874,0,227.95035089211603,0.9039139512104124,0
105,23.841205510144317,2,149.7585440827327,0.2517190698564142,1
6,72.01653100548485,0,322.3670361277792,0.9081137715970636,0
6,90.85427724666906,1,327.4347947675034,0.8741363213088242,0
6,112.70581675404543,0,60.0,0.9716240119479799,0
15,78.8227741138257,5,144.45680772478505,0.6961692406199135,1
4,134.61212299000627,1,258.28286511798785,0.9507291646669058,0
5,60.51814720820111,1,326.71620786847944,0.9788825145623976,0
7,126.49223062700769,4,242.36745518071376,0.32551120535795697,1
1,126.16210886322159,0,179.7332402787083,0.8663606325731035,0
6,88.46130675643262,0,183.16434460698727,0.8776863688712645,0
5,95.75828456084781,0,288.601276930311,0.8141644787288811,0
4,134.11991117992974,1,202.43954883867642,0.9987418072718685,0
6,83.3579261917816,0,246.25229569251576,0.5192987228999761,0
4,104.52026066137948,1,270.34524217927094,0.7800607369231068,0
63,11.048906268947661,2,266.2677300659335,0.0420246951798133,1
4,181.50916976075422,0,283.12629879790126,0.9483427142144983,0
5,74.40381119831032,0,198.33975117379987,1.0,0
13,74.65634202260652,1,302.63580403024514,0.5870881393291617,1
4,67.08064778930107,0,377.5969426866207,0.8458482467869566,0
6,99.9069412185587,0,235.6869367709393,1.0,0
2,41.341029779605414,1,242.54469035040725,0.803659937790962,0
6,89.72424066704853,2,84.32635062800479,0.596950898111316,1
9,109.105347183842,3,253.58054336198043,0.6421382616243672,1
70,24.26511369108222,0,258.63613281282613,0.0,1
2,140.34311404220708,0,192.53373590254017,1.0,0
13,104.57429525876086,4,204.31457566759562,0.5292532277680301,1
4,168.65141121280732,0,340.87537537670727,1.0,0
3,92.4769123950711,0,209.3985508353947,0.8199302495059526,0
5,115.10929353820087,1,234.17495245355124,0.8656350553598655,0
20,38.57689575895302,1,175.01133533586494,0.3174545694164444,1
61,16.56169413326706,2,180.77701477787508,0.0,1
37,27.305280132556565,13,88.51125633546903,0.3106811092696694,1
5,116.71664715510876,0,377.4413256346177,0.9117386530321632,0
2,132.4565370293584,0,281.0747114182058,0.7590296955685516,0
8,64.29683951438457,5,252.8554103081712,0.5987128674278791,1
1,150.89026242490857,0,272.07362016222766,1.0,0
8,83.42082625131118,5,363.30914034871347,0.4959242572854044,1
3,101.9852716040447,1,116.50246495935691,1.0,0
5,72.49881513714286,6,175.13623491304986,0.5433403580529003,1
5,184.12998289323963,1,93.41490751286783,0.8710157148697446,0
3,102.34826961916411,0,317.7018387729978,0.907340788899821,0
4,124.17861836112546,1,309.9205917000015,1.0,0
4,156.755812605883,0,133.11201479717818,1.0,0
6,46.565014120293256,0,174.25429977700696,0.8761003888522549,0
2,147.60670496732857,0,231.9740540956084,0.6856332741342515,0
5,170.99631779001615,0,263.60871992357687,0.863460715246957,0
1,91.52754353138988,0,327.16121528133436,0.8169868495158744,0
5,117.42711560153383,0,287.6939583894195,0.604934792663462,0
127,31.108321985144897,1,244.39751716808013,0.017549568836563178,1
11,99.4840965941959,3,160.8398040935851,0.07396415762951594,1
7,107.91370578209597,0,238.64238052191163,1.0,0
8,103.74645526117281,1,315.86572300917254,0.6427034064898572,0
2,108.45915679856417,0,109.95297211585032,0.7689146522920056,0
5,122.54387973402093,0,282.2322257134527,0.7803233337354365,0
9,128.393315730368,0,300.7975626363859,0.8601706469517616,0
4,64.68158416773215,0,73.43749243161149,0.8640225502102625,0
37,5.0,8,235.478925879398,0.42797050052766683,1
4,107.46962727232543,0,128.64070562473333,0.7813240754957999,0
6,151.75558338676507,0,328.15447620316803,0.9103802718631091,0
5,105.44689186740442,1,245.4676997624985,0.7042445261699563,0
8,63.82752821132331,0,328.77565068028883,0.8331456869445558,0
133,25.623099685375433,3,163.36115316389453,0.06127213857261091,1
3,165.6685741745879,1,175.96567289006396,0.7852017290246484,0
25,59.48398828020635,16,309.46902253156594,0.2528062504212428,1
4,125.37917419023987,0,234.4536647775493,0.8631442154721656,0
6,138.13193497365924,1,233.32160404301524,0.9485372709613165,0
4,193.0208585214337,1,215.57103953069281,0.9367041670324255,0
3,164.4922857428899,0,293.50674399346644,1.0,0
2,76.94776275135033,0,185.35855717561822,0.8947417139631766,0
11,152.07589862220084,2,171.82886094198412,0.8750566695520304,0
2,104.09323809336698,0,228.6239102590942,0.8971735898748366,0
4,147.1913743485945,0,256.7680077038016,0.7728213595589736,0
6,135.99059562070389,0,294.8465945333652,1.0,0
58,13.766379766226152,2,266.07921385447764,0.29038053669918196,1
5,111.82179625614978,0,166.2581572201358,0.7583878264143282,0
13,8.0,2,173.76223144776947,0.2920139754886207,1
34,30.52586054880076,5,116.26105261640846,0.4024500321071619,1
7,81.44513445786492,1,176.1271855067911,0.778499109922857,1
6,92.69176598519421,0,204.69090254448284,0.9193931131474296,0
5,115.85276120596889,1,60.0,0.9410704451187698,0
5,116.70467129937691,0,327.02593624294315,0.862319406861127,0
113,25.90433538330067,0,258.5723507844916,0.0,1
37,43.23817166688468,8,160.18659504940558,0.584005846418909,1
6,83.3575152089851,2,378.70017651361627,0.7708446751422487,0
129,2.0,2,189.79208398776987,0.17065148690587323,1
9,75.164481917912,3,170.50354509894936,0.6709918516352293,1
3,131.9837522060594,0,111.59924050595457,1.0,0
3,77.41328994013337,0,155.4756218551272,1.0,0
12,97.11065849088376,3,350.8940814144093,1.0,1
155,8.392155150792034,6,109.92574402380471,0.27335794960278664,1
6,82.10272801477822,0,118.63324265552478,0.848956158774808,0
5,10.884841649946644,0,278.59460357369846,0.9700295542794496,0
8,134.99598068471553,0,390.9633619455392,0.6452785829334078,0
122,15.410326814472349,0,129.18516522071195,0.06426553197362016,1
6,79.56306103606649,0,307.7528718651701,0.8226146252161199,0
5,64.90427245723863,0,297.5236820832922,0.6170385114599239,0
3,130.26570362107975,0,198.52846086577986,0.7502892459865156,0
5,101.30127525552138,0,220.6456175830815,0.8650030143759414,0
5,124.69394509537912,0,280.87839383433317,0.9393348036366693,0
44,43.19692792721291,6,221.47226801523286,0.15262172034989535,1
6,143.14980875985464,0,253.63410397706642,0.5961279971210937,0
126,18.61169166557787,0,152.2453275797818,0.0,1
19,100.05757666173656,1,221.6974376120932,0.17784416105375234,1
9,152.73477682790536,0,106.31183825873418,0.7124948691492842,0
3,167.36197119348168,0,92.69581229481136,0.6697364804957335,0
3,67.28053650545351,0,273.91471039326314,0.7132382385808694,0
7,80.37437041267783,0,183.342272435209,0.9232923726714033,0
4,129.37002701251959,0,252.4468992465136,1.0,0
6,155.90738353302433,0,222.95327236867092,0.8033547731548643,0
5,133.77758971493128,0,263.96786782825876,0.6757653268097932,0
5,87.15508762329247,1,389.3258309567497,0.9677864020410649,0
6,108.42010407577393,0,347.55246760681626,0.8927336711988063,0
120,2.982314567059461,1,71.01583025164615,0.14694855578595714,1
6,158.23326607612262,1,247.56838972743296,0.781698850958437,0
7,146.1613873862377,0,288.3618697473199,0.6468395350183365,0
8,163.65310514062259,0,172.01547803225444,0.6515624870665695,0
4,103.97071385000875,0,226.83029597494703,0.8267181113023704,0
7,72.33306541670967,1,270.4242814770519,1.0,0
37,64.82258248042702,11,240.71291396994238,0.34577445785588445,1
4,145.32074180984588,0,242.933136447677,0.882101770019528,0
2,156.41694964531095,0,274.86853420967236,0.9672226566834915,0
7,132.48281706813341,4,241.02753676047126,0.9034781930599427,1
44,88.59694636425142,11,158.1628213743536,0.025767766654718652,1
118,31.289956300210036,0,121.94347590688031,0.15768462855262896,1
7,142.9935900479165,0,318.60813884107057,0.6664377932674495,0
3,108.55887202334674,5,230.54613993532195,0.48980310270862776,1
6,170.004897436293,0,184.94480232698356,1.0,0
9,142.88648994686645,1,274.54664545553646,0.894143153119455,0
4,167.96306899274467,0,235.7811671455513,0.9806662154378232,0
6,75.12188539231818,0,277.1472485073257,0.9691328203125139,0
48,44.245475433570576,3,60.233336601076886,0.6198932292254369,1
4,164.97233729219568,0,279.3963027219031,0.6165705609876507,0
31,81.74436034970127,8,153.8315689479534,0.4091852193883504,1
6,57.98125838313361,0,161.5345241488055,0.9928107171975955,0
5,203.53821336643273,0,210.14865691772616,0.5820477257396863,0
4,145.6435895488289,0,296.9308854620281,0.968887885641274,0
9,59.66746207874456,3,159.18461117729865,0.3740358853800414,1
11,68.24902266418493,2,206.85417586265837,0.5836656830893869,1
5,10.0,0,260.3743333455861,0.9232680300804114,0
98,2.0,2,145.5004282786953,0.29021565675080746,1
5,132.5471958241575,0,100.9652691592388,0.8984881084151499,0
5,44.36919550160569,0,380.6068759057951,0.8344224552252516,0
2,52.14712626447107,0,290.7828003515691,0.7607124976533635,0
4,36.78203897091484,1,268.4081449703069,0.894078405037974,0
9,162.32211128006534,0,354.61315860448985,1.0,0
4,58.68010298906749,0,285.47563232034616,1.0,0
128,2.0,2,214.16790979612094,0.05529235766468929,1
3,168.2696540977313,0,220.72398940851076,0.9278472813989606,0
5,146.384955077516,0,224.18792422593287,0.8306576676314847,0
6,68.16118956547515,0,285.4627071230297,1.0,0
6,114.54562620613338,1,280.435527936358,1.0,0
6,124.36839376433876,4,237.2605014145332,0.8959619460822893,1
48,27.03593258104052,1,114.25310375134777,0.17626195728998068,1
3,112.51784069083472,1,227.85861324155528,1.0,0
12,100.36905516533955,0,275.86125541216376,0.6009306863607755,0
24,52.93381557495607,3,328.61893890736064,0.7067476034472375,1
2,83.53030225368914,0,331.61429494944514,0.7682548216406379,0
3,101.58804658091985,0,279.028124893177,0.9676313517999795,0
4,133.44220303965798,1,247.9914819283949,0.8729899573002348,0
5,85.39347263313009,0,125.60866920007912,0.9386800055069607,0
5,91.21762047480492,1,343.6327853744552,0.9549670710965469,0
4,148.24421966018008,0,245.79254200929412,1.0,0
5,59.228357293009324,1,263.91013385424316,0.680952417672808,0
7,100.60667251935428,0,357.76082316430006,0.9184230588921032,0
5,128.55989808793768,0,252.3870640698417,0.9322130611533876,0
31,5.0,6,133.3973292186622,0.5252688947227916,1
8,139.38471432720974,0,130.24707837614432,0.998343739215411,0
3,23.213304433045217,0,416.0413949830788,0.7811206804728267,0
4,105.59326233262681,1,275.0915161359058,0.7594432301172765,0
5,137.02959230230348,0,166.30532242863305,1.0,0
3,82.44955946410829,0,294.1147426967112,1.0,0
6,160.92340074054383,1,291.75457573833046,0.6489001917420556,0
3,98.04894654607132,2,403.5356257613822,0.972269958427175,0
16,54.57115287197032,2,136.47221738385954,0.10213070684285808,1
3,109.17968202949034,0,243.071659501164,0.9640981982651166,0
2,100.81489031644104,0,169.64969337351525,0.7584255936219294,0
2,89.11547997680417,0,220.1551037706293,0.9596336381722029,0
2,77.32402948636755,0,185.7875642025395,0.7654649265754017,0
7,52.02419035761447,0,362.8080735290748,0.8097031730579394,0
2,10.0,0,134.8727796795261,0.8978431614884728,0
10,121.2938052302444,2,145.32209523924007,0.5453971093778934,1
3,110.37548879911708,0,205.6394760489819,0.7572174693498599,0
5,126.88420448720869,0,230.19795258082004,1.0,0
23,31.05184646511451,7,206.2695459611301,0.698197408165624,1
7,178.5128386459593,0,346.54100837318134,0.8753974052889486,0
4,117.09940077696007,0,194.1946755134983,1.0,0
10,183.56524807696618,0,302.1348121154705,0.7283281927131308,0
3,135.58718044390568,0,299.72207792798883,0.9317589361897657,0
5,128.01637490194253,2,234.74526935776646,0.9521885370766587,0
10,119.58997558839454,0,232.66147095794068,0.7815196610396173,0
128,26.580347971129598,5,237.80276178949748,0.279509147868996,1
18,52.455458098038505,5,210.600355221274,0.5687919449184832,1
9,151.84373312949316,0,386.3392982120085,0.8620274288547961,0
4,144.13993752448135,0,291.9370593337684,0.6601171965117412,0
5,200.72367233212697,0,309.8488099053994,0.8618949213660598,0
2,73.43816379233873,1,177.19204670061904,0.7679514327587564,0
2,119.47121076576691,0,138.47930197871747,1.0,0
2,127.49459468756145,0,303.2976760940642,0.9113228027902612,0
5,73.32149950590681,0,204.94135966923318,1.0,0
37,59.061411479006864,7,77.16371899620917,0.0,1
4,51.36521735834475,0,315.2290693537582,0.9059160279322949,0
6,89.45318862209002,0,284.0661725603212,0.8473657951445128,0
128,21.38340844113451,2,92.95778602158367,0.023018158548783797,1
7,112.98251839432729,0,357.2643286443584,0.8318826516973995,0
2,161.96264084044998,0,227.13610513153034,0.7695524604533547,0
5,152.11352168900765,0,70.92867842120178,1.0,0
36,53.761597890584774,6,243.71026760240608,0.42887076765061827,1
9,153.90003463845784,0,237.2617559237681,0.8827216409638268,0
23,57.54545010171177,4,168.35568603877414,0.22894987683926035,1
2,122.69264407911415,0,293.88745370218334,0.8438726236776415,0
5,115.84490690677097,1,308.2320558021728,0.6163607325303426,0
8,111.03235539112202,0,311.91180952797384,0.8094045185539145,0
4,115.99857350029694,0,178.2318794333643,0.8903471650094537,0
4,165.1073480107303,0,210.94830017131,1.0,0
9,121.22349933632238,0,313.8619887933383,1.0,0
2,104.0987357093226,0,249.49323822299564,0.9566780868243553,0
7,93.06310098816924,0,286.6216536627151,0.6994415648202683,0
27,43.06648206791929,5,335.57666506409475,0.6643222968403211,1
11,169.2246167484107,1,184.3040514593413,0.6452494507273598,1
12,67.2901181505504,5,273.46008325835,0.21466085653640066,1
9,65.09012055518863,0,382.53322720284893,0.9292498458236942,0
5,67.38264761423052,0,310.43212606590635,0.9975657786483219,0
2,134.4788257363592,0,227.2363568984419,0.81241941563395,0
5,100.41973271606325,0,353.6560367890846,0.8678216892961405,0
29,61.442032452815354,10,243.24176114066236,0.5411623980350975,1
5,114.66524046815574,0,364.5016592947832,0.9291709829016458,0
5,75.20573927972836,0,313.78766578713544,0.7069172677184632,0
2,116.92917229388748,1,238.7674778128185,1.0,0
6,100.84792615304636,0,96.68965491797964,0.9430052106880054,0
2,114.01760763758291,0,99.54507517813256,0.6769192257441123,0
8,86.16424212659061,0,297.704083882965,0.7716491519457552,0
3,231.8631716534748,0,164.47990767191368,0.9597069378439874,0
35,68.6531999287133,8,229.0138069410195,0.3048947690073398,1
4,124.87424201979378,0,308.5217674422587,0.8270477796010004,0
6,108.08878641773273,2,278.412026342879,0.9092916354662142,0
7,142.8629743414045,0,318.4373954642046,0.786272929728891,0
35,45.29688129832498,7,189.797952677253,0.0012649807269169895,1
9,75.29059998946067,0,149.9506120235664,0.8780983817708291,0
5,20.122419181991038,0,262.60453571651095,0.7996768208853015,0
5,96.53522016075833,1,324.7825783827789,0.7894049445633327,0
6,124.07532166351962,0,197.34009914195195,0.9927450188803311,0
1,72.52224673863535,0,359.8965212708725,1.0,0
6,215.21621984029346,2,219.9415195710491,0.9712924805739983,0
2,10.0,0,244.73284648759181,0.7313332451756859,0
4,116.9803354368171,0,268.3971953855387,0.830451647901121,0
7,154.26541247445206,0,151.6440453092542,0.9030551506850515,0
4,125.37633271132813,0,205.16443911928187,1.0,0
4,96.43812186527758,1,214.82254020723823,0.9048374999460568,0
134,27.554250279933385,1,40.0,0.2083056625348101,1
38,65.9882628486051,15,187.0335876592348,0.3398721861117034,1
4,132.21415654941057,1,284.4847021054631,0.794403219144129,0
94,11.876582554358484,2,146.43083070773224,0.32040004411310097,1
4,106.04506042864304,0,237.18856854064796,1.0,0
57,11.440277870288904,1,40.0,0.0,1
3,140.8592200618584,0,161.16843841662526,0.7062067775939034,0
4,216.15449086173984,0,152.102837160236,0.97752492964886,0
5,98.58245884176034,0,269.47006170966824,1.0,0
6,159.36900601370067,1,170.03191594857208,0.9945869409698286,0
7,75.60167568073336,1,338.703045001698,1.0,0
5,76.71442114383305,0,338.83557062135515,0.8352118946572197,0
7,82.7329889146975,2,140.52905151481647,0.33595784666444045,1
6,126.49670346206082,0,249.4784659580441,0.6145678887596199,0
4,58.38763046692169,0,390.8248035702559,1.0,0
57,21.71277623603776,1,179.2711644578022,0.16678301767973347,1
2,108.19949813138068,0,169.9643903871837,0.9422354817968834,0
46,28.092221513679608,2,164.20716534957816,0.05533634279835744,1
5,120.37211145561602,1,135.51730220149918,0.7093602620400733,0
8,87.79643695002525,2,212.68032694308258,0.39346131682333313,1
8,70.10474930853445,1,204.29629965488672,0.8945474785382084,0
3,116.34473776723964,0,184.2841600764331,1.0,0
5,135.88620610369728,1,308.1776040260949,0.9738219173650416,0
56,6.721420848750292,0,128.19802696060472,0.058415271883291556,1
4,32.301371343118305,0,210.78460170788716,0.8912424845282049,0
3,171.2221097231141,0,265.3547732091227,0.85584954597641,0
3,141.50099139791024,0,176.95768950119358,1.0,0
4,212.82672634870255,0,322.5112188239351,1.0,0
13,121.94034518793949,0,269.61931963531106,1.0,0
5,130.77971886236955,2,158.66068671420808,1.0,0
2,145.6203489476244,0,102.09602042886382,0.35012016162283893,0
12,46.593201552744276,0,210.00551747888466,0.9197203504532281,0
3,187.5884395011337,0,269.9290382729804,1.0,0
2,148.12866982042527,0,341.0218753591156,0.7238997352356394,0
4,129.73379841808122,0,222.69117087324798,0.7867523387691163,0
4,169.25897956401016,0,275.8658247600235,0.7969068987442202,0
7,69.61066315360071,0,372.38745167439635,0.9606081042505173,0
17,57.06148655855399,2,236.33480171767772,0.6988218521196055,1
9,66.57535404971765,5,318.79387531363636,0.5811196597309427,1
5,142.0312036736715,0,221.6578766930995,0.6889413113230021,0
1,126.48272998284047,0,323.5615629067009,0.8296329772169065,0
9,110.65649663263817,0,178.8985821220839,0.6325456928226388,1
3,75.65831862610887,0,343.25397334489713,0.9137221714676323,0
3,144.3683881936928,0,232.24863476117184,0.6428697829699641,0
8,121.84644769783202,2,217.26223257757204,0.23111833707947155,1
13,34.21375121537355,1,198.4824356199905,0.6226878549335534,1
33,48.701320179381796,9,86.98518057794766,0.46132105463156275,1
6,71.47353906497338,5,199.20636572537293,0.4148157753909189,1
4,93.01234032223347,1,198.73308914488064,0.6307346428366797,0
7,119.13070199016772,0,163.10130638404846,0.958880750098301,0
2,79.81492677870841,0,176.72413357220574,1.0,0
3,90.50209226574897,0,150.9707074377963,1.0,0
6,144.85167656126887,0,208.4608335054694,0.7505872700145301,0
50,2.0,2,40.0,0.0,1
5,177.22580231473944,0,357.54882432773763,0.6188785613456159,0
6,114.24940680707222,0,207.4749339747082,0.8972503317098384,0
3,198.29818023445821,1,279.90216565443285,0.896515727718678,0
4,86.11826059016019,0,264.3545285139513,0.8090503850393036,0
123,13.084600762499912,1,169.2455203080034,0.1311367369685365,1
29,5.0,6,172.6949128799496,0.3665171507040298,1
7,112.02753187125299,2,351.61312218451786,0.22851238688252448,1
2,57.665851842168195,0,242.3133179281686,1.0,0
2,71.2973362964248,0,200.65611804527413,0.7642999807350631,0
2,125.57618855434723,0,252.45539548060012,0.9445530260445055,0
3,108.04556243859082,0,288.90600878359174,1.0,0
14,49.44576268938737,4,208.49130786329928,0.3931258212131984,1
6,144.3085737667874,0,343.1805975766297,1.0,0
25,34.930919091675975,4,157.57738015854662,0.02026828169848374,1
5,172.25814027302775,1,170.54585843881284,0.8332998199416561,0
5,103.3887703235543,1,342.93902828800765,0.7948436771746339,0
4,189.32201251093804,0,292.67393239083685,1.0,0
6,153.57448260644625,0,319.39460399502434,0.6995696062096335,0
4,124.9940792193857,0,303.024571409961,1.0,0
4,172.9426308168281,0,279.40788518420004,1.0,0
129,24.149182639059905,1,202.97729102860606,0.01173119091386875,1
6,52.60356093908298,0,262.3954343628718,0.8028833654262535,1
7,159.30512773446625,0,389.7869576349381,0.8102138576734563,0
6,219.66875758140839,0,266.51265549372755,0.795546596761708,0
18,16.156671678618064,3,243.59816795436998,0.43866008231111664,1
31,11.621641773393657,3,246.981172030546,0.36086725278719894,1
8,125.36905428340357,1,196.05596024393367,0.28899269856863113,1
10,102.9934927880859,0,109.52595948954834,0.7831986178060377,0
7,149.5260850538182,1,228.79263031810444,0.9113541857371906,0
7,100.2340974487533,0,296.06303732555295,0.9274893277157482,0
8,86.17921102553557,1,247.8562325113871,0.8040079620101387,0
4,173.32677826773565,1,143.81519887707472,1.0,0
16,8.0,5,179.91133531964314,0.3431461518190715,1
3,83.88986722734701,0,235.2218076641272,0.954314590807141,0
3,121.39016652247993,0,251.87825528751713,0.984573549481908,0
6,61.358792672930406,1,257.88166005623515,0.9818898092937167,0
32,25.64278988044949,7,207.93248434778616,0.6773468559466268,1
3,140.6595161316624,0,363.21700792543794,1.0,0
7,153.66313268426677,2,403.7168259511943,1.0,0
43,86.96368776923647,8,149.36375777603754,0.2070019718070565,1
3,57.508865279100725,0,353.13746708341336,0.8433094173660651,0
1,123.693348681285,0,302.85560130511914,0.8202787128647316,0
36,12.287966451823998,8,198.80626997533878,0.4660802166805285,1
3,116.73984458969221,0,224.22915913577023,0.9941024127094034,0
5,91.22303198130527,0,267.4108185371241,0.8692901500135651,0
5,130.50059546656945,0,330.9412805013262,0.7919965424635338,0
5,190.27278194141195,0,218.33637689468978,0.9074233155684528,0
3,117.37391182782048,0,149.0817219771593,0.745438943235246,0
121,25.593658206743182,3,105.6920891966059,0.22644220799122622,1
4,144.8596976498409,0,335.7717355479988,0.93570987377589,0
6,94.47195828332156,2,222.94134026924547,0.221473545968565,1
29,78.3715693751895,4,293.75806025984843,0.3385730052858015,1
5,108.90812168212564,0,204.681872976025,0.7832642945661614,0
4,79.75698818013272,1,159.74123534976133,1.0,0
20,46.925130213303184,3,183.62578516904819,0.3155059290246407,1
7,17.409933550839245,0,229.02066846992147,0.8896175553851217,0
68,23.99786481215356,1,109.60541462700918,0.058748175937287775,1
125,22.02984701356347,1,58.15774407908902,0.13272254676920475,1
62,34.509764547124895,1,136.5838116142434,0.2155835071684467,1
77,15.94718804692202,1,105.84353838304469,0.1783545508610288,1
6,114.78361325080067,0,310.20131026924173,0.8600336597632179,0
9,116.46220921803597,0,292.22278636818186,1.0,0
107,10.609381869982885,0,107.0330786085739,0.07682012381324928,1
4,48.68177295717207,0,147.50702757705213,1.0,0
3,121.57034917223532,1,188.0569960932848,1.0,0
6,140.5087772336334,0,207.1737267232343,0.6900531331408075,0
5,209.16904630270258,0,275.3740198170676,0.6066369127820957,0
6,80.73417314740459,0,162.44580690328374,0.7832863851457906,0
3,24.173863721123325,0,328.42974735486354,1.0,0
1,134.42500121390188,0,402.5917899733613,0.8408160488816253,0
3,145.52251274487406,0,208.7671975296543,0.7437663198248137,0
8,159.8552154648336,1,188.6376107771248,1.0,0
6,136.11123908049078,1,222.96145778911182,0.5011271818331887,1
132,8.419930277829643,3,75.52602486842423,0.0,1
64,27.02926107978334,0,163.81363544969608,0.08224143746503522,1
115,17.376439444134572,2,98.26760885247711,0.04682262443895946,1
4,56.2864130626221,0,340.44957659820966,0.8480983755952052,0
37,5.0,6,264.4428053599517,0.0,1
3,58.83963750031918,0,135.66251530473582,0.7681724091314165,0
58,2.0,1,143.98914725408937,0.01711099527959122,1
31,55.512730914588005,7,40.0,0.3321898691196737,1
3,138.06440345262865,0,162.1479610315856,1.0,0
2,69.6033308468504,1,174.6691100812214,0.9192793493910052,0
110,24.779158571954973,4,230.9784750538988,0.1541023596586798,1
6,78.18582220619497,0,185.987830899115,1.0,0
3,126.85804610795854,2,140.25457338124133,0.9010594268708437,0
5,140.07909006113695,0,306.57398396247254,0.6881419407320507,0
127,8.455455739399548,0,168.4846253273227,0.05833196165286299,1
2,158.03435867986587,0,345.25969149141423,0.9054465508088808,0
6,112.14245012268067,1,326.60795219030297,0.9269001511711894,0
7,98.82262566802298,0,175.91935086043452,0.7582538295646009,0
14,109.09875345920089,5,193.5228102996523,0.6033811356586898,1
7,123.71395875851566,2,376.75644956255616,0.9796564122955698,0
6,159.93261043588026,1,352.8817407166987,0.8647991062661916,0
11,103.24108239143872,4,277.680284936432,0.5448866811404128,1
5,140.72917065147905,0,265.29560480563475,0.9450432805752227,0
4,173.04809209183063,0,346.1989726106047,0.7801803300747735,0
8,92.24990333594653,0,309.0118506734944,1.0,0
10,136.82862667433338,0,206.45737403210944,0.7966817831253779,0
3,99.69087712659137,0,233.41642535173736,0.8001480111202881,0
130,12.720138725979814,1,176.13100641801157,0.0,1
4,163.97491143154707,0,139.35527273429852,1.0,0
4,172.7847274718403,0,85.87836999855756,1.0,0
4,127.25563859621084,0,150.70063283465026,0.9369175251213055,0
10,90.26697280135373,1,361.6647507762924,1.0,0
130,9.435073823226647,6,213.53765788793208,0.08508089794829173,1
7,53.811179714534454,1,220.02847862440214,1.0,0
26,6.53516216948781,8,207.88208707520747,0.5428389294414759,1
6,158.81323728125022,0,92.52397022751796,0.9650471059259716,0
7,127.92485326120362,1,357.1630255692036,0.8047562368311109,0
3,110.46820730154785,0,406.20515825044475,1.0,0
1,131.92046327352702,1,241.82820155852616,0.6718940722157265,0
5,144.43054173640846,1,330.781278036967,0.634456924940478,0
7,116.27569009892883,5,324.002466688894,0.2965480186301969,1
4,95.4096388951308,0,236.65444132142304,0.8558994747797704,0
3,177.14138581989585,0,242.24165855983378,0.8876007537915228,0
5,119.51384174968554,0,364.9205344778437,0.7321024381769943,0
31,80.03110137074772,7,164.83058093815413,0.348225935811566,1
4,134.21888591630105,2,97.12276852878328,0.6097442026248762,1
6,89.30796376739946,1,172.3910408843406,1.0,0
5,131.7830283456227,1,264.0933214008757,0.7317505561676825,0
3,143.43210174134472,1,281.0988081490812,0.9505886568642149,0
12,141.03488432684176,1,377.4429770176186,0.7510009666181796,0
7,140.31977624322735,0,178.76766431432506,0.6258753762023023,0
135,31.17391396428593,3,183.6934981905478,0.11940791363872294,1
3,117.34826591963763,0,75.7792396589399,0.9339147817287056,0
41,35.07875381506019,6,265.87809661851463,0.12125851753925941,1
38,51.67840925611906,9,75.51360738391944,0.7095707624516179,1
2,122.3306033174771,0,153.6455353801422,0.9133026721517776,0
9,125.17321917477352,0,218.0779915630011,1.0,0
9,113.1238886012741,1,250.73526313294872,0.8952740810698858,0
6,111.5978292041954,0,143.0902129539294,1.0,0
0,133.09834283665427,0,388.3715878175586,1.0,0
6,164.65964811783456,0,293.096499308494,0.7500603286457399,0
9,118.69444486276802,0,216.91588860347665,0.8528064167616758,0
115,2.0,1,96.74303627566307,0.11307898645263958,1
4,85.95829287421944,0,217.83452875790277,0.7561311052797571,0
7,99.14671327299261,0,268.07819328010623,0.9196128380295379,0
5,30.477065110775996,0,214.9118979450216,0.8955628001616543,0
123,9.392891853187983,1,54.852786380855626,0.197275265154208,1
1,124.54349071652567,0,276.26222009626326,0.8341713566459166,0
4,209.46685415297284,0,358.5578986655368,0.8387097326467297,0
62,12.319975250810996,1,129.76014528532332,0.12998242211186242,1
4,98.49662989096778,0,407.0158732981811,0.9109061039681745,0
4,130.7021828679366,0,237.66018957667345,1.0,0
4,135.07622270646993,0,250.97454822654345,1.0,0
1,172.25483941472638,0,207.62249980855532,0.9444897547859499,0
7,166.1068740323677,0,206.87365646310136,0.5449928094062664,0
5,178.70490417505334,0,351.18514152501643,0.7898315672304375,0
6,143.62812953884782,0,213.82294580266026,0.8740710025747579,0
5,139.5285793297345,0,299.7502852759367,0.9669992967648388,0
110,16.30839741453794,2,66.44687802101053,0.20859413290197767,1
57,21.83485085078608,2,226.29184039676392,0.12791710346720211,1
2,87.95188003271704,0,194.1885556288843,1.0,0
1,132.79833449623226,0,302.3769821225423,0.7807888350696177,0
3,95.67273450024058,0,223.474396229971,0.8341904564703104,0
35,61.228353637949006,5,209.44533119262678,0.17956887806366678,1
45,90.80733961796058,5,179.95609243533985,0.746575609973501,1
6,134.56512665331186,0,199.93056991973165,0.7649095021281374,0
54,24.824770960431508,1,91.55219340875381,0.11360813207285717,1
4,171.62228778356848,0,214.89150394801294,0.5993012122055965,0
5,160.32698405079958,0,127.47994673048382,1.0,0
8,106.95906294418448,0,314.9144890853109,0.8816510665152881,0
7,75.15683880944007,0,325.44698835385236,0.8818574201377353,0
37,38.199561132943536,7,239.47355157439898,0.5117890242508646,1
7,128.4782398357941,0,263.38504724273434,0.8693859902684047,0
127,2.0,3,84.31053793257162,0.05112550850746095,1
25,101.71582956122577,2,99.55160945084067,0.42716620590822213,1
4,71.20500799389751,0,239.75177140302387,1.0,0
3,140.58186599153194,1,245.26320828362728,0.952147141638616,0
69,24.73323882335827,1,182.12972006775865,0.16319830050326678,1
6,128.74379757933244,0,184.36325193809446,0.7596512342106823,0
6,92.90028563751385,6,313.52122930153655,0.6510559453949017,1
7,149.98505557747515,0,307.27694362643206,1.0,0
3,125.4374977382099,0,405.02144312531595,0.6120424040382924,0
2,86.33265403051828,0,188.2346628179311,0.8501356046369933,0
23,51.51367769967436,6,199.55894424278677,0.5836528829222893,1
44,36.390098687499105,2,184.93144023218437,0.0,1
4,116.82557133737568,0,307.1228650079091,0.9790787497313095,0
7,69.37484749418414,1,204.6905002565742,0.8495887208896808,0
36,13.400284360002033,10,56.91379066798851,0.35841566617429044,1
1,86.24685263832899,0,429.2750696896062,1.0,0
5,110.96306560405895,0,266.16237451512546,0.7108647323320728,0
8,74.89446997000776,5,190.33733078175462,0.9022426073162664,1
5,131.14284521540242,0,313.731463247464,0.7113992405554918,0
2,146.80154316768602,1,285.96278087878136,0.9362170081636063,0
6,87.36042393561819,0,269.65369686919996,0.7834666420985917,0
7,92.96415838914142,1,142.3998472695938,0.7756212178750915,0
42,49.32709208672489,9,203.92591402507412,0.37760624259433595,1
37,26.072253124378843,13,210.8566148079624,0.43350297901226126,1
5,142.34456399509455,3,203.90706545906625,0.8794439374115738,0
39,37.73388441401778,8,127.16118281116889,0.33019599680726075,1
33,46.24667690188706,9,142.19712716897897,0.13795701044308442,1
49,52.20224094842779,10,89.06204809501637,0.2813565441242554,1
7,113.88867183987198,0,274.0993010061631,0.9216368403273184,0
133,2.0,3,134.61744670794778,0.0,1
6,90.89412630984405,0,164.01083461547057,1.0,0
9,111.54180881279173,5,276.63837375204315,0.8983185560143531,1
35,63.13765408883289,5,132.03873359878725,0.0520126466282616,1
9,111.7754850367962,0,313.51503937560324,0.5937554279003571,0
3,148.16500481561096,0,155.76703281415814,0.8650559837635,0
6,69.46767095714193,1,81.18112856950744,0.2788575296714324,1
6,162.2408205512489,0,185.2039960335596,1.0,0
5,86.73445055112376,3,99.27388849202679,0.3795836536978991,1
9,123.02452913175149,2,329.5631066474501,0.36005190444282154,1
116,8.921821151798781,2,53.59498866976179,0.14595142605199132,1
19,42.68137407777034,2,237.82668229682966,0.6111865348694867,1
5,127.4427117150063,1,338.25976083736356,0.7028464517481073,0
6,192.59065786974583,1,184.84258286311666,0.7946587475720244,0
4,102.5470910802049,0,235.55391283502635,0.7748277808181803,0
24,80.69591697196456,2,130.8738666219995,0.37037198804641297,1
6,72.217977454776,3,276.865759939635,0.5694355482246751,1
6,117.3117017844328,1,371.0209842569673,1.0,0
4,182.18874872779574,1,292.1139342568286,0.8065983321903406,0
11,118.92089535980935,0,189.50025087508897,0.8688338357837191,0
42,64.7541879717644,10,111.28796627188567,0.2002503860035022,1
9,164.23245162770476,1,195.51606436839143,0.9080904798308558,0
5,162.0922964082657,1,440.4044891025716,0.8834628982626589,0
8,190.03911545665935,0,313.7552234155716,0.8828225586085858,0
6,82.9436285272337,0,214.28623926550083,0.8251753271436663,0
2,124.28976781884741,0,329.06922519098737,0.7857554130916385,0
43,68.77277271779752,7,40.0,0.17259789002038028,1
29,48.70733637092522,10,174.96080085798857,0.27989683210648864,1
144,9.837036352984137,2,40.0,0.10396369305074683,1
4,104.40343262547952,4,265.608911170096,0.6705731763420556,1
65,27.873313557333383,2,117.28277260540102,0.001666685780925496,1
3,86.99678067667843,0,132.25652950024076,0.9391203083215087,0
5,92.85809342561338,0,171.9340101069512,0.964160221626832,0
3,141.30049412134397,0,397.84525039519207,0.7537532130073678,0
26,61.82519865033249,3,140.80406868328512,0.4279398543644841,1
4,118.44871256776378,0,313.3774170848791,0.8745585999530454,0
3,118.73024992131845,0,256.3798015259917,0.9817211858126025,0
4,177.59921654973007,0,208.55445714685828,0.6324664472853256,0
9,109.13262523786985,0,337.56858079044514,1.0,0
6,106.27739664309227,0,297.06681202323364,0.7453047099626848,0
2,133.53486318977144,1,198.98776296319033,0.6106096689136,0
2,62.13538348132455,0,302.83727857773096,0.9929722222481285,0
3,125.95262430728108,1,389.2289585466467,0.9309882956998338,0
6,186.85462933795898,0,151.46729069619093,0.8463324844534575,0
5,51.271826041838374,0,146.4042370790298,0.8904567632688288,0
4,102.43318490449711,0,329.69806972603396,0.8387108989139944,0
15,68.31197281544881,6,137.5389507901196,0.3020004353565734,1
6,131.34216306964467,0,147.5121404340419,0.9897838501310976,0
6,104.01571567543934,1,256.6369252883263,1.0,0
5,150.28556132325664,0,263.1775312559251,0.5764077338764897,0
5,146.20167072480254,1,261.71510490527504,1.0,0
15,70.75923165245442,6,223.04446999013723,0.5965241061265569,1
6,118.16478295025004,0,141.98346725845605,0.8626290326210113,0
22,55.77667358252436,8,300.21768158937255,0.12860562279620794,1
11,99.50219972095502,0,189.4756193826963,0.7710551760456571,0
8,182.21673331234732,0,300.8809249408573,1.0,0
8,119.87238936348847,0,317.87853950112407,0.8906181174333293,0
10,120.73964334204376,4,178.45238026941223,0.38848617860559076,1
2,86.99675986404215,0,236.68853450076708,0.9269680141971706,0
3,169.96404898228914,0,174.84627004451156,0.6825357850286334,0
4,74.79400307596566,0,283.9847213048995,1.0,0
3,165.77337919508173,1,257.8321573828787,0.8610177185259327,0
12,122.15013539049622,2,172.16813187930777,1.0,1
34,22.025340546401875,10,199.2673703913451,0.15144832811465586,1
6,142.78055702474498,0,319.91142109480177,0.8285143122711651,0
4,156.1874374166375,1,344.06709804103895,0.931477217976982,0
4,56.9550560486255,2,306.3498247394614,0.7751359369702618,0
5,133.68144962723508,0,149.5701151047655,0.6182955395526295,0
10,180.709938807913,0,210.76602198519737,0.8132607825068704,0
36,5.0,8,129.4461517074195,0.351669104247459,1
31,5.0,10,161.51731861918284,0.32092600455578946,1
17,54.00525703533899,8,231.67679052431015,0.1654175869946733,1
2,140.20845323525663,0,287.7469831415205,1.0,0
7,200.41990253078544,0,269.3590078084053,0.800008401124312,0
6,104.25972781387976,0,432.71590921552155,1.0,0
7,44.359423036535695,1,288.23957880232274,0.9640699410181182,0
3,73.9955004170871,0,124.25569914171406,0.9863240992317117,0
3,173.73624410146977,1,412.6816746138499,1.0,0
3,131.34494733886197,1,387.89971980768416,1.0,0
5,132.910953553911,0,215.78541893525966,1.0,0
4,26.066972793450205,0,219.33701672724473,1.0,0
10,143.54921494629778,1,200.2910169673638,0.6307909232414878,1
2,83.32683238654643,0,220.19216311017567,1.0,0
7,31.866268461211202,1,205.81352607670303,1.0,0
14,40.245039244544095,4,132.2950332850087,0.3568727775252893,1
7,134.59588968268523,0,258.8004503457336,0.8729587196294505,0
6,55.555295545792916,1,190.2767105650108,0.8000002721606626,0
4,138.98242846715019,0,100.80439011596924,1.0,0
7,118.05985044473836,1,195.1713955761704,0.7536518527721697,0
4,177.24269405370808,1,319.6907393311697,0.9985243421769666,0
66,27.644036024813456,1,147.6886713523963,0.07002785300475498,1
5,120.77064950376726,0,380.06413942967794,0.7875013106490764,0
7,173.75723070641837,0,265.7996310500267,0.8862777711839551,0
130,6.929242632607224,0,148.64362511175833,0.020207149945913574,1
8,62.42818881496285,3,78.69572863920233,0.6280751922324066,1
6,56.494660024914026,1,395.5867788016104,1.0,0
118,4.508167299670438,1,152.49626299031166,0.08944343576732687,1
6,83.40511032188766,0,216.88770726567455,0.9606679974193305,0
6,166.9539112139673,0,130.02861991168425,0.8479288955838712,0
4,173.98272265181754,0,299.46621862153336,0.8254679816319261,0
15,78.83282028035379,3,263.99325188812566,0.5086122290254537,1
9,81.7239295832837,0,171.17936396198962,0.7851969651362063,0
41,82.39623389409964,8,116.44765497744987,0.5041292053810325,1
5,84.61830014999482,0,345.14779036805305,0.9884717106458236,0
18,89.9809697895808,3,266.9833289563938,0.2378280358806098,1
2,173.47625133174466,0,215.34361137026278,0.5636581728311871,0
1,137.231964130744,0,224.00588954752365,0.8435701762140599,0
5,129.92634314015265,0,201.70692624693615,0.5844660314893652,0
2,47.5851149564007,0,241.8134229555978,0.8286848996715804,0
6,140.0028138080051,0,263.8857963625549,1.0,0
13,93.08363056414231,5,226.6549515813115,0.47811883062310373,1
5,106.34825366119694,0,405.1346805741084,0.6994926110149172,0
6,103.76247281218096,0,323.8805378154403,1.0,0
4,78.09463175440963,0,251.52940825096636,1.0,0
112,34.09111355592887,3,189.80631717835035,0.10274602569754655,1
5,92.01120898287874,1,197.20790066000077,0.9489056278397318,0
5,106.23899519958323,1,218.427912770671,1.0,0
3,123.07698652329333,0,225.4795489730841,0.9542714522635686,0
5,103.60728778705268,1,306.8228485088315,0.8153494637122098,0
3,173.94272385587817,1,277.36304154636423,1.0,0
1,151.25686136281593,0,289.72927929150046,0.8195270145034391,0
20,35.115917475708166,7,231.73854244883816,0.6999824297087377,1
6,168.7144060998349,2,268.71027208804884,0.8012659680904075,0
9,103.0054098569883,3,212.0547524896105,0.5039521080322511,1
2,129.6034463912577,0,367.7658074302247,0.7262964440542493,0
62,24.040868901142876,0,173.37562539083723,0.0,1
2,72.1842576250838,1,270.5094620260292,0.8278971249137482,0
4,154.5288404118342,0,218.99631613830408,0.7545493124465178,0
7,115.5125633416069,0,186.77280490869018,0.8560424516460134,0
12,92.58526944981345,2,192.30144069384835,0.49331211473938597,1
4,164.20898181201056,0,268.49894462596734,0.9671202530071348,0
7,48.44824349907941,3,147.08351588531207,1.0,1
8,46.86862072024508,3,212.8863638177937,0.8247251929205427,1
6,126.65729308862359,0,211.3736878901404,0.9066039590003909,0
26,46.2918618067779,4,193.25172826573368,0.48444091554249374,1
7,169.1282299502099,0,213.00971510184766,0.6788736722286323,0
6,56.34781095284124,1,190.6194581919108,0.8370907418745864,0
2,135.77911352061062,1,310.5448459263494,1.0,0
6,57.650430938442334,0,231.37995590402684,0.9109089780743364,0
2,46.53697722220969,0,258.5211779516455,0.8778815151914315,0
8,164.71506041781134,0,279.9170547541822,0.9196370213355544,0
10,124.06701337681812,3,119.56469001599325,0.36871591131369313,1
125,25.927825566531762,0,114.29248381775864,0.0,1
4,85.09170374437868,0,216.80522983192432,0.8792862714983304,0
12,74.46699871261478,4,269.3208267583674,0.47931502860779013,1
1,122.49795667258296,1,317.5052429492856,0.735487450275945,0
127,7.271684493078184,0,300.4716054882879,0.0,1
7,168.59904685260028,0,307.5185704379117,0.7317166528624522,0
5,130.01455704243492,1,347.36280887622075,0.7677067712621158,0
9,118.94536024691654,0,262.6235800058651,0.8105934392813935,0
3,131.67687006254442,0,346.3821276562144,0.6895040288522922,0
31,44.90939996592111,4,220.46400781073177,0.6095973154890635,1
128,16.1929740577771,2,85.96871960299173,0.14979536037738342,1
3,142.89855968501263,0,352.85574698603887,1.0,0
5,108.50128681633774,4,153.98584377948674,0.44009903679542656,1
2,141.68976049946812,0,387.22689845370644,0.805021923991518,0
5,119.91525953257957,0,197.03296667279537,0.7922059404229942,0
6,150.11029491951277,0,124.86954228414606,1.0,0
6,109.79375100759839,0,111.59602433247252,0.9360262158403251,0
5,161.28531780085015,0,263.7987570060024,0.8465536969571835,0
1,131.9441470417397,0,176.10668737792903,0.8481994151594688,0
7,152.94166463901826,2,359.51525669256336,0.7252262304769413,0
34,55.4997568065211,7,296.02093280783924,0.4668347925863229,1
7,152.11050440589273,1,196.38889348565806,1.0,0
2,119.33171582391897,0,246.35063046308682,0.9751739974336334,0
3,131.66012521132365,0,239.96272800093394,0.611983615558717,0
4,114.44359057775125,0,243.07263420343804,1.0,0
11,92.792714185505,4,245.87119344516208,0.506097375830697,1
3,80.7484312174008,0,243.68368759817082,0.8612191261247244,0
28,46.39675615172173,3,198.45613856941702,0.40569687529287846,1
4,147.48016259849297,1,154.07073352771556,0.8910083583699566,0
8,41.51492027418634,0,151.9989082322827,0.9077728120471983,0
2,143.24022030290828,1,326.55533831995854,0.7775778135548365,0
23,20.370403748897502,7,140.88754043344574,0.44609103475086614,1
6,181.8287423179992,0,185.69749633695392,0.9412024378461095,0
4,198.83933396566582,0,180.2306686489336,0.9513633862660494,0
9,119.57429115662721,0,277.78630495226605,0.9115160447246012,0
5,100.99169544349105,2,107.1808841491868,0.9280043639042885,0
10,120.82328206795486,0,286.85328581686446,0.7452597491437285,0
19,92.53957250126427,5,131.83846597845601,0.4923904489715071,1
6,134.11616513650335,0,234.09873168126185,1.0,0
2,112.19566255791997,0,227.37059829409986,0.7638790954812684,0
6,157.91005090907467,0,229.84245110629809,0.8238526832067391,0
33,5.0,4,342.002077179818,0.4897457972190395,1
7,64.70095388749183,0,222.36980938604069,1.0,0
8,145.54218591109978,1,252.8695049415766,0.9332073923250431,0
62,17.176996250203345,0,146.24261420410116,0.04960418274802613,1
35,43.09797765308571,8,111.2039575337807,0.1737634477944095,1
4,70.7004312927973,0,350.10343614048196,1.0,0
7,100.43884436252691,2,165.45990621411346,0.5792818313088081,0
2,56.87115296053699,0,357.0740391935578,0.9049319526162625,0
11,82.74561328962892,1,355.26250884966265,0.8732157122304208,0
5,82.01085523081998,0,383.1871997898867,0.7046997421678772,0
11,110.92869099902995,3,155.29835772167374,0.5648141300882389,1
6,112.23824207628424,1,316.72345860069896,0.6722477012271697,0
7,80.60971025064566,0,142.31820293418852,0.954230117769965,0
9,131.22246610713168,0,343.70558551814105,0.8570306525495536,0
38,5.0,4,258.09459648001456,0.0025165767801751423,1
3,115.0793513164007,0,196.20173928607764,0.8709917396387901,0
6,106.55043576355125,1,242.7986388114233,0.8461201149497037,0
4,176.14271668181735,0,350.6741286653102,0.801965646462545,0
6,150.51750831277116,1,189.15358092578936,0.8448293516017481,0
4,104.98224524095643,1,437.4476597268041,1.0,0
5,148.2482254447063,1,235.45872246852974,0.8825025172472339,0
2,89.59644538822951,0,218.49598824311337,0.666961289868111,0
4,170.14884478044223,0,194.11420919590927,1.0,0
2,169.14988675487507,0,319.6924628308734,0.7132845407013093,0
9,79.25571482684569,0,327.2701527012731,0.5958288715351181,0
8,44.72220646357516,0,295.56676064467,0.8545759032677797,0
6,134.01611178174434,0,273.34213770128576,1.0,0
8,105.49165098322784,0,337.8384520573285,1.0,0
3,161.95643347674934,0,252.04608239855304,1.0,0
3,120.70834736679613,0,252.4759212165646,0.7939464132346908,0
10,71.04430995685236,2,125.55814165587506,0.06102337024068399,1
3,196.13886571055775,0,165.02464642458324,1.0,0
4,165.50101646498558,1,276.7558426899725,0.9537973159103899,0
6,94.73299283692731,0,349.9407447885286,0.7061882881321875,0
113,7.951187801002543,1,131.05371525284082,0.12277372288909198,1
4,83.10951639779968,0,289.1533620971533,0.711340053045196,0
7,89.79934844833075,0,246.1782450904848,0.7199374178407054,0
41,30.71447069738325,7,252.804360369005,0.1453329340331874,1
4,93.87293615188662,0,174.83489738614784,0.752963350699265,0
4,168.01370630099268,0,195.91604013655532,0.6065061515698661,0
30,8.860774908999062,8,167.53821798229322,0.4523261030559724,1
7,90.77949970385347,0,203.39885481151586,0.9429979048953371,0
43,9.142271434834196,4,112.93437209840316,0.2424069016081327,1
8,246.8295435250101,0,286.09488301403053,1.0,0
4,114.58563146179826,1,257.8509124638388,0.9408883796321933,0
3,146.62345837594913,0,254.77330269994835,0.8484909000921232,0
3,83.79038826383169,0,338.5748722859954,1.0,0
6,68.742526246431,0,251.68884742705276,0.986133830777583,0
6,75.98903258439256,0,210.56527347931066,1.0,0
6,52.83555496422598,0,202.2000739086306,0.9875012764563953,0
5,89.47811795500927,0,227.63644819143036,0.8027349005724503,0
41,34.561141988003286,12,261.27480190613346,0.5331927068915006,1
22,71.62316595550433,2,168.86137616610878,0.2604018935987616,1
7,65.27628602613811,0,283.5639614801212,0.6610151989918056,0
7,75.24892770351312,0,215.0950420332106,0.9611017625212394,0
71,15.692640793585767,1,186.54623568104552,0.14320223688614675,1
1,172.53256569643824,0,294.1403870903842,0.8643004785310462,0
10,101.125048211463,3,183.47650523292745,0.6989046070034279,1
6,116.12568726989916,0,238.49637007037137,0.8537476341970834,0
123,30.407723304941594,1,225.7400427093868,0.14957905827766987,1
6,132.5661465069105,0,199.9294533685871,0.8380537646867221,0
4,115.1481954195745,1,278.0920864855961,0.9801100236143314,0
2,117.97320435803312,0,143.74483440397813,0.7954008896811091,0
4,63.886166295102726,1,249.80880315168147,1.0,0
5,64.18333618202581,0,295.25770420936846,0.8660865345768982,0
7,94.87108532249994,0,306.10210357407095,0.8793366605922079,0
5,103.12775676105154,1,262.9889745522919,0.7328717552901655,0
6,141.63433776215768,0,275.31285018777635,0.9585900524577518,0
3,38.88479203837514,0,266.5836941347044,0.8635260704703652,0
121,17.744382547497874,1,80.06985769674884,0.07846665436196448,1
6,82.23071383659142,0,319.12663661367947,1.0,0
10,117.72311064649539,0,339.00966689197594,0.9641407964291554,0
4,117.38364381160191,0,226.29312895684058,0.837756581198658,0
6,96.07450431725624,0,226.79738092598677,0.7403712422934688,0
6,132.0686060698489,0,108.11500643705115,0.9091882070179902,0
7,146.3516184260987,0,214.48666830156822,0.9017128745643318,0
17,63.878124323647874,6,190.58446699475067,0.2058516252908585,1
112,16.545715219265976,5,176.54074118467187,0.026941237805997376,1
17,28.407644140385067,5,284.60621662205506,0.2988707322305032,1
6,64.722743103843,0,248.55362805679138,0.5691618316959594,0
27,45.67476061452744,4,217.92801573377272,0.0134546518548099,1
6,132.49564333825438,0,254.6081419755787,1.0,0
4,122.56348659299407,1,310.31121523235544,1.0,0
4,186.6396219979187,0,164.65134701627994,0.547365416136139,0
8,144.93461333508438,0,226.46860437201605,0.7638299491384412,0
6,165.7976130013094,1,311.05975643985437,1.0,0
2,98.60717735675466,0,206.54761011304328,0.9508098620672393,0
13,117.06607915691731,1,215.19352563958896,0.9655857621927936,0
4,173.85203829918694,0,317.3766664891077,0.8246634752287938,0
6,204.67229082130345,1,180.48620837647113,0.72154123570883,0
4,198.5134077919094,3,173.71503383268725,0.9380308417794578,0
60,32.0740196385074,2,117.72717397904735,0.12371734372016999,1
59,25.386497162476186,0,135.0274546779543,0.1464421199046331,1
6,128.67010278211563,0,227.17966934302189,0.7751150069716708,0
5,130.9039886315682,0,348.60096703529433,0.7067707005269865,0
134,7.6202365288737886,0,219.10747405942422,0.0,1
5,85.42999566169588,1,398.5906136641927,0.8378739219152259,0
7,137.50639933966266,1,114.44785774748237,0.978901529099449,0
37,55.09148706772292,8,56.13411025451384,0.16002116251126694,1
7,132.1293909778151,0,152.12740941631432,0.8273347115814351,0
5,101.54142236965944,0,323.12592397341564,0.7948252973577206,0
7,60.78564294225992,0,157.01835142966524,0.7196822233507999,0
4,64.4721192373444,0,209.8873297729551,0.9803972299752021,0
27,26.651462974483746,8,289.2483070962099,0.2770141077113586,1
3,109.54371911362342,0,309.2243961003194,0.6674379915728961,0
6,56.53502680076886,0,326.79702169699533,1.0,0
3,170.32106947044744,0,357.9530352741533,1.0,0
4,124.81639511385056,0,357.1302130741973,0.8288832680427537,0
5,91.11028918051862,0,205.34829636297468,0.7733465990190804,0
12,164.29455126238156,0,233.13307763254093,0.6022525023313158,0
4,145.50256281677068,0,286.7026376323153,0.8916083643681112,0
6,96.656691590989,0,265.0842248695938,1.0,0
6,113.06143260497338,0,209.72087284921292,1.0,0
38,81.17118688162752,4,137.41972892569817,0.48869943146268147,1
4,139.64376358789076,1,388.46273673570005,0.7658586202488549,0
8,112.72762900731851,0,234.90295634327046,0.9704546817121017,0
6,154.8301619905427,0,145.6876567144878,0.7792936898029463,0
132,16.698810458918345,0,224.27624077544496,9.080377228231074e-05,1
0,121.22246657361569,0,211.33778714228265,0.7526330497736188,0
7,139.20419555341152,0,199.29270534483575,0.9793426083380684,0
5,222.80883971665622,0,319.426889843312,0.8857376608756222,0
5,205.6582974431474,1,341.7235224434121,0.7172139371661844,0
6,185.88082488123393,1,314.8208154686957,0.8401635653380066,0
2,131.08245972107866,0,214.90271986072455,0.9957055949645287,0
12,114.80966155954627,3,239.88105028758076,0.9015117405238147,1
111,25.761824738710807,2,175.95210287636786,0.010900523142487928,1
11,157.42960425448905,0,214.55660312631008,1.0,0
2,161.60824329384928,0,206.9677591082183,0.9022091542183561,0
10,112.19058948795308,1,313.7529290875268,0.6272438410993953,1
22,21.451410625006574,1,249.00930171830726,0.18551731071562286,1
4,63.763855029134255,0,77.64068501845387,1.0,0
5,94.615484459711,1,255.04863356069754,1.0,0
3,181.0939291070802,0,262.2180920310789,0.7450561323432537,0
22,40.153593938154,4,198.68454676677868,0.5899125947455393,1
130,27.96263451257635,0,124.29011709814199,0.051908198452412395,1
7,156.75202789602773,2,116.8857054000799,0.8083686291350454,0
2,100.5660774321498,0,230.31327487884224,0.9684629077804267,0
11,83.42531670392194,4,206.0682483256331,0.7518806705718853,1
6,146.62665918541677,1,213.02040142109237,0.8725960521754383,0
5,171.78789237141154,1,286.1770947256367,1.0,0
5,156.805292120626,0,235.9747863387282,1.0,0
7,46.97477298227543,0,83.94018173573436,0.8131612096124442,0
6,107.321310471029,2,345.01107435821706,0.9525122903839618,0
5,88.99106818992591,0,320.10449341501715,0.6068231035796897,0
6,102.02480118846739,0,284.3733385754733,0.826966626789851,0
5,18.12343225071766,0,187.191362639998,0.8531065256250671,0
6,176.67143398535012,0,341.5639911587173,0.9839858863545612,0
6,115.83398721218512,0,189.2984003534858,0.8428254769795404,0
10,104.81870625786483,1,222.9935505085256,0.7080998110674501,0
16,47.74299385949269,6,150.07453614250295,0.5467915005032483,1
2,141.40402514139558,1,249.60261338665944,0.7602446838304082,0
3,137.67176404661797,1,239.07026918355038,0.7036358450320139,0
8,57.90895082744126,0,249.97839395795538,0.8485939301792531,0
67,44.2141749609556,0,278.7177054287173,0.27847090691425896,1
7,141.13976617604837,0,228.21782282367656,0.9746002722190011,0
7,36.49313564544749,2,231.7651780844642,0.6943744419155274,1
6,211.79857945883813,0,179.91355794643357,0.5722859070404303,0
6,111.51855852924537,0,166.712694480888,0.726422897952707,0
7,141.92782686442035,0,399.7348702047014,0.8287571704701805,0
17,100.83756384115149,2,237.73884522290825,0.4922393888452447,1
6,160.71230295147274,0,296.02692162878924,0.6718864650750929,0
6,110.29567187102991,0,192.9722078628199,0.8815964300049872,0
134,24.889389627876373,1,160.70301656971853,0.24038443341746052,1
5,126.22722286055024,1,405.9253183626544,0.7634846746724876,0
2,118.2516274747555,0,261.5606827098421,0.9635980431199346,0
5,125.31640987402639,1,272.526771115329,0.7543549669112163,0
129,12.738911501175213,2,207.95754078534517,0.15135265247458055,1
6,129.2626943082808,1,137.4686128429922,0.6952678347099215,0
21,58.55315713533818,3,241.46151176577277,0.43104510414432273,1
3,149.035205726128,0,214.99708623340524,0.8717249981426805,0
37,77.2657880770811,3,130.34790410631655,0.2574000346577203,1
22,52.633765239657485,3,207.8759230035462,0.5761314652456715,1
118,8.316509029495025,0,69.4788015791486,0.09093014060337085,1
4,162.4403387684436,1,172.03271232928128,0.8300417488565646,0
5,85.19214268084488,0,193.10802015404988,0.9311604484956288,0
5,86.33608139184702,1,203.84373786437737,0.997010746574268,0
51,24.374220807871694,2,166.7967979529972,0.02398343329145433,1
5,144.25296337919775,0,266.6896098067756,0.9615817066495834,0
2,116.6981077120724,0,263.15544558087373,0.9596690634542985,0
18,94.52458914528049,1,143.41557622538065,0.2944329216979305,1
1,55.86102118508731,0,462.0900428042605,1.0,0
18,85.10378046198718,3,214.2907280095799,0.30508084684158365,1
2,104.76545060988482,1,293.7546901521293,0.8647877137283906,0
7,122.81137941210538,4,161.93926558818012,0.9406864749405418,1
11,160.64130627720402,0,292.20248329131005,0.9358794505376545,0
5,80.33576398171408,0,172.43025502440065,0.9576039280311887,0
15,60.0519423587238,6,287.56485692685305,0.2726380953112276,1
114,2.445298758475225,0,113.3269329388515,0.06321337911870725,1
2,108.510026291327,1,265.4066384709723,0.8438490536665965,0
5,162.2203429641087,0,264.7194359383358,1.0,0
4,98.53702637996919,0,192.66933933134638,0.7959660863500849,0
7,157.4343961557787,1,296.68719067569833,0.9567546740982033,0
5,158.6181124973999,0,192.36744396197116,0.9791776010055445,0
3,88.8226926798387,0,234.06222149369097,0.8233193720513351,0
31,24.825092067233836,8,289.38357797509747,0.2550317891936948,1
9,115.45977891430097,0,127.92697065016227,0.9721217278350028,0
5,95.41019920910361,1,246.455136527447,0.8631952859560885,0
16,52.75327603216009,4,333.8400439494585,0.4082621271891601,1
6,72.1217968961406,1,373.7344367036501,1.0,0
6,108.33345956979424,1,224.86501269540986,0.5356195362326478,0
6,187.44610572390113,0,225.0509021859636,0.987838262680431,0
2,96.43344553486581,2,259.4163679320273,0.8628820281667047,0
4,151.6020953432606,1,373.1600292486701,0.6882342901077302,0
2,161.77491733389175,1,340.11028615944224,0.9577844420428255,0
3,122.84961317797166,2,291.2544484932051,0.8639959415583418,0
3,38.749156645467124,1,314.70238243835945,1.0,0
10,105.78968662227626,0,313.46536751668225,0.7819588354602665,0
5,41.59890847216424,0,283.99051864031765,1.0,0
7,77.15230036617211,1,232.983532492986,0.9119654559594839,0
5,168.67824014852982,0,261.37297375725916,1.0,0
2,10.0,1,91.12302440494716,0.7808838737246742,0
6,110.58348412177865,0,214.5435548655678,0.8369534762304857,0
6,59.7743482530493,0,397.64127487893427,0.9836598449419119,0
3,91.60982070394962,0,177.9916658882531,0.9400389275174277,0
7,171.859296015177,0,277.20196625395175,0.810589450683555,0
7,166.23009740728986,0,166.63299853482528,0.8886410487683208,0
6,196.99676571663736,0,193.50354892836833,0.729628197492609,0
11,79.88979207718849,2,130.02503070672196,0.8835002884239024,1
5,98.72752625517198,0,133.73219858938953,0.9712053383680889,0
5,154.08807939462633,0,177.33826898470943,0.7708788357906772,0
14,130.21052336351033,7,154.7324617610936,0.4199722160902059,1
6,139.09692678758,0,252.76486672581999,0.669502953472173,0
2,90.09935178307468,0,297.13972885990216,0.9547155571166938,0
6,98.77815087798344,0,252.16484552192748,0.7013544422596146,0
2,79.09099416884845,1,468.6169571856691,1.0,0
14,136.0738890191397,0,253.40803968749984,1.0,0
7,184.29404534565577,0,265.42702060344436,0.8077901855187626,0
8,116.86457030282341,6,189.95384431808733,0.5083747087259589,1
38,52.696519695052146,11,175.86072212274937,0.3649351690160585,1
10,79.62619863145156,0,148.7552650470875,0.6962780472989459,0
6,148.70747555229565,0,312.73288482609513,0.7797644398597656,0
3,88.22412576682494,1,341.8187921079259,0.9163738501964803,0
7,110.03281939238454,1,295.8884706252195,0.7690428578248697,0
2,36.3180768554208,2,289.97934565713774,0.8541833729567181,0
112,3.3149771022144003,3,188.2588989016658,0.012149838224311482,1
4,121.91149363587351,0,125.19743680793796,0.891286851778672,0
9,72.48673046648831,1,286.7881424113943,0.2993554356402935,1
3,105.70377582441634,0,283.4082554423913,0.6660868573338171,0
7,110.16926676940038,0,134.84082572451157,0.7025140869983123,0
6,89.72477388199468,1,321.5543516719422,0.4886492248561599,0
6,103.11543600872328,0,267.30130568436545,0.7497425778798972,0
37,25.321524412757263,7,261.0514670829864,0.09121552477622098,1
6,146.85035193012152,0,174.92058592477323,1.0,0
30,79.46682314973152,7,108.53802734402566,0.3529635114760581,1
10,61.15964815867323,2,157.29336300286147,0.07951400089118199,1
3,105.9362729459726,0,224.21729253722637,0.8034227775343077,0
3,150.51992758906215,0,349.98834574524,1.0,0
32,119.8359530910024,5,241.10478883830677,0.10274976204707041,1
37,5.0,9,271.99126092629746,0.016789246248772385,1
4,108.38555859049646,1,327.9453682015128,1.0,0
4,120.02013283858489,0,259.75586111869853,0.9250229945508007,0
3,146.62963378198563,2,340.3139861579544,1.0,0
38,10.451773411920376,7,130.65318142025436,0.0,1
143,15.002724547977186,4,192.08659388006765,0.0,1
4,165.56693487153493,1,182.10385883300373,0.9941708709837652,0
5,201.111932326061,1,210.0074819562172,0.7420764580882572,0
36,48.92175823154026,8,151.35931890501132,0.2388241003333126,1
7,98.19507747814343,1,161.68216757874183,1.0,0
3,163.72030005276648,0,248.9326980461077,0.8694198089903018,0
8,149.80152477216615,0,269.41155956059464,0.9967116768525223,0
2,116.48754458136833,0,365.1747563260117,0.9717049795483865,0
5,119.00032539112283,0,190.24308962145702,1.0,0
102,9.468551848249394,2,266.05302352710316,0.022667096282352108,1
2,177.06840355794512,0,393.11130509098655,0.7456009693683969,0
2,64.98457154245203,0,325.57325086127713,0.647910401141437,0
3,125.89632797539457,0,233.21105704313595,0.7211333816725163,0
4,168.85567974912857,0,152.97866252430853,0.7793328524078235,0
10,181.6036217313681,0,223.59594975329242,0.7886588476843932,0
5,148.91797120270036,0,345.9944750972546,1.0,0
4,171.52622655906202,0,250.45816132323077,1.0,0
1,121.49553229118594,1,191.91490783421582,0.7856822784076768,0
1,165.61761755191304,0,363.97489897134307,1.0,0
4,110.72772253525326,0,118.16853465952633,0.8599752680670797,0
5,110.96153093825906,0,251.9099385895794,0.8613367135200116,0
3,147.05946848433737,0,306.4402352490075,0.9203649580241712,0
48,15.090304709853697,7,250.23340107260822,0.4532734524856356,1
115,16.760104560652927,3,113.83271839444151,0.1826412503257291,1
10,136.37849249427035,0,197.32694618973593,1.0,0
7,116.57192312973737,1,399.22523377691954,0.7721027581485863,0
10,208.6903562061235,0,148.70913255226608,0.8521899433856109,0
13,90.73467553494473,3,173.29440827326596,0.44769467965312054,1
3,141.08837673134738,0,132.5454238944644,1.0,0
8,76.19183063498413,0,272.85146281611884,0.7612374603410834,0
4,104.55863619762007,0,215.37144844201538,0.8038936189446823,0
63,25.037059450347726,1,40.0,0.18458982833876414,1
15,114.52059281773134,3,184.7588416308572,0.4778533895533101,1
0,43.77767164448709,0,162.8117787831007,0.7329257096250212,0
10,72.71247702500095,5,163.99326204479942,0.7647945234693384,1
10,112.58968126867511,1,301.51170056476633,0.6952955708467153,0
11,74.49373481124996,1,211.68153425620724,0.8004060140876144,1
42,34.19421760999313,7,138.99582054855657,0.107086613290533,1
5,72.54620781467,0,206.3158088983832,1.0,0
3,56.023633031719136,0,108.55500445166042,0.8520615587548757,0
33,37.38918692211817,9,71.87156421366124,0.25392022655852386,1
6,149.29911219759367,0,201.79093198099687,1.0,0
136,2.3190354619636655,1,165.2410036540523,0.04012839281494717,1
65,11.387576851348069,0,113.37021952434903,0.08129101641194283,1
118,12.701843163339964,3,209.05857480969462,0.03575006407546416,1
6,106.27401784404142,1,296.2615861291425,0.6676397150067328,0
2,181.71032224404146,0,443.8174983616425,0.5419021519478734,0
6,89.18738180479156,0,281.8228372069139,1.0,0
2,114.89504259908625,0,253.37593211184378,1.0,0
3,62.30795053872684,0,295.10428808594554,0.8925668575209261,0
3,102.25688895799647,1,312.37761914979785,0.9431312619864151,0
40,44.88295862337461,10,151.86881559003285,0.0,1
6,140.99189687478594,0,366.5545872077385,0.7307844271165276,0
3,130.25949492046405,0,131.7253448168557,0.867486564668962,0
6,52.840528702827136,0,246.45524333059294,0.7074166620804084,0
32,21.17124330403155,7,263.69344692223353,0.12306784620080005,1
5,198.51188454926898,0,266.68689109746845,0.7692538304079471,0
54,3.3806485173558327,3,184.45835554657853,0.04623574373969155,1
3,124.76768384076011,0,224.25447633670223,1.0,0
4,117.63080900567113,1,300.9883571371344,0.9420845373425406,0
8,176.1031189553072,0,255.25079069020296,0.6152438066420503,0
33,92.62270098303776,7,234.57975875015794,0.44508646431842064,1
3,20.663279612687653,0,262.6560171837961,0.8176145876709245,0
32,39.48937042591854,7,308.98950425139856,0.5298616121356426,1
111,20.243465306976532,1,181.49021361385738,0.04295584143251773,1
5,204.17819107834197,0,332.3654523629182,0.5262096677764955,0
1,143.5181511290554,0,155.8544574422584,0.7264013740248426,0
37,55.09659725156582,10,198.76659486216147,0.21020566344975705,1
18,73.45325080257469,3,201.72518691297506,0.5075112402400365,1
8,64.79444240062237,0,260.4760497526633,0.8738202632648377,0
4,135.0549436225428,0,123.13954532118109,1.0,0
4,106.56668519802382,0,327.9555713564478,0.9686564157496782,0
9,192.01076342426072,0,182.2243209574213,1.0,0
3,138.19981477332996,1,160.53815791502154,0.574395194892565,0
3,108.90175740570191,0,198.18378453481995,0.8177137196413384,0
104,21.333062871536026,1,88.47455516485911,0.11654420731347165,1
2,175.89416519832847,1,271.9026483997639,0.5585582910985148,0
5,169.56931087108907,0,365.56470391478143,0.9103330829317097,0
7,161.3242741544348,0,307.4603324043791,0.9992119114857824,0
3,135.25815392898687,0,281.0021738751705,1.0,0
9,54.093547070075545,0,251.7855403388974,0.5938446235579838,0
7,126.82468701764978,0,325.92551994555834,1.0,0
4,153.01481153488638,2,359.45284911924784,0.989753607309249,0
6,84.15051246201611,0,103.61268679401037,0.765947176958105,0
3,130.83611391118424,0,234.35650577546022,0.6968431176070156,0
8,138.8236131324416,0,229.48195338026667,0.6749324564000091,0
2,140.4561564348633,0,266.653575807876,0.7405176672022539,0
6,127.66499839366912,1,291.37292047973483,1.0,0
3,177.78536951891672,0,254.11404857751066,0.7681413043101445,0
4,98.57046149078948,0,252.39784805222735,0.8856034676081617,0
2,87.7892607802813,0,204.2096416581994,0.9744606020658968,0
9,145.40719441877906,0,276.2476250153048,1.0,0
4,81.94777273378799,0,233.6549495635002,0.755501506093175,0
3,163.55807863447114,0,65.08951846999398,0.7522788200700115,0
32,47.20332197843702,5,279.03984896447156,0.45501004217997404,1
3,91.54641009307267,0,121.25504630287281,0.6119574109204027,0
8,69.04135258373768,0,160.0184690296223,0.8393117397836777,0
32,53.899467688393884,6,190.96487394080395,0.46321906479044106,1
6,83.88035074593223,0,357.7893058145803,1.0,0
6,97.66510931683924,0,236.23684582068148,1.0,0
5,84.17104113241368,0,264.3355670886966,1.0,0
7,73.23922646714165,0,195.15674400080576,0.9873521917960542,0
33,41.33633687079022,7,186.64220052229814,0.359896272103106,1
7,103.2894788173244,0,250.41762920703474,0.7979411135543054,0
40,71.96092653896562,8,281.69389497895855,0.31540101066583326,1
2,90.02901020705093,0,279.74628518234863,1.0,0
31,5.0,7,296.51629239407873,0.14190251905563167,1
126,23.097430735962536,2,159.5810930563593,0.0,1
5,132.47729579333435,0,312.4210244013416,0.9356271229972697,0
5,122.57024471819568,0,365.15117048588195,0.9476816294474821,0
5,107.17430860250678,0,268.40980125867713,0.5371882201492137,0
5,92.25882040055193,0,333.09882804503303,0.8712909691516231,0
7,161.74767134188696,0,302.3534527001655,0.8053250133341188,0
4,115.74833177143243,1,129.39580320817504,0.9419034262818718,0
5,151.99843574671414,0,336.9245084479443,1.0,0
127,3.193547404292132,1,212.31501303000798,0.10976734931459826,1
1,79.11938929833606,1,196.07206638785726,1.0,0
3,104.1759738250312,1,214.07653835708925,0.9663504855418381,0
114,20.752975899362006,0,206.97729453163683,0.22591026707352807,1
4,60.078448247526,0,106.14881912695482,0.8868873536185397,0
10,137.45183371072383,0,291.92607164237415,0.5492020984970273,0
3,124.61361418155398,0,129.91812976462793,1.0,0
5,92.07399800961919,0,275.9897282606156,0.7118775822131886,0
4,110.5356084514353,0,263.8909935243052,0.8745204441873582,0
6,10.0,1,133.5216615041341,0.8786937538482261,0
20,53.245584477120666,2,179.10467985654446,0.3568908664687257,1
3,103.40110215079869,0,433.77760702003826,0.47302438110149214,0
5,103.0805904061288,0,243.98358964528634,0.6933872639583336,0
7,124.77058611481738,0,240.0839995363999,1.0,0
3,131.40852023045755,1,254.0837322235572,0.943202891700648,0
14,65.13734462803153,5,127.9119321419024,0.508300205304942,1
7,218.3481496844497,0,264.25737261290374,1.0,0
27,5.0,7,230.80310875587995,0.25631216140767765,1
116,18.16822728887031,1,130.60901541544465,0.07899356272418014,1
3,108.49345235490027,0,325.2857003485554,0.9284455219106255,0
5,96.82555557579019,0,318.25090617751374,0.6533102507892896,0
5,128.25190956551646,0,235.01573459784842,0.9089638621510819,0
54,21.722814342929436,3,143.03136028192998,0.05207841002728487,1
3,89.71575367566263,0,373.33809932038685,0.43425644382370476,0
9,162.46734580090782,0,178.61048323685623,0.816546318927063,0
120,32.91907679171288,1,98.61738767462344,0.0,1
5,98.09248041745714,0,223.19247010663202,0.8243029519042873,0
3,113.53284329337691,0,224.81827794308606,0.8527214734560489,0
10,53.76816100342098,7,254.61845385065743,0.5940720432717634,1
10,93.4369314192882,0,248.77618385957126,0.9809391844779572,0
5,138.4525149798209,0,100.8351409671205,0.9124240317815718,0
3,100.4116194861459,0,203.7742793267634,0.7997490498159487,0
4,109.44558826349223,2,229.87282007576133,0.8440131370007147,0
67,17.069743734076404,1,211.6615922869464,0.19077141965041705,1
6,55.217513664369505,2,385.887160792481,0.3537029235553744,1
138,30.4850474505854,2,217.0559136127933,0.10435283300308318,1
5,187.93302285609136,1,213.41863137407032,1.0,0
7,102.91783954174825,0,264.24422318075807,0.9916821434728907,0
9,109.69727913193921,0,352.18295583764984,0.9803698573559657,0
6,96.99648418617578,0,157.66418074717538,0.7638629448119608,0
7,131.16357109820785,1,83.30313004694517,0.7164370713240631,0
3,139.7888394887142,0,144.7354473328692,1.0,0
5,190.91641270020602,0,194.02474699604778,0.9247660832239546,0
4,131.54772950435967,1,217.5202957051746,0.7179092857511253,0
41,41.54767411555391,5,191.34541569071646,0.3985917429188178,1
70,37.49995223722555,1,170.38383995159575,0.21508363851320306,1
3,42.8988870103784,0,235.91355464262452,0.9304752290175603,0
3,180.14614414677894,0,285.47168845220574,0.957715162440742,0
5,144.52107459211518,1,224.08570266004202,0.693900829902296,0
112,26.73598976805026,1,222.64908490115803,0.08393929302462128,1
8,57.18058741702298,0,157.79589174494146,0.8367365190841181,0
4,105.91915272423064,1,333.23362546354116,0.8142947024998372,0
114,13.117918099550177,4,145.25429330619278,0.17400965699720503,1
4,87.77033454682098,0,263.16519516356885,0.7596456506890891,0
5,80.02583235176783,1,298.2446300323443,1.0,0
34,74.51109426972299,6,292.88922680378664,0.5304151610365494,1
34,58.153415708476686,5,95.75834586414933,0.38209961507014173,1
4,162.91506780765852,1,235.81888262716512,0.8885538078764752,0
123,22.311991482875133,2,180.19699227221705,0.28114776810187003,1
4,55.98547166579629,1,69.29822448435857,0.8339367497111194,0
3,182.5948682842892,0,308.7277291208913,0.977039038751473,0
119,25.958601105596717,3,163.5488461230254,0.11039203973643731,1
6,95.34585904928302,0,262.34674058144884,0.9159905467158708,0
6,134.3326998896885,0,260.9622785109253,0.9718105589825625,0
5,107.12466937630708,0,223.22011839311662,0.7356226081530087,0
9,109.96612748713387,0,275.586748191567,0.8441367232431023,0
8,129.85088910749187,0,326.5239365145666,0.8255352297303475,0
8,138.9212710128633,1,204.71355185385218,0.7367093429699436,0
14,47.22574826266391,4,289.4513135385437,0.38262789293290694,1
4,140.63899844865526,1,302.02965155123485,1.0,0
4,117.1688701393436,0,202.4685675477129,0.9425229019506839,0
7,181.29644692795063,0,202.70767164295495,0.6991876456075172,0
5,144.85966163571618,0,201.59936914496694,0.912948865834535,0
5,143.799327134101,0,333.4023033732976,0.8031172295504002,0
9,117.61032256053494,1,268.98797514929413,0.910493213852223,0
64,2.0,2,134.82922083234695,0.0,1
7,77.41122731026856,0,188.70000882226392,0.7633424374181388,0
2,123.08378564792865,0,318.69133329480024,0.786781244643612,0
5,172.65198748753537,0,315.14526109511877,0.9443893057288535,0
7,67.02359994358079,0,162.54518033213185,0.8628233424599371,0
127,20.01288999472582,2,149.92319082713686,0.1130875783474562,1
3,88.7175632066002,0,345.11289082079213,0.7612795917378706,0
2,124.8714920840755,1,434.50864145503203,1.0,0
5,139.37363036692864,1,255.840452399619,1.0,0
5,111.7896944840436,0,125.55109770720598,0.7827300717570425,0
3,134.03887858275846,1,261.00495576333486,0.710434869650633,0
18,15.055903649489943,6,264.417126496409,0.38853521986614964,1
8,96.38597837443183,1,274.74936640740276,0.735410317848115,0
6,159.498986363166,0,174.3229917239223,0.9854415647481001,0
3,140.1576502823039,0,176.48293745637878,0.8353347417182015,0
4,22.00353424901426,2,362.11763538911805,1.0,0
4,126.61048993267227,0,323.48772836000427,0.8378237491054839,0
3,110.49295264625286,1,215.07546845217064,0.675424878040919,0
4,162.67155140840555,1,277.38727207859137,0.9714908530980277,0
4,171.9849679769898,0,174.18927067918324,0.869419125940636,0
2,130.50891504087681,0,320.2855964859471,0.7946786247343517,0
4,77.7394758252924,9,238.05166638157286,0.44651318071619867,1
103,2.0,4,144.04243051335442,0.1867408740770027,1
69,27.463741090998624,1,203.63040671332402,0.04965643735005195,1
6,98.56859078463619,0,269.4005352550136,1.0,0
3,109.32074284618396,1,213.57630069150395,0.8179509753910914,0
1,151.51256431544903,0,402.9694180470037,0.8779918349037905,0
3,129.36322617887774,1,166.75478341563635,0.7767839601461757,0
4,206.63308159524541,0,276.8753771140214,0.8840049882264702,0
1,172.04451712371872,0,276.8649304176725,1.0,0
26,44.83741068334117,12,97.64644477660929,0.5886416005881205,1
7,219.44717534619363,0,387.47604087810146,1.0,0
3,128.00741596932014,1,238.1519524278723,1.0,0
43,22.625537744842678,14,210.0608106621103,0.47296118894095607,1
6,106.92477400642801,1,180.77780065228671,0.8508829141759946,0
3,142.00633233488557,0,180.12476165420475,0.8121143012114059,0
37,25.286776952876508,6,235.1043323837815,0.1342372325070251,1
8,183.60243075399038,0,249.50406495444687,1.0,0
2,150.3555425221708,0,223.82242704820857,0.7370222185331251,0
4,78.95688211292803,1,354.9323714109863,0.750977695583637,0
17,70.79214121691139,2,173.6980076597649,0.3788519150464957,1
2,133.0032248159085,0,124.74938798986858,0.5443191552757115,0
3,161.93633095877527,0,203.15857350624736,0.583879190022791,0
8,18.898049462332647,1,147.47108711508858,0.2555175004847407,1
8,92.1093009138414,0,215.673899157565,0.6317983938610622,0
12,163.8158702390663,2,187.78465657783812,0.9179701625082138,0
4,119.83240817768366,0,229.16885033650607,0.5451555666671778,1
2,63.59212066527273,2,232.21804149734686,0.7093860798649388,0
10,109.75064005237634,1,239.47496568558995,0.6164924385598741,1
2,136.88322085162446,0,182.51252691740325,1.0,0
1,152.60197924643109,0,228.93082678007121,0.7073851495323271,0
7,139.82578226718994,0,179.52711495852776,0.9124336838428219,0
6,103.14451824685023,0,272.2177496088082,1.0,0
2,117.74712016584199,0,147.96073053938983,0.9606257368569737,0
5,114.38874654535034,0,302.17515064280025,1.0,0
5,126.9442957261428,0,254.3611987559706,0.9437592550349112,0
34,16.274854868405846,10,163.0058529623855,0.6887108080363044,1
7,188.92332123068408,0,224.81360929995114,0.7879838503377754,0
4,121.46852059167945,0,169.307146969448,1.0,0
6,180.5544363922747,1,219.86680042544188,1.0,0
3,105.29218509323229,0,150.39400341103433,0.8862020283976719,0
2,112.23674984105128,0,183.7460145976309,0.8319953835177879,0
20,84.3378106494996,1,205.59965797613114,0.2697077170327563,1
4,157.711619641914,1,308.8410666331033,0.7978010685724185,0
12,54.816843642773605,3,285.87714861984523,0.6044416103780383,1
3,84.0213915846789,0,286.36019626283144,0.9695211035078475,0
6,161.16136257815344,0,105.65750504918347,1.0,0
6,112.72686599219657,0,180.63519750403051,0.9020912507070198,0
7,125.71542740635144,0,421.84475181569974,0.9773086327415916,0
4,183.5573475802455,0,227.9030906638709,1.0,0
5,148.51167683516363,0,257.7362270908838,0.9640925753518489,0
68,25.229664229777722,1,105.52929740010268,0.14387613787428005,1
34,18.941094553247392,7,192.39709052221264,0.40333904040465945,1
38,35.1411888689137,7,177.20804620400958,0.18954139325651428,1
46,19.280915561443223,0,70.97054288358822,0.10529248486394861,1
6,136.82891830291783,0,148.8710153737092,0.9112812730159827,0
3,181.37659353623636,0,188.50590980788363,0.9056477208152353,0
6,67.21134397734494,0,136.64439280933382,0.9606859511722898,0
4,40.298552382102756,3,234.52555330945552,0.7444191839091686,1
6,185.0434833908789,0,224.87640207369117,0.548549368132873,0
6,179.52004945972917,1,173.30222908526906,0.8656861267039265,0
7,88.60841856873655,0,215.20366924919213,0.9971172003563441,0
1,188.76593198931016,1,231.22863826465,0.9433038755088449,0
126,24.48102855618902,0,40.0,0.09312826710081769,1
5,90.96269290358163,0,229.03058260886513,0.9150060828819194,0
7,108.07117029089235,0,214.02194532160078,0.9301696948536324,0
2,98.84936453985604,1,192.85793441111988,0.8419198155367639,0
7,62.66529707964741,7,282.4634600986906,0.5921131031209782,1
4,151.65194095440816,1,300.27548207943244,0.6404430184919918,0
5,72.71844679166327,0,280.07044537754604,1.0,0
2,69.18033586357629,0,193.8111085093068,1.0,0
7,148.86132380139622,0,252.91383060652365,0.7986768991730393,0
2,102.45171127996248,0,197.1841956999091,0.9223802584053787,0
5,118.72975888532973,0,250.59198574521804,1.0,0
7,112.16908071659252,5,120.01367427333216,0.0966803615715179,1
4,82.57818422769132,0,222.83802524074287,1.0,0
3,193.99707311527305,0,276.2049096707416,1.0,0
7,99.4734289992944,0,312.7270854509626,0.9301165390857502,0
31,59.669044275541765,5,276.1602491247104,0.38599306707301123,1
2,80.04974397950464,0,197.97788292526096,0.6823911504361538,0
5,116.80951152400485,0,305.9118898360819,0.8473086296566712,0
6,179.00331331484398,0,200.01296469586282,0.7670119971434761,0
7,163.76943905230794,0,298.45065201763106,1.0,0
5,102.68760954126518,0,354.0496210231862,0.936043507330691,0
4,177.36864459182658,0,398.32485900503184,1.0,0
3,60.25029089416905,0,240.93919368931526,0.5856923569129064,0
6,118.09571555375926,0,126.19085032686272,0.8733235715590784,0
8,134.7840256857597,1,188.88951917970644,1.0,0
2,143.40185841959,1,94.78190991918758,0.6992577944678363,0
7,99.68497610147654,1,280.0817042427169,1.0,0
5,156.3089944749747,0,130.0367574138371,0.8853356482506075,0
5,139.75477561262454,1,267.242215692026,0.9470857460822244,0
3,164.62361886263915,0,295.7964482421108,1.0,0
6,125.02626178099776,0,116.33242526402364,1.0,0
124,11.101701529407974,2,106.22926739078503,0.027982793360391736,1
4,96.30064205744446,1,278.6174022090603,0.7000173162130958,0
39,48.55849552943223,14,220.249434771537,0.5543104828000338,1
5,112.66605908591822,2,342.3331112051931,0.8683187399159085,0
8,29.903580634049476,0,359.9064508151623,0.8313086907908999,0
9,113.88220438695703,0,420.1244004439371,1.0,0
2,82.71742770317465,1,184.52459359776842,0.840733174437824,0
25,25.83346146576836,7,148.903569835255,0.2793119908531098,1
3,136.8899688663906,1,268.0184196547739,0.8368209364833753,0
65,25.919540308949692,2,198.97530356858138,0.25846293342969406,1
6,194.51696077521268,0,249.2196832621524,0.7269454263639981,0
7,77.46791385785882,1,375.1571842971442,0.8219941014338724,0
4,127.48369150797232,2,139.36034408177778,0.9712126216920632,0
7,125.83489196645016,0,269.06596664785764,1.0,0
5,126.4768738392177,0,292.8936338951952,0.9056811058560502,0
2,85.13401088201462,0,303.6325788897669,0.9490098866594816,0
7,73.56498465861809,1,349.63562469776684,0.827717393809131,0
2,65.74038116354166,0,282.99792602827705,0.9972093674273782,0
5,106.29934920692612,1,319.6333424100361,1.0,0
39,54.47294377378239,10,240.80808090786985,0.0,1
17,62.836625499386486,2,116.47560416208165,0.6461475486198391,1
3,182.97876358791495,1,259.8201434740437,0.7776043470277859,0
36,26.65760820294681,6,264.46872656153647,0.477914543293897,1
20,44.805414263286465,5,328.923052985797,0.4597006357877932,1
139,4.850856846018587,0,40.0,0.0,1
4,115.68845232058462,0,196.21990010791376,0.9288624258787814,0
9,80.93944899164133,1,348.21176702855416,0.3236652429123882,1
27,96.12172105510966,4,273.96485234410784,0.23436140834335847,1
62,13.885159400839079,1,298.1779756208597,0.0008774106843810231,1
30,5.0,8,178.7957627402192,0.43083051888338714,1
7,139.49703045175636,1,282.99367701000403,0.8382853601454473,0
8,116.91536352882468,0,146.19396231501085,0.9613167808435621,0
4,159.58110237445987,1,254.727095008595,0.873929130202216,0
2,127.79881707992564,1,210.2039193822424,0.9241498441890105,0
4,168.28022346988695,1,284.7127566039485,0.9422628477800215,0
137,8.292176913654615,2,118.21839419504576,0.3245995052268583,1
56,5.308299117409711,4,70.53336043575077,0.0,1
6,90.78266531749121,0,60.0,0.6539916650444233,0
33,89.97131464493177,3,181.39152836511502,0.5717032752375466,1
5,27.697596544092125,2,241.79125882043024,0.5363463995831179,1
5,117.9102915894055,1,139.7286233210431,0.5225351239806232,0
35,85.17481070560952,10,234.0713807102175,0.27747974296152705,1
119,9.0895608170378,4,145.90413688413165,0.15873868147148196,1
5,108.03159560282147,1,262.94147280964893,0.8589464249631187,0
2,140.69271783466803,0,181.85654654571422,0.9628685410593478,0
6,10.0,0,162.87720744891777,1.0,0
5,172.3696702538505,0,262.0163795867757,0.7021238996642158,0
62,7.764827280311718,2,118.95218578419093,0.08817706764855787,1
2,66.04299142026977,0,282.30100713289966,0.7822441811988349,0
2,98.60100126972648,0,250.03702061096374,0.7575044006866172,0
9,129.62402305672103,0,277.1702022703181,0.9056049076215684,0
6,40.952818683934204,0,130.17684737281965,0.7313823978738068,0
9,68.13806280541193,4,169.61050955796077,0.4575593206426988,1
10,110.21296488535648,2,98.86597897510543,0.5382793375804247,1
4,206.60058951111958,0,425.3885093325949,0.7274967679915014,0
5,117.95020245651278,0,143.61170505261117,0.8512344598397829,0
9,160.9551263758696,0,277.06981492404765,1.0,0
6,129.76756986074108,0,173.9772119413423,0.7972813026930102,0
114,11.063109193999916,5,160.69146567045442,0.08986329400961957,1
32,45.29801463397142,6,239.98148644806759,0.5002773850159882,1
39,18.029608727134654,4,229.66559460986207,0.25321541694069344,1
7,84.03066335518758,0,268.84544977567253,1.0,0
22,31.987069671225917,3,148.3625995588734,0.4684519265673165,1
34,11.106511154114571,10,486.38257370726853,0.3162154420930916,1
2,133.952207359707,1,350.3981190504488,0.9813185105825454,0
7,124.2688008360316,1,186.35167185333836,0.960838479102177,0
2,150.5809217678234,0,208.6469592957707,0.9545571337755759,0
5,102.70935068494188,1,255.21137688897875,1.0,0
7,156.08839604746774,0,430.49711664029087,0.7751333928943265,0
38,22.50087474229988,5,70.61401810010105,0.2178564267892226,1
7,184.59475700292742,0,232.38648052113987,0.7868662237456185,0
144,9.722393695450709,0,197.956559175765,0.0,1
3,62.356112214745856,0,265.6550957076542,0.9621512030909236,0
27,63.35018856524106,3,280.27787598799273,0.6603082850100068,1
10,100.94568868424848,2,362.6710489822047,0.5194361768422943,1
4,135.64674229098702,0,170.90493742691066,0.821264426028986,0
5,105.76879738578897,0,354.49472362967134,0.8730566800707843,0
4,100.04030927943263,2,298.8146667974941,0.7742768339691866,0
1,107.46792684243086,0,353.83578778026964,0.7567522626139112,0
5,181.3421124758663,0,267.05012119605783,0.7217808011263352,0
9,106.22559578184718,3,190.29022048616181,0.1343546101275521,1
41,38.04700916058096,11,127.11867893966054,0.14973365797912486,1
36,21.997734025895703,8,177.27834606291555,0.4413037094447151,1
126,3.7761457375224627,1,81.64115968421876,0.10348657620235434,1
21,76.90855395178643,12,232.0259010926312,0.45611611412532427,1
2,166.91581935848117,0,246.38041133377763,1.0,0
6,130.13534912767983,0,340.3813664687236,0.8927823577442832,0
10,161.04783776191368,0,388.21829214126416,0.984025072700757,0
8,71.11774715334413,1,163.11650267976077,0.3852357803195042,1
4,184.11102570759127,0,268.7558374984965,0.9111982133304547,0
5,63.42922229733745,0,169.90903134643617,0.9061843756610961,0
3,143.2324808068599,0,241.93456908758077,0.9185801957068034,0
8,118.42788936891942,0,258.8777109835214,0.5521940975789446,0
7,174.66274330665095,0,271.9575641211372,0.7412107851282633,0
10,69.17358097575817,4,359.0281506121753,0.6315809908785676,1
6,149.68424700200762,0,343.8441872532025,1.0,0
2,105.30420399322118,0,302.25415639927786,0.7767330626974086,0
8,159.59438574719374,0,118.92766101236526,0.9856656971238762,0
3,106.85922044000296,0,375.7838469889558,0.7145383046287154,0
6,82.67315803936438,1,245.08019376519886,0.8439938082646522,0
102,2.0,3,149.4236273182133,0.0,1
16,54.59153574346704,4,205.27761130716675,0.14305670602106055,1
4,130.51625844028808,1,328.9861329244067,1.0,0
12,154.28673227781073,1,243.34132857505358,0.9620051221670447,0
6,170.5350300206477,0,285.2627570844721,1.0,0
13,81.41132355029461,5,236.850648465041,0.10759214429762212,1
32,99.71298329668319,3,40.0,0.5067299220165495,1
7,132.85841807532472,0,278.0784289159647,0.889000241238127,0
2,110.36444696710225,1,105.09955574371979,0.5909580729963665,0
4,129.84315609838032,1,347.65921806083566,0.7788530373185292,0
15,24.862988158492392,4,195.2870497523943,0.4440218401913734,1
18,66.23807657023357,1,236.78030666617545,0.18988256594236522,1
4,153.19767334891262,0,186.13923940187982,0.8095833167568492,0
7,117.90918715002654,0,210.38007177929578,0.9468231392973555,0
9,126.61507313581814,0,159.37606902920837,1.0,0
5,102.84917209612424,0,198.6722847041169,0.8967059533759639,0
8,132.09391184922833,1,356.2003569465661,0.870377876346859,0
61,25.80397714692452,0,205.69371222578897,0.09276811258890617,1
6,132.0641987052469,1,92.2575001475322,1.0,0
4,76.6970226436938,0,276.2850295766412,0.9677115276340881,0
3,169.87618135608326,1,224.3582641158931,0.8429140592388202,0
5,176.86754213238476,0,264.00601229689437,0.8655837341370382,0
3,189.92723471516547,0,125.68544721273794,1.0,0
5,96.82150888698747,1,123.74854730938819,1.0,0
10,123.92847093666691,1,258.4739274619193,0.7789409905296256,0
5,104.4548865410134,0,242.53026335549902,0.7626691381178742,0
11,118.49347260446086,1,304.64078459657975,0.7423209853174735,0
2,175.36491907575245,0,300.2082676891425,0.7874317722347003,0
6,168.21096900521582,1,172.02580592539488,0.6962538925627086,0
4,81.3490917939686,0,304.85288805563533,0.7447824649010393,0
107,19.18854317123806,0,210.74515694346604,0.07880125494055994,1
9,83.32056809601592,0,225.66828435970922,0.7328865644543554,0
32,52.414650380317184,8,164.67793099597537,0.3797283347563651,1
72,31.733100314342717,1,165.1476802055317,0.285734652912957,1
4,125.57074664207948,0,310.01246138130443,0.6808898035466584,0
6,168.6001562601305,0,272.15198254760844,0.8178711342521765,0
7,78.51791855792865,0,156.85779060732978,0.855260699096143,0
1,56.12323187971992,0,319.0211778378749,1.0,0
15,47.60011873692104,8,318.3389536655068,0.6007579482733604,1
6,50.30496951530119,0,302.6164735031178,0.9167357839679721,0
31,31.397731817887458,5,223.10767668392668,0.4254620115495343,1
4,119.44779826731425,0,222.6306243419314,0.9860652350327771,0
6,78.12286851526098,1,230.07433023117383,0.7645547877794018,0
7,60.61681070501024,0,277.5151359645218,0.9406956789387352,0
21,34.813321762740934,4,254.26018244482765,0.14112813253767342,1
4,74.33102169823994,0,324.2381077281284,1.0,0
8,130.93373111619542,1,88.9908676116432,0.7940789077192169,0
6,75.39801703886326,0,265.16065811570365,1.0,0
6,104.39541420002158,1,199.41477405914264,0.5768281317389158,0
7,85.33265885129696,4,265.7836695998999,0.7137917192349285,1
5,170.88581582575506,1,234.67671361973956,0.9066426604067662,0
8,112.65832667190192,0,319.3456806842473,0.7501983613671289,0
3,164.09104186235894,0,440.9010361440263,0.7595645586105454,0
5,110.55871954980485,0,249.6361121832593,0.9458053342148945,0
5,137.24213644192614,1,254.01920259030933,0.9643874603188443,0
4,128.57910336621745,0,147.862572882959,0.8235240596036004,0
2,114.73340381149579,0,213.80719564600204,0.7180405991851926,0
32,63.208073833003034,9,95.20294560163664,0.46777323584981595,1
7,81.19348616980159,0,179.7353275939287,0.7655668260512071,0
2,97.62741217540773,2,237.00371457467668,0.6617300337988469,1
4,93.66446000645114,0,343.23518221864515,1.0,0
4,96.47951695937752,1,388.48741169090835,0.9447371393585904,0
7,116.07756616628842,1,90.0880881666322,1.0,0
2,58.36651393005404,1,190.82010471315493,1.0,0
4,115.46831427432281,0,363.4905651876881,1.0,0
9,168.54019610276532,0,385.57448739233854,1.0,0
1,50.180587131309274,0,106.59296008383964,1.0,0
7,126.2152123654424,1,300.2096899572631,0.9855721418803379,0
6,93.9092467915312,0,202.3956082735214,0.9618992424051535,0
7,126.45342423441235,0,308.9607217648559,0.6592645775580053,0
119,28.13783776979554,3,125.8546834393701,0.11391159207206887,1
33,69.1429413695683,11,113.0581163049954,0.3286437061301391,1
2,144.37337960125194,0,412.87771392024496,0.8456584889603781,0
30,12.98359930823421,8,114.21457988347152,0.1584523701888154,1
26,63.05870086290033,12,92.55572918096108,0.12066827796023706,1
15,64.17095289752989,2,276.89393866050636,0.5336572292988756,1
8,110.45360162642203,0,400.4315467736147,0.9718717145449968,0
10,118.62368452296346,1,257.88953106978727,0.5321244448578111,0
31,6.866672706670499,11,40.0,0.5440052964443916,1
6,161.98264845830275,2,204.9930884819034,0.8593124543940284,0
5,118.0379868201828,0,238.4770680209378,1.0,0
5,81.25894548492343,0,303.49586156359914,0.7774224633720926,0
3,119.88272753038413,1,171.59824460241265,0.9325288507409981,0
46,22.633991160993855,13,166.58856673499616,0.3861071475282118,1
7,92.44330140457014,0,344.2961162689006,0.8988991192753729,0
6,56.103577429944764,1,306.6078291459731,0.6421889420963707,0
7,96.87252873792225,0,260.60638191715674,0.7132933799946566,0
68,3.5903772188833516,2,150.21606406137633,0.24649585422353235,1
2,145.2641714111943,1,161.37129118105432,0.8409604990667524,0
0,34.04556479199195,0,333.0162641586371,0.6594734202137246,0
7,134.03238517816933,0,206.33896126449417,0.9180825777026201,0
25,106.70009825681018,7,172.97221743947125,0.0856835098207907,1
6,92.2167477569072,1,480.5397931075405,1.0,0
33,5.2050698272165885,9,252.70206668330354,0.025439694120817084,1
3,97.13645299255212,2,208.54281408099726,0.9831585869570322,0
9,119.6923076016823,0,223.29576002487886,1.0,0
3,83.023380033321,0,227.79236737920854,0.5573651951223296,0
32,29.663207363688638,11,192.95427342860114,0.6150631000949839,1
7,58.31558312651548,0,343.5806436385121,0.8236852919371459,0
5,140.2409042758819,0,276.56764270692656,0.8236899679836619,0
5,149.64686685872883,0,365.9103765021565,1.0,0
41,56.65572817816395,2,227.42612108306668,0.6799913401980502,1
4,141.27833713434345,0,214.74417392273386,0.6890543527145659,0
113,15.221045273780293,3,140.3955633039603,0.14702410115245632,1
2,102.6073979034646,0,252.1216996956637,0.677824701165336,0
59,18.89464057087149,2,171.0795869937014,0.1929515094448477,1
114,2.782502725308258,1,211.8749669931447,0.28363949519279363,1
4,174.09743795045782,0,246.25798893228492,1.0,0
34,24.353772198510782,9,144.69612616476903,0.25912153858052045,1
20,72.19915756118237,4,299.5560389898529,0.17151155978941995,1
7,119.62439805195844,1,218.90248625453498,1.0,0
6,162.541331604273,1,272.83652046569574,0.9949451608326115,0
14,90.41861726854485,5,118.23508924865881,0.32210422901421487,1
1,141.17189320277578,2,349.768430773862,0.8676195162899409,0
5,131.0003339870782,0,93.97435779575733,0.7417079494652863,0
5,73.16379980972596,0,326.91339761976457,0.9352216979113125,0
4,134.92685329017712,0,309.26782711003693,0.8093705199342774,0
5,112.05062238001484,0,185.37043747272017,0.8924007795097096,0
5,107.11442576103623,0,291.631654862457,0.869337068484345,0
122,6.164256744772651,0,138.66531037686087,0.0,1
4,92.67217603727555,0,163.74815244509884,0.6828682829663102,0
6,73.62169175562855,0,436.7915206438856,0.9029108102566419,0
9,134.47244155937173,1,197.7165086023909,0.8729310433716476,0
5,61.25476498800735,1,350.1341633775899,0.9212074022598759,0
4,108.70752135579257,1,240.65332779113504,0.8336834873078321,0
3,153.316690509319,1,254.9837556496005,0.8167608734350953,0
21,28.242026172270943,5,293.03110906463473,0.54269318143704,1
4,141.60958421955988,0,372.0895260819858,0.9692773628913318,0
42,15.23454929567685,5,260.94209963196494,0.2174327629300009,1
4,76.27484992968182,0,298.6819912647647,0.743349073524468,0
8,118.69139958385043,0,138.3814600541824,0.877910027382876,0
28,33.80486454295551,7,214.24376810810332,0.4728007687041235,1
41,83.45155635243536,11,126.77745411155031,0.4455184803938424,1
5,169.10834077944463,1,156.31542830010812,0.8826828676963516,0
9,139.69452359335216,0,207.7787299266586,0.6610468778037439,0
5,27.376724861895827,0,60.0,0.9276784392680334,0
6,95.89588148147263,0,228.2371765810072,0.9611729599578717,0
5,110.44954288049075,0,396.57385134236006,0.8300524101166322,0
4,158.9121996557548,0,271.1815056757576,0.9756902200505795,0
3,91.12240250413461,0,447.76336245646957,0.8454558977547156,0
9,17.687050949472738,1,261.7612170084899,0.8848211507490392,0
10,186.69028059287828,0,411.4577969353292,0.908337986525181,0
7,117.80361835104911,0,192.9232157677924,0.7700327300332863,0
5,72.54756165277476,1,358.3118753052754,0.9381955845889667,0
17,22.80562478744075,4,286.550707881128,0.5917711520859413,1
5,120.5342904969902,0,121.70479375209871,0.8387956226882491,0
133,23.378204127914994,4,40.0,0.09668036614739497,1
8,95.22729410891442,4,60.0,0.257857683503429,1
11,147.42581209917964,0,199.21427163617017,1.0,0
7,115.47105002069537,0,301.3688443732798,1.0,0
4,122.01440091401759,0,249.58789231021714,0.8802411100872524,0
5,78.45653150763432,1,320.50049918274345,0.9694389554963797,0
20,72.37049497454483,4,238.69862739960143,0.3059836039036346,1
10,28.12999152236401,0,309.10764838169825,1.0,0
5,150.151739600782,1,280.00906322886823,1.0,0
3,82.22152812320513,2,132.5456950014187,1.0,0
6,119.07203343005062,1,245.0464741527707,0.758085209632911,0
107,15.853808524078195,2,142.4753538250651,0.14387683834755793,1
3,138.16938554050267,0,368.5954851666486,0.7697606012016109,0
112,2.0,1,118.60456523326945,0.11564146655362156,1
12,162.0042851041009,1,228.06172622979417,0.2000031788335884,1
1,123.5018153188511,0,189.62809212401908,0.7469029326672428,0
21,35.53689084560928,0,326.0192825835734,0.11334461146041819,1
122,42.15532707513047,1,117.17005721469992,0.19415725795941655,1
3,122.22549947608317,0,131.57277071927248,1.0,0
5,182.01234637904665,1,329.2152108912088,1.0,0
8,90.99671113741357,0,345.5696997196433,0.9892314183581733,0
19,80.03512162553011,2,179.31207251113213,0.2422760584557718,1
4,116.9761596392959,1,292.44091175845244,0.6895830343549154,0
3,94.4367714459609,0,157.23948096343116,0.6894172861459638,0
5,149.10988581646154,1,296.68792201928727,1.0,0
3,138.10671087647643,0,198.0590823032232,1.0,0
4,116.46998525360387,0,252.83102971352344,0.8786768191209671,0
5,136.3210163525255,0,197.03557055332547,0.896412355427318,0
7,83.07932927035216,0,305.15595743822746,0.8207275929901201,0
2,91.23536376517205,0,148.82404032056937,0.6937717911095782,0
5,122.61566774718759,0,307.8828889129559,0.7895196441732054,0
4,95.03202538125473,0,218.36874446199826,0.940119639610828,0
5,194.2684204077762,2,214.0445885094145,0.9167165695721928,0
2,141.33268063541348,0,293.14419550100934,0.9122088866148435,0
4,147.51218894203615,1,272.1128133329131,0.7265352195676246,0
24,102.07881356595698,5,236.7843120069647,0.4367988160599676,1
7,173.4338603867573,0,332.3609881529293,0.9249091742929244,0
3,141.33881168544113,0,254.69166856227955,0.7206001247684147,0
3,117.06989494251782,0,361.2101408588745,0.8438808135285515,0
10,75.80016044607285,3,323.0440621724124,0.424105892547092,1
27,40.14063096832201,10,293.5503058329796,0.2698321081407432,1
5,172.3437385361333,0,249.2841192935777,0.8992098704761101,0
5,160.09404011725235,1,161.8771118142026,0.748851452890432,0
8,177.0704509455261,0,209.9368839775554,0.8911515427465643,0
17,60.7343394370119,7,150.5162646599345,0.44649286756149964,1
9,114.81956031509824,0,252.3640344020886,1.0,0
7,41.536778285819295,0,216.24037595375876,0.5709341304734908,0
5,117.74135275643025,1,290.60782078542894,0.7954144266449599,0
137,27.1447044329965,2,110.03847331882932,0.23505497600390932,1
17,36.12977329938767,4,163.2037812013323,0.27101688999368906,1
5,93.59288753687215,1,123.5395050342462,0.9565984451045924,0
3,153.29878875970854,1,362.6214941266391,0.6944437617585868,0
7,102.2356554552366,0,264.11989107804976,0.8882030224718352,0
113,2.0,3,161.07138413113432,0.0,1
13,72.85183184486263,3,303.41831664239925,0.47547761053545257,1
4,81.4332881277943,1,296.90180132088625,1.0,0
6,178.10737970873447,1,173.52840433604348,0.8994622964833452,0
15,36.55891337945147,5,134.30531175890258,0.6731502003936733,1
9,56.94017764243056,0,273.9653453674423,1.0,0
30,58.11121263753813,8,205.50469650396457,0.35891656707799546,1
3,93.77449303374861,0,216.4380738177124,0.815633684612811,0
24,60.98583998624968,6,247.96613893192574,0.5032407893533277,1
4,86.17587096909715,1,252.7615609942847,0.9362218678549038,0
5,60.12685750116431,1,187.93720631359002,0.9396429014058288,0
2,121.79643531017955,0,253.48594059559255,0.994257001106578,0
30,32.36314600316281,9,230.1146208347508,0.09595168663858612,1
6,163.01321837257368,1,154.03973677108777,0.968562509811201,0
2,150.59106512603262,1,320.2028647810104,0.7787351676597514,0
45,60.088260936075145,7,40.0,0.47855809447412945,1
5,83.28265313993708,0,221.6714258474246,0.8691976002315189,0
7,135.75529939120665,0,302.0552637681611,0.9167812110469727,0
120,15.39942732992958,4,166.8808436090657,0.041831160921745804,1
7,171.0789096570697,0,383.38329307479677,0.7750563810602011,0
15,70.82609698356045,4,238.29499709902257,0.434103402159244,1
29,53.08295727919045,11,276.26944101974914,0.5468403058764212,1
4,122.83885249801517,0,196.12571213227852,0.7084246644313447,0
10,115.46607386798549,0,235.14323412953362,0.4981620260162147,0
8,135.05246633597798,0,171.91914232118316,0.7410628230397047,0
3,135.0331077066555,0,105.31923714591537,0.9833494731465102,0
5,89.22782632863712,0,392.1537916445025,0.7874036664289903,0
4,65.45741352959757,0,317.7093437064095,0.8825263896841676,0
13,159.19090159857964,1,315.4963351664241,1.0,0
5,134.9596758875862,0,271.929235538695,1.0,0
7,182.19373476847912,0,279.83094837577863,0.8304997793093537,0
11,38.39117618625686,9,276.5442645925892,0.17049567849928418,1
2,103.46610925203254,0,200.94520647417778,0.9109321533718002,0
7,125.84428812473408,1,306.93432199760844,0.6204829596492584,0
16,60.713021087265226,5,84.36341663084761,0.33184471821396044,1
33,72.35639780439813,12,175.88193904351732,0.7407249206752452,1
8,153.60247266350433,0,321.01694854642517,1.0,0
1,130.2855417261477,0,362.23655664141273,0.9000722992539417,0
3,206.91855706712988,0,329.80206237875547,1.0,0
5,196.4380840383504,1,206.34231422667878,0.6691351259733042,0
22,72.78379463708053,5,266.73165613305457,0.7334156662326484,1
4,132.66945481923162,0,334.8029579623099,1.0,0
58,2.0,0,189.92288784375603,0.1950768482826252,1
4,74.55444843524218,0,291.88536186579785,0.924065790397398,0
1,145.8987724793304,0,271.993634054439,0.9380201028469647,0
7,105.73082270364975,1,304.9233968894303,0.7728305166620143,0
4,120.52204479498388,0,308.22866099290945,1.0,0
31,22.850513917680807,6,199.44215823844903,0.5759275042966089,1
6,166.6929756587447,1,253.30244761703423,0.6718642168348805,0
2,162.37875183920448,0,180.22561226393586,0.8573016580922554,0
5,150.2486341594045,0,305.4893697140042,0.7785953133080391,0
4,63.102570340558685,1,340.9453686568493,0.8814956869861988,0
4,150.39624897099648,0,60.0,0.6189668251564472,0
9,125.75376374465813,0,290.27354690280026,0.8428567570296014,0
7,103.59006669174458,0,150.69626054728238,1.0,0
19,82.06051675098573,6,61.76371030877225,0.7558214125467142,1
4,107.11492230441209,0,217.82784851980853,0.5889086945043068,0
7,45.42872804175596,0,290.8262801265453,1.0,0
66,37.49954458788814,0,159.3762512815345,0.11956238272556166,1
6,118.57812315593782,0,372.00634119408556,1.0,0
5,179.55157185871295,1,324.79423216163605,0.9117475519081145,0
3,151.01877544508983,0,286.0282031090783,0.9677093892124031,0
26,41.41833334919725,8,267.58613313183116,0.25610984722171937,1
122,2.0,2,167.52069204407303,0.11061795448266569,1
7,63.46612023205167,0,60.0,0.668414420377184,0
17,57.13144835245195,2,109.25547233179633,0.5394346836696513,1
30,73.860463680403,14,152.90625861828096,0.40464643986828436,1
4,110.32779170523527,2,173.22211696699708,1.0,0
18,41.47169131450506,4,135.72740658929322,0.3070290074012763,1
8,65.1856784758718,0,245.80325513708704,0.6001783728327241,0
17,73.29258512906526,0,211.8783722750753,0.6661968499309813,1
7,138.24761685653706,0,108.16745056322782,1.0,0
58,24.96964577722339,2,262.3228791591106,0.22526738758156678,1
112,23.587715992772058,3,45.07585344963243,0.02898486770055472,1
3,136.23020098924158,0,338.9638572411251,1.0,0
6,147.85232294860265,0,431.49069710593193,0.841648935556911,0
2,169.71320175447443,0,260.68017115439534,0.8453722678461059,0
2,183.21808970816977,0,387.92530037020646,0.807561775023831,0
3,129.45891924095147,0,293.823939672971,0.823440109934056,0
9,228.11332476651123,1,320.98596224415695,0.9738222466924729,0
5,119.29773763246267,0,171.76964769412058,0.8303941572680095,0
9,122.3553077234751,1,223.67667671437084,0.7054270951441377,0
3,173.20741701222903,0,199.64626181271362,1.0,0
11,142.5335835412752,0,401.5481892985729,0.9350938376031768,0
4,119.66432111320745,0,127.23342666239269,1.0,0
57,29.998102797077184,1,147.58623622234265,0.030925140463211875,1
4,93.02631924728861,0,319.9802307853469,0.9840063218445309,0
58,27.99941469182622,1,195.90293110589042,0.0,1
4,93.98303460196472,0,357.03462568399243,0.8202833999190873,0
6,141.40941388949466,2,246.65055526231413,0.8648270616451615,0
4,217.6936571074894,1,181.35853447006593,0.6726484342299552,0
10,129.48537463469563,3,171.2494473826608,0.8395511492209101,1
1,108.07421437105818,3,100.93881198740158,0.7561277432391162,0
9,164.98821499463816,0,138.30251447613554,0.9573567394139181,0
1,142.66572735139027,0,307.7487905289001,1.0,0
9,54.83770407063726,4,150.58093413080195,0.47385133003660573,1
6,17.604982912609604,0,167.03137600791206,0.7591601191641082,0
101,12.380108106148025,4,151.13728758428752,0.309412499663198,1
3,96.25238018239568,0,286.80674419990453,0.7594230901361118,0
11,148.2673927130118,0,318.7401886674637,0.7740754179769626,0
7,140.01800930644737,0,247.39559711847286,0.6341003924734075,0
8,159.94349880439643,1,128.15703175571775,0.8941369142019147,0
31,23.9454977402686,9,40.0,0.23699256126793958,1
6,128.5461146139309,0,388.88899640134025,0.6017174690444409,0
137,2.3706580561776924,1,77.35966537340722,0.095292961953774,1
36,28.070415090558825,8,105.98636618528155,0.42600607762590853,1
25,42.49316541023019,9,40.0,0.19231614989080148,1
65,32.61155157311838,0,246.7915379699161,0.10110318284508003,1
9,107.94838902731671,0,298.5041549854245,1.0,0
2,103.73792603218914,0,180.4546215445494,0.5674044220113552,0
2,93.84974761655526,1,303.0389056697271,0.7927108968509506,0
1,113.04698410808587,0,274.2410637005117,0.7814226860660594,0
2,141.52864120677714,1,199.09995219249132,0.5437594917377576,0
2,49.606169549784155,0,297.9504245174576,0.9946052503788992,0
4,78.77168620444634,0,289.96180504090535,0.7201175133857158,0
2,87.39963097183683,0,60.0,0.8466412160237531,0
6,170.72067792375952,0,276.26109719954206,1.0,0
5,109.49333382332244,0,363.6743802827933,0.7546611368904941,0
3,108.99483500003214,0,222.77804462382971,1.0,0
5,95.58374609893075,0,340.18223640137063,1.0,0
40,19.941098018684777,9,157.34828610933627,0.25428862728785523,1
7,156.48503451887706,0,256.09046028087045,0.6930468144100718,0
8,90.45041171403878,0,220.67710872331406,1.0,0
19,20.971014654211494,8,213.66135721355312,0.07648964774285655,1
7,10.303004731624057,0,208.93282524715696,0.7187202117794842,0
41,42.44561190005229,6,141.24363299517182,0.4269685530132658,1
136,4.171417215078961,2,48.59822496760294,0.09273797290769015,1
6,124.77630573432063,0,341.2277817453502,0.7898296872493495,0
3,117.42039156116124,0,207.70132176945546,0.9121395638508566,0
3,114.81477889137116,0,232.58711699118814,0.8816403416047162,0
36,22.779198882959655,6,327.8721912646604,0.06835430447164353,1
4,94.90798280955167,1,242.87267904790755,0.7563193775460733,0
17,29.95852547009347,8,175.7542473227626,0.4559618384530468,1
8,102.43351682656912,0,349.504201639667,0.7596308477162724,0
5,93.45464477933976,0,256.7395543297628,0.8294314241795773,0
2,19.534236379822474,0,259.17707470330805,0.9665295790612495,0
40,23.030787046618183,6,146.90973427722105,0.4556611652585622,1
3,106.45430748698267,1,265.3648570719217,0.8907092080992671,0
5,66.58089956897746,0,243.58129866098523,0.8414642544005279,0
6,122.38841362913706,0,220.62116844692903,0.8958323572373008,0
4,105.29531262671371,1,259.71116669810755,0.8674260486845115,0
10,43.32824901818371,0,160.57942665711366,0.8932570774339369,0
5,157.12521517965524,0,256.30357255814374,0.9854249189694673,0
4,127.32473450749359,0,284.5548201334112,0.8857862142877039,0
10,117.76142098725771,0,343.5727663497155,0.7645893987409477,0
5,131.40509183586877,0,268.7192820041962,1.0,0
3,150.09737356373634,0,183.2497166630778,0.8158313008910487,0
32,76.3278153863647,9,164.78520420682867,0.49754739449486224,1
42,28.922821679729346,12,195.9261558590846,0.04877745615216945,1
107,8.40273016126494,2,176.2625748572515,0.11460044733476955,1
6,110.66590636795766,1,298.2691814111943,0.8443839457817995,0
3,94.60961835050298,0,153.08526740998155,0.741698983309568,0
9,105.74095780868845,0,260.1468907129688,0.833594201907129,0
9,132.40862881660271,0,170.32919019208643,0.808730098388424,0
3,96.55646811509965,0,77.53276638999708,0.7762931774663363,0
110,17.609727671057026,3,168.7932161180847,0.17312098145333993,1
3,113.90363098553674,0,250.20667462782367,0.8473259277493688,0
7,162.15501402892139,0,225.9874339794029,0.9490155287995318,0
4,158.5245765694345,0,322.4617035024091,0.799480153663208,0
4,91.28468585227783,1,232.65392156040926,0.9640021387695806,0
37,26.74316016826032,6,242.19862461392097,0.2228449990206719,1
8,117.17014613350436,0,157.3649295859321,1.0,0
1,170.2253749925627,1,257.64583754508635,0.934122430131542,0
5,77.63899141835496,0,401.78709866646324,0.8749369828050686,0
7,123.81895775653476,0,304.02025178956455,0.7028155921997981,0
8,157.09325711884398,0,422.57124723944395,0.787144624084907,0
10,181.97564547681085,1,238.9468321254965,0.779486669579017,0
3,28.7534465117138,0,246.8070499488864,0.8793303135466449,0
122,12.93816469183299,1,65.27838896826744,0.23248569193432034,1
63,15.24861716724087,1,203.5827110793358,0.08859702685775929,1
6,247.88763541251194,0,238.81011809667478,0.5784380642668581,0
2,126.5537069742115,0,234.04757983483134,0.7281599003675362,0
4,133.92238221305809,0,285.4876822462014,0.7580879119805408,0
5,150.0737175651587,0,167.78348109099807,1.0,0
6,90.053255060623,0,305.80848061477815,0.8681200914483179,0
6,70.7916078178531,0,270.5799180409752,0.8427332932898906,0
5,25.17104391266022,0,206.82296591892467,0.8237263799269968,0
4,141.068933706518,1,85.43011711216639,0.8851661947912521,0
6,119.50486311217793,1,206.32471079129138,0.9350667492721616,0
3,98.1374245606607,0,164.57086662165608,0.8885441028371959,0
21,45.018445218890584,2,236.7722407789938,0.5164085580726577,1
3,179.8416121610519,0,215.87287057736089,0.8272935716049094,0
5,10.0,1,193.0663788608234,0.48849239895125235,0
6,130.45225797803377,1,238.70596300919007,0.7875744966336968,0
10,102.11478564936802,0,214.533453467679,1.0,0
52,35.739054082636244,0,321.0500427222978,0.05999301953600811,1
5,123.56724254084125,1,323.6641656109432,0.7412164353577915,0
4,43.364621796267386,2,217.8874951784263,0.8608456461545594,0
6,78.8162071957204,0,93.51216443947249,0.7802729044098918,0
4,228.91200672680569,0,273.37622450642397,0.7260922234488123,0
4,129.23225014007406,0,249.59540029386747,1.0,0
1,49.14647770703767,0,171.133043013845,0.9474159426932102,0
29,26.461714032053845,13,230.63855964103072,0.2579344805252797,1
3,104.89691933939976,1,232.09696251657388,0.9295068943281314,0
5,101.40241604341837,0,270.07783979601345,1.0,0
4,70.61597448807451,0,254.4302468593406,1.0,0
2,74.93443533632563,0,169.4548392096794,0.7763730651260875,0
41,9.005577770212174,4,67.18414935223278,0.0,1
4,161.88844653971293,0,339.74960408632097,0.7324518007222764,0
7,67.56117363513054,1,246.8925389707958,0.8490958199644358,0
4,90.74378773785362,0,198.71045656515508,0.8142365325256369,0
8,175.42514968083216,0,207.3586667458164,0.9265103208200182,0
8,70.37143301912808,0,246.90936705367318,0.665924328949299,0
5,179.11485694054224,1,324.633195065485,0.8030242840439392,0
6,116.21327855968416,0,308.74322031618675,0.9904704228478365,0
19,15.397939802478355,5,334.25957766984186,0.3408058000653637,1
4,92.22578449867233,0,287.5034515272358,1.0,0
12,163.92818381549722,0,305.22442920676235,1.0,0
6,184.78520939255148,0,152.203328964591,1.0,0
13,23.80053424928733,3,212.35567145212846,0.27024454109783314,1
5,71.23960286952055,0,338.90652536274945,0.7685985628288305,0
12,76.1909051504233,3,158.10883540078098,0.30732911672601804,1
59,14.817403874008248,0,231.6813432475379,0.11960443096544573,1
14,72.75742829473714,5,237.4732653077002,0.2892463820483037,1
26,44.34492961991352,4,237.61972464799842,0.3405911278488581,1
8,73.33643871024047,0,332.8384540574187,1.0,0
28,65.76825934140858,12,40.0,0.5589764913912729,1
7,143.73261395795143,1,189.85449684612124,0.6992226387086952,0
111,7.049077999551235,2,261.38765453176967,0.09155489834402325,1
9,135.0564564005998,1,113.59284402375549,0.6969160527328152,0
3,126.35345715075833,1,224.47162551180728,1.0,0
4,120.78536071654716,1,210.92998466695835,0.7919278632319722,0
4,90.77018475330624,0,331.2630028067344,0.8602935417339613,0
5,150.39964012096303,0,253.31422242279436,1.0,0
24,30.323161937450948,4,159.56341625917364,0.3552343681463277,1
4,82.84259703374087,0,161.81788350076152,0.6236718213193881,0
5,85.56106664895276,0,268.41184820107,0.8152737163667887,0
55,16.76253225391388,0,162.64193494224583,0.15299179118641523,1
5,65.67004465505451,0,241.6984853591896,1.0,0
36,78.55797812146045,6,50.64361456706781,0.10755905390189563,1
13,80.98939223300036,1,349.9512643066368,0.34881975113278924,1
35,61.34304144855612,10,280.70055213165676,0.30509704497455375,1
15,18.920624903071243,8,155.93594381716719,0.360987723401087,1
31,17.027298040794268,11,253.16881720314944,0.05692706756060178,1
4,47.06385395432454,1,315.136347129062,0.7393385348308763,0
18,51.029611798465176,6,99.77253138233597,0.3700077830205102,1
118,4.51463388333154,1,118.53797762155828,0.12039367363445956,1
16,93.18760174451755,2,302.81696863500673,0.2972903487273226,1
6,87.93595375832025,0,255.31537230108154,0.9285547863639928,0
6,147.09629203689894,0,229.0944381988627,0.8205996405144874,0
15,52.931524280934774,5,308.5708394428842,0.2872824074227989,1
46,8.762116228979664,0,183.7236895628735,0.16047023851539122,1
6,122.08950326998546,0,231.68743890755056,0.5750019281996732,0
4,220.55567890220635,0,188.70914505993088,1.0,0
11,102.59799513767888,4,199.36825498585347,0.871604978739204,1
3,164.83084426946712,0,288.8579104309333,0.7833634768367096,0
15,57.48246680407135,5,186.97425295599862,0.42298508207035423,1
3,179.9175687051408,0,181.1855432115093,0.8662302323585643,0
2,164.89956766337002,1,170.88342729544448,1.0,0
14,139.75385517170497,4,119.43550086457418,0.7100604241313702,1
125,14.02181250785294,2,109.06406109268067,0.3205527401968511,1
5,101.34190433126574,0,115.31505221892633,0.8618194353711138,0
6,119.25534280267755,0,208.56342679469782,0.7803653067801098,0
14,39.73405256044974,3,209.02515171571474,0.28615799835154754,1
5,188.0088329559837,0,364.20258947848754,1.0,0
7,108.9304884918953,0,255.86208364040235,0.8599322126676929,0
4,212.82445129772046,1,388.30387206041166,0.9634654573274538,0
10,148.83004950758962,0,200.6287935032496,0.5685207136352497,0
34,20.639106227381674,8,153.22728904585622,0.19529121760699183,1
4,72.44868145388557,0,238.96620196338154,0.7516283123636347,0
4,154.8892158649277,0,300.3152658203545,0.6639923027903657,0
8,164.30909573972914,1,361.22554537998747,0.9207390903809288,0
5,43.33235967730615,0,227.57529317408694,1.0,0
2,86.95054594957482,0,339.7314710927629,0.9385933960390476,0
1,94.91766984810337,1,164.4976614048464,0.974200339593407,0
7,113.86953442305729,0,222.47966080295419,0.9561556230641695,0
11,111.0168264880838,1,305.5278646104132,0.21339480930034158,1
9,122.20010469569806,0,288.71332493119877,0.9775375682500109,0
5,84.84496446825791,0,138.7726131717943,0.8856205994197955,0
5,185.4667860134448,0,373.89939106980984,0.985833048075802,0
3,113.63703304594799,1,310.2377630516714,1.0,0
3,47.91473562093913,0,201.4202792898053,0.949917850898001,0
5,144.25903042492223,0,384.3474635440963,0.9548796964988351,0
3,108.39163539898698,0,353.6582497308408,1.0,0
22,42.257130956600825,9,317.3287331197478,0.0,1
6,133.52795171435935,0,176.62325754810556,0.943044485845905,0
3,104.32457885936499,0,230.45273899045753,0.5643438728678215,0
31,6.434491671299706,9,220.6580523720724,0.27632782971562714,1
4,128.095091486698,0,306.84952465779503,1.0,0
129,6.412107131380717,7,233.3881381279936,0.12671954434202864,1
3,133.87460373239094,0,311.12107910124536,1.0,0
6,170.75404647303483,1,200.54631488710663,0.7960005813165458,0
123,23.34683841269177,2,88.1584866179392,0.009655452068679005,1
133,2.0,1,184.50164160823203,0.08422730495866448,1
10,154.51412480130895,0,277.37972963854793,1.0,0
23,73.22046784303421,2,169.29449222934758,0.5557030000794784,1
10,58.065057236157045,4,178.7023201542186,0.09150568478954041,1
4,162.79197635089034,1,261.94545511103564,0.8307808878737922,0
41,43.39546474192092,9,258.4258180247111,0.40447220703788317,1
14,56.12899011662949,2,260.63792176734523,0.6827978902673928,1
5,82.19597974669966,0,256.87621457587073,0.9528987241113528,0
6,150.62398665058546,0,211.7113204816019,1.0,0
3,152.13462973317831,0,259.591499487582,0.9790635618952144,0
8,126.40417320316139,0,188.9717066066188,1.0,0
4,159.4199041865197,0,190.8141668258299,0.931501136195064,0
35,31.739398780829752,10,200.39837456338134,0.5329578692187907,1
4,102.96706093898831,0,230.96710822391253,0.9910690885643864,0
20,36.23023551766343,6,190.31756817382117,0.3217942373604193,1
7,141.3203223441655,0,236.80171733032924,0.6647008275116862,0
5,84.87192886217446,0,214.53805941420404,0.7635792790651412,0
37,101.15553841166167,10,223.66921932305283,0.24180969731859722,1
29,5.0,8,193.39160858935048,0.3796246193805374,1
3,92.25138545615792,1,290.0785808051806,0.8310255232806683,0
5,118.03513823698304,0,200.16479150314404,0.6134734187006509,0
4,175.42669269847687,0,238.8876136828777,0.8291593261926863,0
2,103.74263915613089,0,184.00175856685857,0.8164466365824129,0
4,97.39827966000216,1,89.2382735391871,1.0,0
38,18.17042098778851,5,260.57400435784973,0.40906242586704306,1
120,9.476159827392804,1,110.63461881848791,0.1961227332089234,1
9,111.28070727675127,0,247.625903379658,0.7959990077076196,0
119,18.51796853467919,5,46.58424311396925,0.1114528449109815,1
5,155.93314401046086,0,244.9030655908476,0.9484823560783714,0
8,107.19039191706045,1,262.9210798225937,0.8808121524604966,0
3,133.28889065859948,0,168.00620303458635,0.755025046514954,0
15,64.95821364242823,4,139.66219710846664,0.5029068811109599,1
3,32.30308647043017,1,354.39674433083167,0.9850454242753233,0
2,131.87486338841777,1,283.2270816302583,1.0,0
6,178.63424067305135,1,124.82503744692825,0.7690678193946829,1
118,24.516551669633426,1,127.8574688963657,0.01224516570808868,1
2,154.63387963651058,0,278.4134650254736,0.91520730080011,0
6,141.51304085535,0,256.3162454550523,0.9463075854731449,0
13,86.2314200765648,1,128.24579719245196,0.7618775021740858,1
4,91.4147868258273,0,388.3620129149538,0.9923884255208593,0
33,6.374216252700618,1,311.27065082030765,0.4853287510739352,1
41,12.707376953641061,8,136.66177324761145,0.2479646619882749,1
5,147.27747381887593,0,253.74487550305636,0.7577486847581391,0
3,34.15440459681875,0,106.36083231137982,0.7686461494168195,0
3,89.16597441942773,0,243.78121303412885,0.9514754639155331,0
6,140.76589202895195,0,232.80262192369491,1.0,0
5,185.43522274213265,1,255.91108937295758,0.8114004344576464,0
5,152.59706180499228,0,292.02774509627193,1.0,0
13,103.2856913448584,4,188.7579081207411,0.054271789823651155,1
22,51.07464586937461,6,131.53923656517466,0.2243452492277827,1
5,106.6237992701805,0,210.5474916640632,0.8990163882165823,0
4,133.90800277749648,2,339.06486223092367,1.0,0
2,18.49922562526201,1,150.25331120624168,0.8582668924750322,0
113,25.83354588654363,3,106.1805863403797,0.1595870173746121,1
9,210.4770384397607,1,99.84061863871874,1.0,0
9,125.39960026781756,0,264.5276878112495,0.9232644005914953,0
17,65.45852884538702,5,259.02550872332773,0.6198444621153055,1
106,2.0,1,113.62768357906886,0.03998595622329654,1
7,30.03861733613876,0,364.62935352706097,1.0,0
5,59.67549880220459,0,217.30138101604712,0.9546926271818417,0
29,32.747162394684175,14,116.50298616360269,0.7075075625941762,1
6,104.4756036317237,1,262.89399277518396,1.0,0
66,21.823706600947432,1,232.77403787646028,0.06782634475577107,1
0,59.1913455654137,0,262.89982233272696,0.7188298803081551,0
5,113.7011887176007,1,334.0882224827644,0.5993546226709907,0
33,68.61156653784172,6,290.7666566774748,0.17007761810837752,1
2,215.59610292094987,0,257.3467956833032,0.8012669735805356,0
1,131.7122225652875,0,299.69411738665747,1.0,0
5,119.74089228150005,0,149.2359434786045,1.0,0
3,66.355384808107,0,132.70857449525198,0.8766719889765219,0
5,161.2899907886401,0,254.82348390827497,0.8693530814719731,0
3,120.2605421181052,0,332.610640367298,1.0,0
6,128.04715255322532,0,210.61080294022366,0.8769400604652561,0
5,66.95506978599421,0,360.99951214120455,1.0,0
4,111.36418204119018,0,344.9514867501291,1.0,0
3,117.33992056003609,0,242.02179646383567,0.9631070921508506,0
24,20.40652519737666,3,248.6798183969832,0.36068252116071964,1
5,147.40114046409755,0,237.10358886194635,0.6613855256254558,0
4,75.74515911257058,0,283.5938271822948,0.8028033922501233,0
3,124.51333271651374,0,275.84221636448115,0.9384275788787774,0
5,144.2687404966857,0,201.18590568033127,1.0,0
8,126.02946465828136,0,234.60443238377087,1.0,0
4,134.01772593231124,0,208.4934109731182,1.0,0
5,89.05958833554902,1,220.3329442761531,0.8058205100801803,0
5,137.89834131030997,0,355.18381501597656,0.7729906556774112,0
10,112.10134709633594,4,115.80143826202605,0.5566446125405947,1
15,75.29982065948364,5,188.27155209424944,0.637529060137039,1
7,114.01564734036977,1,281.29247178617464,1.0,0
8,91.92459406224728,6,303.2480084101554,0.36097883635185407,1
3,139.7230149871418,0,190.36487102138574,0.6594651448804763,0
69,27.247314670200545,0,139.19244274072602,0.04045006095614452,1
2,98.03868937472464,0,274.985744659834,0.6007158985631426,0
51,2.0,3,208.3003903362555,0.20833328052404707,1
46,37.57046360303563,7,182.7744353352911,0.3086777061028233,1
31,33.06856575187989,7,257.3102282392354,0.7430542706020188,1
8,58.56106330046657,1,216.91067795738093,0.911369585705919,0
5,181.64996757478664,0,211.68181296205657,0.8790680255905922,0
3,155.79932490758858,1,329.6118962836736,0.9864742633579253,0
1,126.62590504204397,0,268.22470335016936,0.8632420758619647,0
10,106.23822950727438,0,369.6664538985904,0.672150329467145,0
3,132.7378222597055,0,207.81427467785034,1.0,0
10,116.15845624673523,0,165.5791690633927,0.9568910845697811,0
5,92.47342814161351,0,335.4952238850802,1.0,0
18,137.04165699979026,3,202.01835028191317,0.508310330508854,1
0,107.1381824631379,0,194.85596559288615,0.8330150707859344,0
60,37.5656530168116,1,169.09051972109745,0.06701341482404924,1
7,154.25218041524843,2,278.03708475555754,0.5265212007644566,1
6,132.55565053544925,0,278.8446761665562,0.7276267704638036,0
12,121.3531233096178,1,350.1438219886576,0.8652927888666577,0
8,143.3896845531861,0,272.0687642810624,0.9176442436107068,0
6,65.71396228569581,1,327.55941588611313,0.9595941129739972,0
9,67.4401110701096,1,346.8743834532564,0.9697329914006347,0
12,61.1256850949057,2,276.03212767048285,0.5082010092317127,1
32,55.44187918807937,9,65.48163086804047,0.34483365459317555,1
117,16.685575621482453,0,163.15811566026315,0.04266245480756589,1
115,2.0,2,246.43119258402152,0.1526651419073946,1
3,75.0252511564326,0,83.85560577327688,0.8971249675189553,0
4,140.1753128961805,1,342.03262818503447,0.6391473732453185,0
6,107.17164923726227,1,208.78544189545002,0.6988429348309756,0
3,145.41861044423902,0,176.38794699120734,0.7202533333792179,0
6,121.67641338668831,0,235.896454042408,0.8612571238094154,0
37,100.70453079426066,9,223.9841614928825,0.30118687724372967,1
7,141.25632269251116,0,249.4252560646678,0.5748401326394318,0
26,79.78455619897386,10,126.61946603264725,0.0,1
8,108.03744252329498,2,113.0575278895116,0.29912641026776804,1
13,118.83511930005466,1,282.5993724101336,0.48542381672456186,1
4,99.71051015312953,1,148.35388979576965,1.0,0
10,92.81249203505463,0,255.27826898936124,0.6995066972977536,0
22,8.907102568605955,7,239.18411878965094,0.47043997036324897,1
7,130.11946566704006,1,271.7231169630463,0.6899231152595616,0
5,92.96613578286387,0,323.6399651347582,0.8022367382302055,0
6,164.1741118498894,0,273.09446475092335,0.7240660650926599,0
1,57.04130787844798,0,270.59125739188585,0.8290179498431492,0
6,100.13402196070936,0,283.19086573063043,0.8230877594515036,0
7,92.16971274621649,0,302.8999545598167,0.9187006912024543,0
5,92.55362936857122,0,315.2799523436549,0.9441592742182228,0
9,107.10144124110614,4,193.7114321182381,0.8363919865250483,1
6,101.46702980295987,0,414.41795175947954,1.0,0
3,66.1069955963449,1,351.8886173423601,0.7899970975705152,0
13,71.22582867426951,2,226.1797020639332,0.21274910248117865,1
3,181.00790693007127,0,291.3892090531148,0.8664672776776523,0
10,170.42734666765494,0,215.80086880012058,0.8032262360771579,0
4,121.30772909791293,0,129.86456101480005,0.9876169798994255,0
6,105.49803480341913,0,297.34446912272034,0.9939186956109394,0
34,25.18234217052081,9,244.08097445664285,0.30260500214569575,1
6,102.19136795004303,0,270.80037746131313,0.9345528684836772,0
3,119.74100467846218,1,269.44664517550945,0.5993453749898323,0
6,152.40032897690452,0,291.375497463926,1.0,0
3,67.58543152060685,1,92.52454826315399,0.6256334165809896,0
109,4.1350870137914475,2,177.2449118041597,0.20481455447113137,1
39,32.64147683853922,10,181.87028921914822,0.5000271871406126,1
7,137.69396398038583,0,60.0,0.8245573172544719,1
7,125.20760154811502,0,266.47307640086314,0.8748632226907487,0
35,62.1093928448667,8,168.7630042089103,0.42510988645827463,1
18,82.61741281466863,5,148.94587888583465,0.3146237799447359,1
4,115.60921986672322,0,241.08316125114763,0.8079011997238609,0
34,13.584616698980659,11,221.62563398068295,0.0,1
72,2.0,0,83.76499282094653,0.21888346225633004,1
51,8.487288657756585,2,162.06882197153035,0.11666666138139567,1
73,28.85498244484821,2,177.45142610107456,0.23625264191397286,1
2,158.17481189150598,0,321.32662636382963,0.9287918858170089,0
6,93.01350827283837,0,189.74382553355233,0.6461091052524385,0
61,40.917677592225886,0,136.98713957633453,0.11667145485463706,1
2,102.38622546233943,0,205.03806027628858,0.7301096282399276,0
10,114.44376033434605,7,225.0728933013652,0.17205930762512547,1
16,49.028357833851246,4,155.11088445101373,0.8319281370233886,1
15,61.39926792273805,7,281.2460137188734,0.2960051447552042,1
3,141.52251258425432,0,192.96500602558035,0.8872522345495102,0
5,128.31454309478582,1,239.06587367176013,0.7204806843934417,0
6,132.33610736988663,0,258.6969309378908,0.8575520027478543,0
5,166.60261457199067,0,322.4027037987239,0.8254504516184211,0
8,118.46855241585659,0,271.24378916921,0.9249425181259318,0
4,152.4462108751054,0,272.4723630717807,0.8047249191660906,0
4,76.5477204486167,2,169.69171844495142,1.0,1
6,147.5618762649408,0,423.7848227760963,0.6878044739623728,0
2,126.53043672489814,1,389.9781305196173,1.0,0
3,121.26762133731893,0,321.88356689211514,0.9108421447916674,0
17,43.13706420142578,4,308.35999576294165,0.6659587641181554,1
2,200.83209555810564,1,342.9555575642699,0.9068401037963778,0
4,124.46698827509267,0,77.97697628867688,0.7574459012469601,0
3,161.8605420168796,0,188.16653409089673,1.0,0
3,127.12098276128361,0,185.7805972928736,1.0,0
4,110.68482333685941,2,310.5992248706892,1.0,0
5,85.3623660153659,1,447.8641275991263,0.9726830024779166,0
7,39.97374380818908,0,60.0,1.0,0
4,158.64549117687406,1,258.65999608910556,0.8102059867385134,0
39,55.92375880291878,13,303.10634648417164,0.38365438064897717,1
7,87.37912594490928,0,140.8795189940294,0.7869087612709053,0
3,151.92945702509724,0,336.46712721817386,0.7806067867861849,0
114,19.555093015373142,0,198.23213163190806,0.1589125982607738,1
9,10.0,4,200.34995375919047,0.6174082048688238,1
3,22.89786206924969,0,271.39794900850126,0.8665558789128416,0
7,91.32053761462754,0,328.0286719173191,0.8383340512013329,0
25,25.771621489801493,5,384.45215545314244,0.26898593257267656,1
4,176.8376523568919,0,410.87730842404034,0.5823064061743015,0
17,109.6181269594258,3,166.33105578671965,0.0,1
5,197.25999155486386,0,162.2700792318817,0.993307222058955,0
16,52.43673765823427,7,203.58025569296214,0.29421987270139377,1
6,166.77759231868663,2,346.8661997050651,0.9346572898805852,0
4,48.18417662093009,0,278.56408404724624,0.9772285454718207,0
8,160.0342742880211,0,313.9994189506843,0.8086703384823899,0
8,171.00535770488378,0,439.1426092885756,0.7303208618288357,0
3,79.24037678608848,0,121.71010634335637,1.0,0
5,10.0,0,204.67898537202245,0.8009402821414482,0
4,117.14662573955978,0,342.3121710995445,0.7041668198714816,0
41,50.732583644864924,8,168.1364800766886,0.5653693177676397,1
6,132.32316411264372,0,296.8930807241204,0.9787968064234165,0
7,107.62860490055482,4,238.9011405297226,0.2763711820757755,1
8,106.51156651726784,2,333.1053733479646,0.7138528097618672,0
36,80.38421693777943,10,202.77746699521168,0.22563631998326011,1
61,20.48185285046483,1,348.60023145868564,0.0,1
7,75.65947522161159,2,189.97797311923134,0.7767544847468345,1
6,140.979181348341,0,240.24449269834315,0.5834968741378919,0
4,112.10128782002302,0,305.6190169845997,0.7551926921631752,0
5,159.4652518126165,0,142.4790626769893,0.9382683580322747,0
8,205.72091286282608,1,144.11039259183116,0.874712930858532,0
25,51.07868151831,14,177.13202498863538,0.47526625299914194,1
26,33.052902729618815,7,40.0,0.2256195945820495,1
28,47.166513946448745,9,101.58151631017672,0.3767387379700443,1
41,28.314446922216085,11,254.69796792620087,0.37562968557883164,1
6,96.01214084072384,0,325.87237612356665,1.0,0
124,4.6327931652052134,1,67.22342871462266,0.0,1
7,30.715924784895083,0,269.5056722540973,1.0,0
141,2.0,2,179.09345004399006,0.1775760649360243,1
6,156.78358973977657,0,269.0216816628962,0.8615649537740214,0
3,143.00376894689714,1,230.4735174848524,0.6544097666788823,0
124,10.312062059379311,1,185.8463973451265,0.0460338572786415,1
3,133.80221931868985,0,157.3398748950585,0.7072537295684761,0
8,152.9689694494559,0,271.6469115979728,1.0,0
41,48.50743193622128,10,65.22759900037856,0.24092644242315153,1
9,122.05589827954158,0,60.96184425953506,1.0,0
7,110.8957297235079,1,321.2745128082578,1.0,0
6,163.31309481064602,0,228.78341188773862,0.9758381240632086,0
9,90.1642390841843,0,96.72072712514607,1.0,0
44,48.61078160603084,8,177.1852971370552,0.5914201986210945,1
5,157.7077133458704,2,259.0074929011357,0.9261422255826093,0
2,103.82692064337328,1,270.03225401175524,0.6915888464498229,0
8,60.637918965778184,1,211.42301583345449,0.9086509308740418,0
8,146.01193314664437,0,171.8864773027795,0.8171932791498345,0
2,114.52515106712946,2,382.76903096898997,0.9663422318302627,0
4,175.28157532900502,0,237.78906201845038,0.9516121644433662,0
4,109.88477990191305,0,191.17734707348214,1.0,0
2,106.66613330702202,0,236.27086902451316,0.8329959487033486,0
6,116.06968224564514,1,267.06669764428835,0.8220830446470309,0
108,18.29653412595914,2,64.66362291409251,0.11275640986894471,1
5,101.25613998113835,1,235.3563311172976,0.8338397326722224,0
23,30.736723748486128,8,201.0716450863708,0.20214186297116077,1
10,149.1495487758552,0,148.39904300815488,0.63129325247527,0
111,21.672694204048675,2,90.32726029846613,0.057188614659021336,1
1,97.1755388323839,0,179.08918577067234,0.8731121303818342,0
23,5.118187955268503,13,48.20873264824538,0.6519432937122943,1
17,78.02798728750547,2,188.9951070675326,0.46639029315848773,1
3,131.5566973156921,1,283.31376504488225,0.9166800518366183,0
20,20.7396420853187,2,127.61135439120991,0.1474224699993348,1
2,161.15777689401563,0,217.09798597311922,0.8821617826647518,0
3,150.14915733891107,1,239.77941268524344,0.7851560078089527,0
24,6.041012465818355,7,99.32532986289812,0.2766988353671667,1
3,65.89402522315362,1,225.5859940439801,0.8194409718160852,0
7,174.23935753096947,0,155.35076960385095,0.979032587984016,0
7,66.43415343728896,4,297.004952512318,0.3470974811631229,1
5,145.98827386723246,1,300.13312928818533,0.7474835698566861,0
113,13.719033188844346,1,222.1690322164572,0.13256984403280958,1
8,128.57421434315577,1,151.18817077762267,1.0,0
40,72.14039198912457,7,147.635003195852,0.5179608815077086,1
2,113.49633241629812,1,269.68800777592054,0.838659196148596,0
8,211.69037993859263,0,179.75509741914044,0.9223777498494021,0
3,139.45118740786333,1,214.94976285412892,0.9124115051651243,0
3,105.03824747912766,0,297.35636013650566,0.8255358094874716,0
2,135.81512646894038,0,254.16916796456078,0.9261465173788533,0
4,115.45568576244693,0,305.49284213081285,0.7267757717302884,0
33,70.73825748042228,13,83.05624621583839,0.10101634420896378,1
34,16.316618394277587,12,182.3078285419154,0.46491301180698336,1
8,86.89493150631844,0,177.02889075111773,0.8053646802439115,0
4,115.22314337196515,0,342.78346117818097,0.9715400711759831,0
5,166.87619554545176,0,245.64715020205068,1.0,0
4,138.07570285543102,0,134.6096846559212,0.6961287409541411,0
6,167.88384994079806,0,125.07003459075383,0.8718627672376238,0
8,137.75814921391856,0,345.8873259190103,0.8612648375831323,0
4,225.5677527096044,0,308.616616802058,0.7647129555214927,0
142,14.427489473214557,2,183.60159401259847,0.1435371249525971,1
3,157.72649403467352,0,353.71533750824284,0.9603723533453693,0
6,72.38047344145416,1,217.68799677146288,0.9323617635731545,0
7,119.78109074165278,0,213.92844169541416,1.0,0
50,41.68615915065971,7,138.40407206023445,0.4376639385162422,1
2,140.38335034176305,1,225.07442089553288,0.9607711359730405,0
1,214.53518471288112,1,217.12515770788312,1.0,0
4,163.25689842005323,0,195.7635321476131,0.6953730130433539,0
3,82.1484753997191,0,237.6334807220868,0.6572017765840217,0
4,69.92073558636928,2,186.4215923236816,0.9898039482115638,0
114,20.75620319986483,4,231.22347434569875,0.06252546331349867,1
3,146.68106584687212,1,227.00326953352058,0.9664746872610526,0
0,120.77168603609223,0,204.9859437434822,0.8509829550409992,0
5,183.30131614168158,1,325.43094444255354,0.9571074352910968,0
5,122.70100166940489,0,207.63858913331865,0.6809686246271743,0
5,87.65734308921802,0,249.4910378501872,0.5098811162625226,0
109,3.387024677478514,7,122.76183109100998,0.0,1
8,83.8508781614775,3,209.39931826532148,0.5420973980081055,1
6,120.89619503508972,0,252.81998996162116,0.9372253330620481,0
64,27.261214393681552,2,313.8812432058192,0.10121423676602964,1
8,174.26987361668026,2,299.70296210857543,0.44500673444433286,1
7,120.58378100118274,0,224.42627808075358,0.9439826085371739,0
8,145.21715487039796,0,258.5699565475417,0.7882658383539679,0
6,130.95619119986253,0,278.4211252934678,0.7792978806831622,0
7,163.0160047718398,0,326.4903267683114,0.7629050760102697,0
3,90.31765481841612,0,304.1467256230971,0.9532315390998339,0
25,68.091150748658,7,186.64533036845708,0.1803192763236278,1
8,73.38475089017388,1,218.8211212805626,0.292373638649722,1
3,113.12437070291108,1,219.89364102561288,0.9887778763115951,0
3,147.7370702585196,1,226.99436411577463,0.7235488217869657,0
3,90.20179660383236,1,309.8748530777329,0.7759583428587637,0
10,146.08880302154844,0,301.9035510624414,0.7364744248042336,0
4,76.84621781473948,2,102.92002445792491,0.7835398599464047,0
17,182.73490640378057,0,269.8367927691519,0.6687921515005377,0
1,120.69014174534578,0,205.75243100236054,0.9230233253689504,0
4,79.87648340008273,2,206.991893960467,0.7492554289169684,1
3,116.20215379031906,1,251.45434026827766,1.0,0
33,35.816878753597116,11,189.53204338623448,0.6446987301479032,1
6,111.01464037831504,0,170.49816866413917,0.7453636876075643,0
140,26.32763584709128,1,186.76942126773415,0.20626707716259057,1
7,94.20799766866136,0,240.77659968850247,0.92505337521236,0
49,36.4056953355979,5,176.06847185019282,0.3589436403273408,1
6,172.73278852876336,0,230.16507727338694,0.9477712860937932,0
5,65.96923455092976,0,305.0864362444542,0.8878590402522346,0
7,89.01704687852965,0,250.13784475658363,0.8224813960865446,0
2,139.96640828658897,0,325.289942575789,0.9812882167394296,0
7,216.76094492404698,0,286.84703161192766,0.8698397035363227,0
2,117.56839037946312,0,165.99888643683332,0.6836631870787561,0
4,148.13590762306782,1,287.293681606951,0.927820603058029,0
8,115.6678340261512,0,293.6828350950562,0.9418477955878534,0
18,75.39642867645502,3,233.8742685525243,0.44623258800370275,1
6,124.82536793278436,0,178.28351115023463,1.0,0
6,167.0350277303974,0,218.7135620811699,0.7408014974053554,0
5,75.28723475502719,0,131.49104519729994,0.558813711015518,0
6,160.59550340343884,0,216.7948287892837,1.0,0
7,96.80575653186818,1,282.0787716077603,0.7639319530438682,0
3,57.02576245200571,1,227.15806780866433,0.8671500385737706,0
4,71.69862152419205,0,254.02205671291637,0.7745121929388422,0
4,136.09083391016026,0,96.76319334907839,0.9735360699726435,0
7,149.06825107896785,1,211.97606516885293,0.7585904984983007,0
3,150.90664969686472,1,60.0,0.6381861224233214,0
64,28.08986968912435,0,120.77678800247702,0.0,1
3,163.84602318895287,0,133.92565180816825,0.6529458063075564,0
8,27.701879460671535,1,233.20160086871616,0.2977823044104507,1
6,78.87354660070777,2,287.0940505671039,0.8782175604228158,1
14,64.94438461154489,2,266.0906583770578,0.19687902108165192,1
8,35.056784899243375,2,305.87087007920667,0.5455989944717037,1
2,125.16365141172986,0,187.90838567271027,0.8997068893503972,0
8,121.97419109404498,0,394.4111392835705,0.7813937703092442,0
122,20.078264886748933,2,46.287858563297014,0.15721884645744597,1
6,81.17479315040907,1,224.00819098705517,0.7300109474544839,0
30,43.79762023011056,7,184.04928648975783,0.14969585934163698,1
6,144.08694559975,0,111.30182763128646,0.6555676830983469,0
8,128.4459368233218,1,237.68307728243252,0.5854632105417186,0
8,87.53583129247558,0,199.63903512647894,0.8757794401631099,0
4,110.06466552669717,0,273.8721837904545,0.8445615282884931,0
5,107.07452752125748,0,202.57008209045662,1.0,0
7,94.84816306231653,3,260.190935590365,0.9606760345960038,1
6,140.9263404518189,0,272.31354542923714,0.6533547915315904,0
7,108.21673185590423,1,244.73256272594227,0.6971097874757093,0
7,137.69179612151638,0,428.93593733148214,0.7066771118181749,0
6,111.67670130126601,0,373.9430871366111,0.8766927004226361,0
4,87.98560920299064,0,240.34730603641017,0.7400625857123039,0
6,166.9053874729131,1,197.4988917660042,1.0,0
3,118.24587487739966,0,196.8421085866748,0.9145809642883787,0
34,39.075974250675586,8,239.28147012440664,0.212585550759473,1
5,68.51701959713446,0,300.4911751662063,0.8850053070397731,0
12,33.232566843881656,3,199.81210185841303,0.3705164888214352,1
21,99.39452360244837,9,139.18161583531165,0.47309703146730264,1
9,132.87264553508214,1,178.56586514760392,0.9918234026134974,0
5,68.0824745698872,0,105.08840456876769,1.0,0
7,162.92198887351674,1,154.89638634459044,0.7413908038626414,0
53,37.61583303787367,0,179.72123110620458,0.06870306800440638,1
8,75.24496660534334,0,163.20987082006187,0.6534182455437569,0
2,84.11825502361125,1,273.5855024319375,0.8985719523259751,0
4,99.70544640031889,1,214.08434581006097,0.7118593064302302,0
7,75.75793263871552,1,263.9538410808735,0.9718985899224982,0
6,75.50498917769121,0,231.06718746487277,0.7357411795049612,0
1,164.3810909076513,0,251.77794389251594,0.9403958861638524,0
2,100.8296723872086,0,274.8732218527858,0.6845826804899334,0
5,118.74537602718182,1,242.1462837863726,0.7034013627844712,0
18,30.953259688508904,6,171.79602972860474,0.2552601110657788,1
4,92.97492192585572,0,233.1952016020291,0.871323556375973,0
4,98.76177612543842,0,312.7202411744155,0.6833378540243427,0
4,147.36527722090938,0,200.6317818521088,0.8377556431500118,0
117,20.850373110451454,2,201.7027857731769,0.15743520765337732,1
5,81.89934651029034,0,158.45488465877685,1.0,0
8,65.88579782785072,0,134.85059779961978,0.8193652222948139,0
33,64.77414226569455,7,217.01226913099072,0.4191460713333614,1
5,134.36794197221388,0,303.6868424465707,0.8857873179974876,0
5,100.03815454843887,0,193.03437978948028,0.7434153489051033,0
5,202.7425553713021,0,206.0998633035568,0.734152366768404,0
4,199.0954628329128,0,197.87189572265075,0.9622739290247135,0
22,38.61220521678013,7,276.87860015134476,0.3049670636938979,1
4,162.549058094721,0,341.21896483372785,0.9390210572536781,0
8,104.87024542712692,0,337.10656477525504,0.9639298347015948,0
5,90.80414903682504,2,350.90386593833887,0.9223831583462146,0
4,40.64143271466442,2,176.25958631121443,0.7921146880142579,0
7,85.58925230236589,2,446.54493991611486,0.758059090216189,0
3,55.36449941651606,4,256.2968181616627,0.14609453530370636,1
19,43.51401676401896,2,233.4890461409102,0.3884210582203283,1
4,89.90082486504991,0,209.1283761029961,0.7925605391327731,0
30,35.886714077392746,8,153.34263157747134,0.6056286230892793,1
5,164.18681492461056,0,261.88448418136187,0.7018750804551049,0
6,109.35413515634208,1,60.0,0.861875639309261,0
17,64.08226237232354,8,189.02067518455172,0.8300331809336492,1
3,121.8539848687435,0,177.77661494936982,0.7998445840441855,0
57,45.737575810735116,2,68.216353321675,0.022968626369658313,1
13,114.42486629199402,3,235.04363170033392,0.5116172767984816,1
6,133.00204335337787,0,265.73268234766016,0.8643098785981673,0
5,161.20004691422236,0,150.5319979118792,0.8677549241368436,0
4,118.17235396541955,0,195.39645403080436,0.6328267406908059,0
122,2.0,2,153.36765097973085,0.11161355590680566,1
9,87.03467870819577,1,60.0,0.7702106918387728,1
3,71.52856079919172,0,427.43183820816336,0.7901708877319786,0
58,27.50457893722418,0,112.9629957183261,0.0,1
29,5.0,4,107.2089118406119,0.13917273299287458,1
10,72.70509365352476,7,168.4167787716425,0.46378831783451885,1
2,202.9040382822891,0,336.3569040425917,0.9496518644395657,0
4,193.6252856914681,0,303.0525887310781,0.9209656611144483,0
2,119.221305202754,0,265.7548615643466,0.8305940876446813,0
5,136.96139206009914,2,242.40386586444492,0.893481712039378,0
2,109.68044280176503,0,264.54111311902216,0.8640946137940099,0
44,33.98701725013989,7,211.7092503555272,0.4815070659021243,1
4,122.9029843954625,0,121.40075904870355,0.9496460838109223,0
5,116.28659897614732,1,304.1112380228268,0.742948981342976,0
6,89.95098250640811,0,148.91192713908157,0.7921974926082388,0
7,59.97279932478775,0,205.3720923283906,0.8697781176047642,0
7,160.6638790333727,0,463.5646642278699,0.744955228916876,0
31,53.20913049016493,6,225.40472041816943,0.7226819100993831,1
8,91.85146065990237,0,222.37844049371662,0.8364496708303159,0
2,173.9648050874009,0,186.88328290272239,1.0,0
6,101.73078815600363,0,171.59770785078885,0.9330876611042268,0
58,36.458072410072134,1,143.25826061684322,0.0,1
7,118.2398387949591,0,227.23039748465231,0.9752233497310273,0
24,5.0,5,295.87448528785586,0.4155271202705661,1
3,67.74539422342072,0,305.4582594828056,0.7419153065621172,0
4,157.16709507499547,0,266.4187911624966,1.0,0
2,104.91871744133411,1,276.4072197047093,0.8214519916588763,0
25,26.003949695526327,3,192.05063186566014,0.4126706372331022,1
6,110.89861382906372,1,335.5618689644334,1.0,0
56,2.0,2,50.8218981157931,0.21013068396653384,1
6,152.43678745946036,0,336.29649985341547,0.8106129911262985,0
3,101.31726152792369,0,220.2829293154478,0.7180321117121962,0
2,123.52495263427961,1,312.9831328864824,0.6141391944027061,0
5,109.07913474181944,0,221.0202305811738,0.9675450973791607,0
115,2.0,1,86.08541250668553,0.047175289336826014,1
125,15.33564512023859,1,296.3717792464513,0.17079138540895433,1
6,173.32330903513463,1,218.6057831736458,0.6529975043699427,0
2,151.75765132499438,0,193.8207677761688,0.9973701366378342,0
28,5.0,4,271.7132223946638,0.2901139306533153,1
6,72.01005011965636,0,285.733071412089,0.9018989830163318,0
8,125.8816492587833,0,269.1657591792612,0.9930964836395009,0
3,126.41919522140395,0,309.21582375258595,0.575441482106148,0
6,114.4128771997551,4,189.9781245518134,0.8349813140284724,1
3,151.9526420770309,0,274.93810282854827,0.9529043764038773,0
10,128.36185431761083,0,282.2006860504817,0.910244760066121,0
4,72.24287980913634,0,134.84340234381744,1.0,0
8,98.82469022632552,1,228.79961115954197,0.9854969907750358,0
5,100.8218197288146,0,312.61864566076156,0.7919709296025309,0
5,154.26034385855672,0,221.98818986677168,1.0,0
6,85.63663045239296,1,402.03522618733496,0.08273054127928144,1
39,38.945050403540144,9,300.9034995034571,0.5034656830183569,1
4,78.38671502395829,0,294.4133779809855,0.562966520342575,0
5,154.45082309996494,0,106.92684820917376,0.86593199888785,0
8,70.85823623264743,0,260.92837671829284,0.6308204337085401,0
6,82.62866884987136,0,263.8479165560612,0.8960490812026194,0
60,23.937306712167693,1,178.70802980616395,0.06279572631689201,1
22,98.0344857660416,4,217.10340073595836,0.17254265333298427,1
7,58.110480817342925,0,150.19040702258096,0.8434872190119772,0
6,108.14778335779096,0,180.2408247912786,0.8831464534732697,0
27,41.18243348216746,14,189.34043469206563,0.22159634543453402,1
2,133.67220792112482,0,395.9281184063587,0.8523632723860697,0
5,116.30295396351491,0,166.0834176353463,0.5266751155863494,0
3,86.05899271040536,0,241.25097982458254,1.0,0
123,4.772174255545942,3,114.50132642489834,0.05804671551999496,1
20,71.5676534386131,5,236.7760853117257,0.6657241310275291,1
56,42.54820530501267,0,245.43283837055313,0.14761479041907208,1
0,158.58730578291542,2,296.19380382582557,0.9265710801406656,0
24,34.36995802004969,7,242.4965528514864,0.5295519708070637,1
6,180.090250930793,0,237.5826285341491,1.0,0
5,102.11616054498464,0,230.55545033184356,0.9360116529884196,0
145,22.34668825866226,0,119.51826564230707,0.12473074194006485,1
6,87.79368807436391,0,494.6487893317819,0.5541724515782102,0
7,119.44785012420456,0,212.22815212255193,0.9799030053095081,0
11,156.64451444773434,0,220.00416148667688,1.0,0
7,185.4732198842137,1,203.61404398445302,0.7283089094338561,0
5,125.38315010819824,0,212.2084608062633,0.7906369052107592,0
7,143.9241838171573,0,258.85933922282607,0.8309752084440144,0
6,127.8039325288234,0,80.88407631924255,1.0,0
3,41.80283058036504,0,190.60199068121912,0.8127123130107945,0
106,29.63188565753617,2,137.81114925772997,0.016047450139440457,1
5,67.86816792777553,0,297.8439625125924,0.8676583584275965,0
7,83.08222335295646,0,287.9039855408037,0.764637356714499,0
21,56.51740542092844,2,242.1247087814309,0.022785587980264713,1
30,44.26370845194391,9,350.1498717115566,0.1831676665453871,1
14,18.996211317647067,3,239.0850033457749,0.5923147778584434,1
4,144.69179528831637,0,229.9035944483177,0.7750700737962614,0
6,146.226109871595,0,262.449312054352,0.8104916289919724,0
60,2.0,3,125.66163867842972,0.0,1
5,173.19190713232305,2,180.88153281116644,0.5037771850920632,1
7,83.68517125995142,1,222.44091074213057,0.8047499269350421,0
5,131.26197893510613,0,251.19276009996418,0.9318951095375915,0
5,44.636247458883574,1,305.8943378838049,0.8949709626399492,0
6,104.11802634361307,0,234.85557451116395,1.0,0
124,9.308077133513825,0,138.10304457439187,0.1258953331437774,1
8,132.89959363728616,3,261.69406493350505,0.8011434837916285,1
3,125.71501282468093,3,201.90906891404393,0.34250224312825334,1
48,41.06363081875438,5,65.11909116132868,0.09641934838103744,1
5,150.85087690973995,0,497.56263071899934,0.7539988513053683,0
15,15.665150939885224,1,186.19940643720648,0.5170133602168839,1
2,123.72413635189932,0,213.98536837008294,1.0,0
6,33.700276235194195,4,324.8507477825002,0.47984319426245625,1
17,56.85515200186992,2,77.69058676836165,0.4050660714754106,1
7,75.75639707503461,0,278.5246683685655,0.8698683382382398,0
21,77.0550426629249,4,190.03990452266154,0.08856400779180224,1
6,78.13656373450327,1,278.2467296739337,0.854919960298066,0
7,108.32914738927091,0,147.67786228451118,0.8803457099907983,0
11,14.085188836349298,2,219.63390039567665,0.428280182453696,1
4,156.21822680572868,0,287.8139220843746,0.807768823716535,0
36,55.7224253004609,3,68.03305853888492,0.03161300084957977,1
5,137.41627372939786,1,264.5028074978714,1.0,0
7,89.78156725866035,0,107.59357998709625,1.0,0
6,71.91545122752464,0,253.51400729385614,0.8480890547721542,0
1,113.216961024848,0,259.29062980441984,0.7367375645656248,0
5,61.7247911419562,6,173.33649787729453,0.9343994774135606,1
106,18.26430635285891,2,149.08306734554603,0.13547825481243328,1
9,141.9548110703238,4,245.03858487625396,0.6690269031276683,1
32,53.06948452386398,7,161.42140941639846,0.18438646072082165,1
5,148.71848391409708,0,68.17574027440195,0.8870769827705447,0
4,94.98161601682952,0,155.51290374474507,0.8785353803011358,0
7,45.26405735443677,1,245.4629280811906,0.876766353154793,0
21,44.005645881502964,4,409.8582667273748,0.7549411106057901,1
6,212.16281022936542,1,109.22141647457819,0.8947653565596123,0
21,73.51303802178576,6,63.768643976873236,0.7627264781640792,1
9,82.26380857793542,2,313.4238836879875,0.49281845500611265,1
6,153.99428359577266,2,136.48237261044514,0.909680696161917,0
3,108.35550889313866,0,189.97858327725157,0.9965189364058721,0
13,75.86073054573157,4,203.59286810003053,0.8211314414372131,1
9,47.036201838939746,7,154.95604830752654,0.7807123049102284,1
3,97.54880479569977,0,242.96999540033067,1.0,0
4,182.9302195013525,0,370.9561440229921,0.5531522009354023,0
5,13.434326144769067,0,236.8901357427092,1.0,0
3,96.73169765630037,0,291.2184487919076,0.8691885091397737,0
120,2.0,2,143.56175172828424,0.24785131166173677,1
5,103.0970841485155,0,296.81555826881896,1.0,0
5,167.53093585332223,0,368.22001922727463,1.0,0
5,109.5092173223523,0,250.63278066319455,1.0,0
4,145.4415909948691,0,159.7061672363682,0.8005317988096641,0
3,133.55064765083236,0,339.7578975362192,1.0,0
4,111.04368955784503,1,392.9551462527952,0.7547765487085791,1
3,122.08990972106757,1,189.91702583667333,0.9120843985086506,0
5,35.20271715878303,0,204.5145479884811,1.0,0
4,214.70932426104093,0,82.95129276684793,0.9399808032480478,0
4,120.69917815166012,0,183.48239381564412,0.7503191019694346,0
4,140.69378526551498,2,299.86134263936646,0.7337213417244325,0
8,43.24679611662922,0,203.72724244653156,0.9082650934484691,0
8,64.678128478281,0,300.22323593954695,1.0,0
6,101.80276678882456,0,208.188246970717,1.0,0
6,124.17312342677185,1,306.5045986441387,0.8217058492730702,0
3,128.83371300323142,0,388.5090179009838,0.7189541991763178,0
3,83.8418038753625,0,93.00828517126095,0.7779328587663674,0
5,177.41517896231042,0,221.78442079032422,0.8879132833883697,0
3,10.0,0,211.6384413350221,0.8321605245636423,0
3,131.4215181056334,0,139.801425988251,0.7299638824536693,0
3,117.81462979805879,0,148.71552592527638,0.7826076527312158,0
4,74.54110776931796,0,199.35525506840733,1.0,0
109,17.7608021861223,4,189.81218101677752,0.19689308230651215,1
121,10.99620490130928,2,125.98634198292794,0.434854813654987,1
6,102.98685845628245,0,255.72322050198426,0.6884962521910637,0
4,118.57070764419714,1,194.55526152102033,1.0,0
8,93.51473978776063,3,190.66880534693615,0.5232201606696266,1
3,202.9591999496718,0,161.21726570295573,0.7851501685138949,0
34,75.90296785088368,6,96.81123072965929,0.39913328579369556,1
45,51.96895743534768,11,239.94465629881938,0.19787860952739472,1
58,5.0,6,40.0,0.4104155286663035,1
4,149.22076639171894,0,223.07448089308326,0.9764919961793913,0
5,204.54854578504634,0,316.7089789505779,0.8437063976125039,0
44,15.310745650101692,4,250.49485929129972,0.7863870112689495,1
4,125.22402665394347,0,330.11979570027853,0.9347483791261066,0
3,57.39209983240934,0,362.9195111837065,0.9250309319917918,0
6,92.13799245686128,0,232.9170322197467,0.9524431517678981,0
4,124.95331545827368,1,325.15575351717723,0.9712836661827294,0
5,96.58871590576958,0,181.3336574790816,0.9419051163730229,0
3,72.95479747539012,1,297.168440213187,0.8454387017364792,0
4,88.66783817737975,1,417.22588983350954,1.0,0
2,42.08819904177283,0,304.80545899466154,0.8834738115623361,0
2,115.46969658799706,0,200.6786133543564,0.8986585817809601,0
3,55.27519922827118,1,203.90366137108722,1.0,0
5,145.88003473482544,0,252.9518064446197,0.8422856987259829,0
4,126.16000178995735,0,299.33590475410557,1.0,0
6,113.69735714150276,0,236.85701916644334,0.7180121853519636,0
4,111.608946453512,0,309.4169680610768,0.8871017436167667,0
3,65.11502468021577,2,319.5738806923024,0.6964430024727436,0
7,84.37900090538913,4,243.02567480005465,0.2633250327949971,1
6,124.96504713393723,0,256.05893893995835,0.94437137809688,0
0,75.58955087708577,0,156.55209390259068,0.7530034282723086,0
9,172.907914709531,0,279.6538872607537,0.9588838757646984,0
4,107.1388624425687,0,161.09684091686225,0.7939852464515431,0
6,131.42425082351033,0,179.95712932147296,1.0,0
8,101.6360128250418,1,273.1339763272704,0.7888397426515199,0
9,10.0,4,260.01944068209633,0.5987787638218456,1
4,82.62875258549886,1,309.5589306649997,0.6909651932312408,0
5,80.76975668473217,0,195.90295744022455,1.0,0
6,135.2409361215337,0,131.66417109037315,0.8775271799913452,0
6,92.17203847815495,0,257.462188907696,0.8841424221239128,0
32,5.0,9,270.53528401389434,0.029582786975504986,1
5,145.844811792151,1,240.35339904402034,0.7607295375943883,0
3,90.00042489321187,0,309.7894815903992,1.0,0
4,166.8048840563773,0,346.77255186710335,0.6909523399685105,0
4,34.23153734982311,0,261.6914289519164,0.6362482753118341,0
8,144.24982335956292,0,159.96218120611056,0.98700594998689,0
5,91.22452174298196,0,296.54199477935424,1.0,0
3,102.7900943800493,0,141.75119585575436,0.8119727212756703,0
123,5.493273916448143,3,40.0,0.014781037566654909,1
3,112.41782520877624,1,220.9911985655127,0.615342063751577,1
5,62.57697724121526,0,395.22312154025116,0.9306622450748234,0
6,54.734454452191876,0,199.3313510698865,0.9665634653778852,0
15,53.19509428586909,2,167.4114919705812,0.19731672477168583,1
10,125.1496230604871,1,272.19854093659336,0.8646773147567917,0
6,89.8998305035124,0,197.97115079581025,0.9374351622229354,0
3,72.20944621783919,0,250.7499446174718,0.9830247043393386,0
6,94.9425498925898,0,363.1204377819084,1.0,0
4,160.78662187738115,1,324.6210904642276,0.7323682896134965,0
58,30.647358544451034,0,169.68129446346705,0.1296176308193669,1
5,162.87197428146044,0,187.0813670436308,1.0,0
4,135.03621623465142,0,350.0741902515509,0.7186809513723285,0
5,116.66675064530409,0,269.286584876429,0.995124818744875,0
3,154.64981298000347,0,261.10097242395534,0.9255383592853653,0
102,11.230740324529464,0,181.12655811341853,0.10499196195347242,1
19,34.36455248187937,4,196.7834835804384,0.3020659111748482,1
4,153.84671485665464,0,282.23777335688806,0.6248022588708273,0
7,138.70954991911188,0,148.3112000175637,0.8324394621724202,0
3,111.64914747344916,0,370.5561985236822,0.9238355213961972,0
4,130.23986086773195,0,190.76464829959295,1.0,0
36,95.02470658731853,6,107.56617141876443,0.16065541975807585,1
3,207.31301085902774,0,300.7878471345552,0.8805821748500235,0
5,85.72247692485826,0,215.12017070953618,0.7065986140926885,0
4,157.06930888192707,0,229.46106910920187,0.9371854141419045,0
6,81.31381024322162,0,185.2720240139231,0.9248943432074606,0
6,132.59345566883567,0,83.39435810379203,0.6845862796842165,0
4,120.6684590292507,0,157.04552852455518,0.8877839530160574,0
2,130.4430760113276,1,197.33512973474816,0.8002923205138758,0
60,41.45950517244395,0,156.1322948896571,0.05215430507350618,1
24,5.0,8,186.3974175256668,0.7571918711121391,1
6,162.71917963692786,0,239.49304629008682,0.9943531962658082,0
4,104.12169415070635,0,367.41434623667254,0.9556991613086728,0
5,140.49190192901793,0,260.7668691741331,0.9641941615707171,0
2,84.8330638741061,0,324.2970538393425,0.731386776053151,0
21,78.57070548331572,4,179.7174083352009,0.621829536716689,1
4,90.25509752011257,0,220.82467432938438,0.8217234880125874,0
0,81.74414621638344,0,319.1651205641408,0.5804032576665028,0
5,123.69380409365827,0,280.981198963512,0.6547561648006639,0
4,117.09497218040266,0,156.10238984901252,0.7422414819350501,0
10,132.94062849416187,2,210.3222062307057,0.6648899694880599,1
2,70.25706330680107,0,307.2084364829018,0.8598831362326462,0
14,64.64935992486436,5,254.31916796926785,0.4356824900000449,1
28,46.45145260291407,8,241.21030661569887,0.16404427982623182,1
5,139.91615420561743,0,249.0369082812015,0.9801424304283783,0
4,55.18752261833978,0,312.83633229803996,0.927970998681593,0
6,180.77206093795832,0,318.4219110131868,0.9999976861391392,0
2,132.23031889675087,0,147.80428221761082,0.7799833607309126,0
108,8.852967385667887,2,218.84868463711447,0.1808632347253098,1
7,92.23172150723443,0,415.9927428933066,0.8817059892084256,0
122,5.053113527144406,2,253.96025858311882,0.18598040643050678,1
12,78.97483358845251,0,136.61748369431763,0.753789497274809,0
1,77.88926059929024,0,237.70284721875305,0.7904213654674499,0
67,23.253363676571638,1,157.27426735161168,0.12427282777149665,1
7,174.79678069740288,0,250.18342055618194,0.9086274534835171,0
4,83.31291196826014,0,213.84586239341454,0.791104411202118,0
4,79.82975898811723,2,269.32743601001346,1.0,0
123,15.167458609962994,4,186.2543359048855,0.00656935738162805,1
4,133.63578998330684,0,302.21493249332724,0.9483605769301814,0
10,114.67756498966229,0,313.2519182269932,1.0,0
35,35.87600271663133,4,251.02987092408563,0.6304798142030885,1
6,96.25375641399562,0,125.01142535969288,0.9558913200309093,0
36,95.06596815642787,6,225.90746417448818,0.32564240857601423,1
51,12.522689251561443,0,187.55915120936848,0.06968821154549959,1
7,139.84904262632554,0,316.96340656731553,0.6263097288001573,0
35,21.120498764164406,3,185.14379543239008,0.6019521169990873,1
15,93.8668119689865,7,300.4181470724721,0.30392271536931215,1
108,16.324947495908248,3,149.9969722168169,0.0376824726396552,1
4,109.8355833151358,0,352.84802892889087,0.6705864581595627,0
2,110.95891743529519,3,291.25380381129054,0.6290621159117881,0
3,67.21003555075734,0,145.216276697656,0.8910494627844422,0
1,136.07566017075672,0,234.1768670476961,0.7436269439854424,0
7,112.21999608350997,1,182.6744690985682,1.0,0
6,67.22673136332048,1,338.3886612076943,1.0,0
5,93.66654030593426,0,315.2390793171429,0.9835669831215783,0
7,125.7559768220991,0,236.5298169145041,0.978663115002509,0
11,116.05060528201719,0,297.39152850652806,0.801235577743196,0
17,83.89388845033473,5,209.45242028020138,0.46839844123718344,1
34,89.98251073789308,8,263.22686429427137,0.3248815696795109,1
8,123.25910184515816,1,242.89174482655727,1.0,0
8,228.53067381877185,0,127.48986942101894,0.7491963193018366,0
2,87.77039710059152,0,145.65356524317085,1.0,0
64,27.75181456823107,1,252.0994483163835,0.1632566067176566,1
4,137.55313656948542,0,271.6844168121622,0.9492650782064777,0
30,42.398239030903504,5,176.05021407139088,0.2620872568494729,1
4,169.31674589995077,0,241.69004347691083,0.7374921482287815,0
2,149.6619430937089,1,108.89821256077141,0.9744688167133382,0
26,52.1990086081941,6,253.58296221386712,0.33422084811409586,1
7,47.85395270497156,0,200.44036813482984,0.7270216237331053,0
20,97.92559027167134,9,218.4559534339984,0.0004112535106894022,1
8,100.82923629487041,0,240.28275676082737,1.0,0
12,49.20183154732496,1,323.3164505959722,0.5808837046592938,1
5,121.67974448747975,1,256.07318415755543,0.6355876641627305,0
2,130.864672850561,0,338.78716584110873,0.9313339966282138,0
4,138.42049088951666,0,447.881384909595,1.0,0
9,121.05872503686159,1,327.2397815533322,0.9975140954520593,0
6,65.9261170164661,0,324.52146954458965,0.6915302689663112,0
4,131.7373131191663,0,292.8067688336807,0.7414290285998058,0
14,40.81369631495246,3,178.2367001138877,0.40417869765893605,1
4,119.55147916708407,0,238.20214903648872,0.959301437481489,0
24,42.18395714906525,3,40.09627195071083,0.7150915013869447,1
32,17.25482105556662,11,112.27694305647623,0.5650125090772007,1
35,57.4568666323133,7,40.0,0.38549626465583087,1
13,97.50429736737398,4,270.313199921349,0.42945178452241944,1
4,127.23703251460114,0,387.4604880471091,1.0,0
5,108.53238441126399,1,284.71424110313785,1.0,0
70,7.653988195660292,0,118.29253549044412,0.04987088121881541,1
8,143.7884337300596,1,127.27654599347615,0.9958369230068218,0
3,96.07604483898326,1,390.5942294237742,0.7138784776646768,0
6,111.67281922381599,1,176.4927986431074,1.0,0
30,52.13253416806432,5,281.3390301041376,0.4175159461070421,1
130,7.220287035923834,2,116.88059301511451,0.048070795017318174,1
12,80.23422204689375,0,328.3476821234073,0.9554226487560153,0
5,83.86380699946872,1,230.1836472664667,1.0,0
4,148.0001572153318,1,265.7968278065824,0.9543643053294876,0
3,75.76006841876531,1,145.37540691452526,0.7915681186523538,0
8,155.94754638041132,0,318.19683591821195,0.9825831284113119,0
4,72.33347809534405,0,356.3510635062375,0.9642656312841864,0
47,39.703337460940396,13,197.11669635461888,0.4320215796131586,1
9,161.95111961095256,0,277.4573884748102,0.969439467020892,0
8,106.19949750341263,0,477.4322573369086,0.7627670806944932,0
5,104.86148290276941,0,266.07773172202735,0.8291986973229162,0
3,154.38785303391177,0,162.11095869445873,0.8352702981095171,0
4,123.61486226683336,0,278.30185902409875,0.7055693065226597,0
2,95.15420680953568,0,230.85730150768285,0.9813217895216089,0
118,2.0,2,129.26405501508745,0.0,1
8,75.83808676674607,0,411.60358951182764,0.9878331774697346,0
44,72.38211270237626,4,202.50268022125564,0.5465182325215677,1
3,185.28071587949276,0,263.3302279923253,1.0,0
37,29.294950361244023,7,158.47897388473555,0.035187938205496844,1
8,117.18601654438561,0,140.79745832605482,0.8820612172301479,0
2,117.58762008502373,0,309.2711168340238,0.8510294200803818,0
6,112.05487028208259,0,237.62533398195748,0.7279433953005158,0
8,112.67994576765224,3,92.69061719484837,0.4146014866195929,1
3,95.95225187594284,0,91.26165206874546,0.727224333086448,0
4,33.40340107609222,0,316.76999852341,1.0,0
19,71.3924428471223,7,156.47363543892325,0.591007704658081,1
16,101.25437183575951,4,203.92737263969858,0.6189159559422754,1
3,95.5249172771353,0,328.818802986734,1.0,0
2,131.91937323052767,0,219.34132523065705,1.0,0
3,110.9197415940368,0,307.4851885656153,0.689262278770391,0
5,142.39754696692435,0,226.19369249201958,0.82773070680676,0
5,141.3359970960657,0,353.33731493115124,0.6844883057315427,0
126,16.73371267497296,3,238.72573409590188,0.3130162864511252,1
4,55.4625743658852,0,305.7948184148672,0.8898374793324636,0
19,104.17414910713546,4,245.80523092383436,0.7534239515503525,1
4,102.01433094380157,1,234.43162549275684,0.6857506217163569,0
133,27.028899291674474,3,84.38615931926955,0.14401265133388563,1
67,17.109284790788642,4,103.49419590492164,0.0,1
15,20.45071280090584,2,214.7350115712295,0.45606890093691704,1
11,56.253414323580586,0,328.667974616297,0.7721055328863756,0
42,63.059815316364165,8,168.9508494693719,0.4220477535444312,1
2,129.0577766429328,0,327.16665507491615,0.9328313407714988,0
23,59.30599018747204,3,285.34666795547344,0.5858747216741655,1
6,126.91908555655198,2,271.749321376243,0.7290875066277434,0
5,88.49322753198253,0,85.05922130650956,0.9955882461356489,0
3,128.05811279582247,1,245.9948413457981,0.8928340521500973,0
123,26.653719909976015,2,160.8333830643533,0.10858581250173897,1
6,133.28751196238858,0,101.29280105150032,0.8771171761219573,0
3,137.3318596893252,0,234.86186873013125,0.889516655066198,0
11,83.04781469433719,0,335.36868467837326,0.9158788402239706,0
5,32.70314071687199,1,268.05210851440904,1.0,0
57,20.345105173013483,1,89.3811883275247,0.10466115107591577,1
2,43.27962860759666,0,156.78046900645762,0.690109131915612,0
6,120.10945077776412,2,265.0087218961964,1.0,0
25,69.91703040686183,5,200.97144964233948,0.542550058108861,1
8,69.38754234762015,0,118.23975546189286,1.0,0
23,18.209049719949665,7,226.15808899544206,0.5375624605495057,1
22,8.521343011623665,5,200.36088865749713,0.22812469269769495,1
6,122.28916193690047,0,201.85491734916965,0.917336174057802,0
8,138.84718192970672,0,130.4092330692937,0.5415106035503521,0
4,138.74626842916916,0,257.651748742954,1.0,0
11,199.99313349137336,0,165.91549449054367,0.8886538840947033,0
2,53.7436413352254,0,158.58008914175477,0.9409170360805826,0
33,11.566101547713862,2,227.38518299370293,0.13651883578195495,1
5,102.71098742391298,0,215.57780516053575,0.9342761498533426,0
7,184.50109575107797,1,265.1047679319044,1.0,0
6,26.778749548976624,0,273.6917784249274,0.7175576087046864,0
6,164.61020198988768,0,185.20776472765135,0.9917341820363225,0
5,154.75983688308517,0,195.55863272333178,0.9196322966936976,0
4,98.63077766356854,0,232.67417078512565,0.8421227633147773,0
4,117.64830646326985,1,176.03310003802318,0.9778101149319379,0
4,172.68681544132224,0,195.80153811076406,0.9456550435481574,0
10,99.06986860199918,0,256.07743851302837,0.713333330055471,0
3,212.9437381865323,0,322.84943478706646,0.9750162462139482,0
110,14.918602552908524,2,70.45102967530818,0.10624541177302663,1
6,48.94490482381145,0,273.4100682136315,0.6274793070552329,0
5,167.6326717519196,0,305.47392196666163,0.4887322225542762,0
5,75.69020617424496,0,275.6407114242125,0.9542317391846695,0
7,73.80530924244496,0,137.61504032291572,1.0,0
4,119.47645810847507,0,211.65556255336472,0.8657975601005297,0
4,87.40106991036068,1,88.69930162628215,0.5444098178628107,0
1,79.53396818897403,1,212.42361585805443,0.7303450794379212,0
7,90.605609532154,1,258.5878694902155,1.0,0
2,57.08901681237641,0,118.73834002092094,0.9279383768168902,0
7,112.59511389230308,0,308.2769684123556,0.6593799526444469,0
4,117.40507326409046,1,262.9181538368169,1.0,0
3,111.97832174317512,2,109.1975419297534,1.0,0
6,104.03403706896783,1,208.43029170875985,1.0,0
3,139.90144980489504,0,264.46985048803367,0.6185261344609667,0
5,104.36612432270346,0,482.1785507936858,0.7052123830342244,0
4,155.29511716248422,0,186.07513464360778,1.0,0
4,82.66301025310132,0,292.2041249463883,0.9969618035906485,0
4,144.60003672668793,0,223.5910236383333,1.0,0
117,11.269646001286796,3,150.3465756616214,0.07695477942161284,1
8,49.96301101252441,4,159.1744147727859,0.6962511479949919,1
3,79.8598017145783,0,322.95214620026036,1.0,0
2,33.665521111814286,0,220.7570925231743,0.6025970259466604,0
4,216.795614046226,0,271.4217707462962,0.8865957016051851,0
3,141.68441200314476,0,338.164785101281,0.7932576346214986,0
66,27.9241230251629,1,132.51696773231413,0.055750033525296054,1
4,131.6788009888123,0,269.30402471420626,0.4367185693292233,0
33,43.3557659026913,4,104.56980049657754,0.45754545977170324,1
134,3.8742921861106483,0,226.0681512880631,0.13936443837211332,1
3,79.50727642224842,0,280.52274059542225,0.896711294656213,0
25,85.55102264393516,2,60.0,0.6128463692009956,1
5,75.20207654386692,0,332.22212126153715,0.7528608458652882,0
21,70.80091099165129,4,256.8312360504991,0.31496839538813326,1
0,95.78393575222651,0,174.95832591477537,0.8219232212331229,0
6,51.379948815990275,0,340.8224531841652,0.7611569569590995,0
9,166.41756492872582,0,330.55424856737255,0.943581824067028,0
23,54.75244158793982,3,60.0,0.04389062325971005,1
4,159.1041908081826,0,420.3677369673868,0.7934097414478135,0
7,134.4921060447597,1,304.6939468062008,1.0,0
3,147.77109112435366,0,242.60441265275483,0.9155255810760341,0
5,166.51442572700805,0,236.43436054231003,0.678859236179506,0
9,113.54242908357645,0,166.9954246538809,0.862425446159069,0
11,151.08751523020135,0,329.1494381315661,1.0,0
5,95.58575787787333,0,314.2287535557919,0.9209329462536296,0
16,53.861731454304156,3,254.3337691510492,0.1909466257116896,1
6,65.49376978812343,0,316.2076228373265,0.9167950529170882,0
6,118.38208795059191,0,233.55477604056932,0.6426783900999459,0
1,153.16980229269157,0,233.10400017257368,0.6729227821293792,0
4,27.29720530366201,0,139.42237139618823,0.8439371377404744,0
9,142.01606422741278,3,199.16175098928235,0.42423554800281194,1
11,101.35456109757335,0,292.88669292075633,0.9504896213772259,1
4,173.0461257175772,0,281.9939010908486,0.8897156831693475,0
7,50.319544380851795,0,243.66563329384056,0.7855968482022059,0
2,113.65585388695078,0,347.97043124067113,0.7988420890308038,0
5,108.03912402296704,0,278.00660125278546,0.7853395013328364,0
7,31.242556221842666,0,225.08922918704505,0.7021134711873351,0
4,99.02939978388837,0,184.863184857217,0.9243054278469216,0
9,111.17582925826433,0,135.84187311676376,0.83434444335338,0
1,79.29181948626328,0,243.13890304834794,1.0,0
1,150.37313270555148,0,155.8770487294691,0.9260716845633012,0
5,156.02374346914726,0,215.13927419879462,0.810998769858733,0
6,71.50976788044917,1,398.3250257367512,0.7445752694367493,0
5,130.10225470864526,1,209.0517930871996,0.8309876395748177,0
6,63.81345556266132,1,132.77117567107138,0.9600335756248464,0
37,40.140877231602644,5,150.3527949641299,0.1356171999951315,1
18,93.34849641359762,2,147.66626122575005,0.3186913237316198,1
4,258.81467321631715,1,214.76146674074357,0.8637497127875484,0
123,18.058369614817977,1,209.49725984422918,0.08226884460622304,1
5,109.73279477030886,0,315.8227592766575,0.8118830464041943,0
5,37.02772547696652,0,167.00654447069263,0.9421147943675701,0
110,33.26131347203785,3,223.03543967449144,0.0,1
6,193.43042475709535,2,238.03804713419783,1.0,0
58,2.0,1,164.41675491472654,0.19545909897523636,1
8,195.7143984614265,0,162.06160845853316,0.8256708131507001,0
115,17.04613981091009,1,220.770660078005,0.0,1
21,33.72655936927362,4,265.9138161910629,0.5251933544029262,1
9,167.29595054212598,2,190.76386384596165,1.0,0
4,111.69523545441723,0,245.04538688949125,0.7253400107779443,0
5,165.58924255144183,0,308.3801214906509,0.9847089875021738,0
1,57.97264464782299,0,170.1794867704059,0.9830959446494676,0
3,108.7719024751417,1,241.479461694646,1.0,0
2,116.07085006915943,0,243.0333905666821,1.0,0
28,52.748240696246214,7,216.10389198940922,0.7351842407839297,1
4,79.19348621089752,0,362.3747389136845,0.760433216136309,0
8,89.74723356402664,2,225.43619517435758,0.362652359933934,1
0,79.43959015338609,1,227.35265614083335,1.0,0
7,92.15439059090464,1,271.331373476092,0.8267937599900399,1
32,30.570254522696022,3,40.07386803775738,0.6361628608666081,1
122,22.696352434088908,2,125.89565228048755,0.15365677308932094,1
6,75.72023565806018,0,189.75406492140752,0.8580192120608924,0
30,42.970404423994516,9,228.0931412830813,0.7410201176833932,1
3,83.73182701885051,0,431.56456327058163,1.0,0
5,171.03856558517654,1,343.90280805170073,0.7724610952960701,0
9,144.6839031264828,0,441.5655995639525,0.7436338842557549,0
10,105.65512140815106,2,221.33099385508282,0.344620747832857,1
6,133.57057798909446,0,257.59800132507627,1.0,0
9,197.71366046836573,0,393.6358636983363,0.8063231855055287,0
6,111.80276785165036,4,240.24732035451675,0.38037347060017473,1
8,108.0468288248997,1,166.53004122717016,1.0,0
7,129.547782997068,0,189.79464279538757,0.7724833848812674,0
101,20.109024723193517,2,233.36734314871197,0.033995928435432934,1
5,34.346844983460265,0,395.8745190570186,0.9283407108411414,0
23,27.63993215891403,11,40.0,0.4873671473173762,1
7,102.70971208839302,1,156.64085325512892,0.8046670054768655,0
41,5.0,8,112.54784588932638,0.0,1
8,84.99639092836333,1,163.77924004035893,0.6197512347418256,0
4,90.13381440330775,1,157.51381648409438,0.8708760247820871,0
6,153.06345234913337,0,171.5657645008197,1.0,0
3,120.53743083477714,1,236.83083517127744,1.0,0
5,191.87234825702686,0,244.79455586149837,0.8206043342690034,0
4,124.89269623597234,0,242.42997677147326,0.9441802036778493,0
111,36.16299638545255,4,225.60906101576276,0.14006562392655483,1
4,163.27550545306246,0,329.90953136758674,0.6903644485318444,0
5,60.49414621284165,0,321.9540553790279,1.0,0
3,105.69248940978949,1,274.5455790560709,1.0,0
7,106.59067177811345,1,287.93174432425667,0.7985308015127841,0
7,53.9904312476591,0,136.68230243865855,0.683411117919477,0
6,168.60413920339104,1,172.65391602266004,0.9014433440631918,0
3,30.613099645729864,0,289.2091137531055,0.9007913507984555,0
126,15.694776669965226,1,262.09559033128284,0.049233602919022595,1
4,172.14878614803533,0,193.74027675150225,0.7301429160034557,0
3,133.90387556344015,4,226.7429054122421,0.7700173275125952,1
6,132.41946021614817,0,276.72719647605874,0.8357635623548241,0
2,230.2871400468705,0,141.56084343567153,1.0,0
133,14.969130763078565,2,40.0,0.0386284274807707,1
62,25.09360872009533,0,97.4091754998491,0.017486646407294155,1
26,72.73326877879887,6,220.7331668064508,0.06070870414268184,1
2,94.31506385972722,0,302.0301883898936,0.849287204205519,0
38,29.07808553155235,12,156.27665232037617,0.2663354852316685,1
7,120.4512587631047,8,174.40102318880727,0.564657139748904,1
3,157.40993953532504,0,232.82921220673379,1.0,0
4,113.82504268916387,0,392.9220836108709,0.6937495867057908,0
56,28.89081336818792,0,167.4022888042539,0.09404159467507602,1
3,138.23089944117507,0,162.3833983958754,0.7036095214515712,0
5,125.22109967002311,0,327.1238685968307,0.9646267220133857,0
1,207.2074311288801,1,376.68025642670034,0.7384198592795743,0
5,86.86067376258815,0,258.1528741073611,0.8240869601640841,0
4,183.5383686246113,0,277.9828461052464,0.8822036654493898,0
5,110.24854730264748,1,290.7660102455687,0.896607239652493,0
21,56.573686687753025,6,326.3066962130442,0.5562216214142989,1
5,91.91975780070604,0,323.0768900187538,0.7071507299485323,0
39,56.181193324524095,10,253.80238270243925,0.4295881353809259,1
8,107.2343851955928,1,151.25353719855224,1.0,0
6,131.9601745200824,0,215.33684851723893,0.9945372036476624,0
7,70.06785202055272,2,229.0615925531055,0.6335773371601555,1
113,2.0,2,158.07775661622992,0.06716429205308594,1
12,134.67484317726672,1,178.34001281270963,0.17685723881592724,1
20,63.11658471860263,6,248.60773997115223,0.330666360499891,1
8,110.69842684901656,0,338.3001605793612,0.8148350358228794,0
0,137.14588593852125,2,279.2572366987473,0.8354249630193245,0
4,62.412389937226784,1,261.981508506368,0.9139806071178639,0
8,111.41167933569915,0,108.2168230578674,1.0,0
7,150.84114223368493,0,299.77721013966,0.9186037353360595,0
4,88.69232283494283,0,247.37741053748093,0.9008927780975562,0
123,28.090835239954256,3,211.12873501825774,0.0,1
34,87.62797397266225,11,138.9056006035871,0.17816437546715774,1
7,106.63088095320637,1,327.84150944633234,0.9687661519079994,0
125,5.260640743440744,0,114.6020496908796,0.0,1
7,97.49068277821586,1,282.56195017352087,0.7814463887494992,0
7,155.96566092951838,0,347.32144105979427,0.7057029894518171,0
3,58.33774651091008,0,100.54879619146861,0.621108998605423,0
3,118.06013849423378,0,213.77963126650639,0.9248906352531081,0
3,123.40051899808866,1,353.8241275200976,0.6748326430510921,0
3,140.3151783436478,0,299.0237364187035,0.7430028839494267,0
6,129.07020942341842,1,332.26482859163025,0.5100997686018276,0
5,143.2357605838088,0,220.47001348887184,1.0,0
9,40.435426818592234,1,363.74197386559,0.6924411036627068,0
30,50.741938315153405,3,245.50691946374903,0.5849026321720002,1
19,53.55460906104464,4,172.12408387177092,0.911931001358476,1
120,9.952850435525043,1,65.89799480349397,0.010118403340179761,1
5,110.51814797048999,0,244.53296637161878,0.8135510722535718,0
2,191.0980196784934,0,209.90909870384417,0.729559346107635,0
5,67.7108353317123,1,271.0482238449626,0.8619777050549589,0
4,88.88429378965525,0,159.36964420346862,0.9543172155380033,0
5,177.54282738636041,0,303.0396904006234,0.7591641184059856,0
4,150.95690591618666,0,381.98805376794246,0.8835386647349395,0
7,82.997109235125,0,311.7900851888877,1.0,0
3,131.63517005321197,0,238.54314936702698,1.0,0
41,20.39759723787931,9,137.8896433049115,0.5081614907171887,1
6,85.71770252359379,0,194.2568029038519,0.8896978160856076,0
6,63.62146506930395,0,265.13244107752774,0.6217939963853977,0
5,75.45410811262246,2,241.63681184135828,0.74216664269384,1
5,87.71377083589145,1,306.0867394182279,1.0,0
109,5.210818139249676,3,224.23578892984196,0.06732643946702385,1
7,175.53920300806618,0,367.57640741220365,0.7579779293548212,0
1,90.27157052626109,1,150.0893434421665,0.9872859902995833,0
4,110.89440554269862,0,311.0491032289599,0.7073215302363774,0
7,72.46202191937533,0,175.8333859088389,1.0,0
6,175.73521700212817,1,149.44315774763314,0.7430890606271013,0
5,107.626994673437,0,91.81918222571566,0.6715652628972836,0
7,172.6567022239488,0,406.4961077419013,0.82693526101871,0
5,123.04769822082584,0,249.28049958874655,0.7906083966464582,0
106,13.949411093793739,4,120.68391872949458,0.0907408413370681,1
128,11.670450573249978,4,91.70180232298414,0.23249883422207995,1
5,57.760373599768286,0,363.3951510318465,0.8299021960462766,0
6,121.9535981365719,1,286.7771601260496,0.5915608220187402,0
6,127.5126726007841,0,208.45173402425183,0.611914530034732,0
2,98.04674345326602,0,339.0279138585363,0.9957587062158296,0
9,96.88316592000746,0,188.07917612087982,0.8899354447075675,0
5,161.59123453566576,0,198.28352391477316,1.0,0
7,78.5344564371688,0,150.8614161263213,0.9695232525884115,0
8,46.528120740206624,0,327.6134966825318,0.9970468210460358,0
9,90.01813707025678,0,149.1862890646931,0.9074207420341518,0
7,106.60476991761577,1,334.2372919543914,0.8928989889775829,0
31,5.0,11,115.6008374649098,0.2919603851214872,1
3,132.70459784380932,0,227.21490952277043,1.0,0
5,185.0065767842981,1,209.84604151910654,0.697740070327167,0
7,89.63473441018934,0,343.8801366775441,0.9075065650176172,0
6,143.90326781894333,0,155.80478044416165,1.0,0
8,143.42145107837058,1,265.4607076449212,0.8204347386864517,0
19,43.61461508709924,0,201.037449659792,0.34663509334767817,1
19,21.78450659508885,5,333.2450158116323,0.6283127641571327,1
18,23.1781075795828,6,166.62963801424962,0.06460828508436692,1
27,56.66801562523667,13,125.94018647523419,0.29429023745211685,1
6,99.80817161150203,0,123.04990707975192,0.9679287074101682,0
2,178.5447864716536,0,176.69084159373654,1.0,0
4,129.41934041101692,1,223.73338648290738,0.7997251819676033,0
32,12.061247913211195,15,103.51054063125875,0.3031828723182208,1
8,89.6815404991989,0,376.36983263038684,0.8829470461227844,0
18,58.647741933705504,8,147.19764861545397,0.39469543978794286,1
5,147.9073358392885,0,273.4053945642843,1.0,0
6,166.1832895662247,0,60.0,1.0,0
6,117.00366727981448,1,143.5992566760797,1.0,0
10,137.0050784345333,0,243.40753524475073,1.0,0
6,139.06322515603364,1,144.0101017981476,0.7705585313457529,0
4,158.99953220421398,2,319.06127950934774,0.7092785305026567,0
123,18.562085224803067,1,136.9044412876918,0.0,1
4,113.75094945450445,0,389.88471841973484,0.7588827820015844,0
3,41.601010036783926,0,276.20438156759,1.0,0
10,121.4757796502395,2,126.16798798373966,0.34665631264461155,1
9,145.67605678018714,0,296.50801546670766,0.9347516712317886,0
3,159.34446054512978,1,331.22809063590233,0.8342099309557653,0
6,130.1945965364487,0,252.54185058922437,1.0,0
5,107.95756737979806,0,177.26576058571789,0.9781418693801421,0
4,156.16751091843398,0,169.72922496355378,0.6897357608242469,0
7,122.49849130679905,0,339.1997411814858,0.9104061626758115,0
4,124.19394116433999,0,283.42279470285524,0.6477442643857972,0
4,73.15236909545929,0,328.3243860139651,0.9412944254206325,0
7,132.1391484695064,0,299.9652652569453,0.7431893876589761,0
7,134.34428023012694,0,330.79137457989896,0.6935934725099316,0
5,153.28730439086002,0,228.33871488685028,0.9371146482600331,0
6,126.58017919610431,1,234.63663322724497,0.806931129055242,0
4,118.38770144672158,0,60.0,0.8050853986481351,0
2,134.1294835696074,0,263.6798964499593,0.7123642912475316,0
24,42.83731223796035,3,244.97782346163862,0.4175806901336946,1
57,15.821762893642353,3,117.13090768897415,0.11238997819400413,1
6,135.19177340713304,0,352.8913269058823,0.8666376579636962,0
2,144.44112254617832,0,300.5074357350211,0.7285606349214298,0
3,196.94762717241042,0,351.7047281904198,0.902248980487897,0
8,151.45449080987248,0,245.0338595458576,0.9036218435398671,0
33,21.31385628296034,6,252.2131584063786,0.0,1
5,125.75587811002455,2,342.6691325747425,0.933376661111975,0
3,218.61079123367477,0,207.977110807365,0.7149999491589897,0
10,60.98588640187042,5,192.8638014305962,0.2916276843748625,1
4,114.94367112117295,0,141.62307154902217,0.9248132076209018,0
136,2.3479715649512523,4,222.7171991265043,0.0,1
4,151.0962490507628,0,231.55036320543803,0.8357696966089609,0
4,92.42998214800926,0,282.19134867979767,0.922277440528375,0
5,100.79909652640532,1,217.09430121917072,0.6675876498361007,0
6,166.8685489740719,0,288.4120812957974,1.0,0
6,124.51227651437426,1,255.95305741071186,1.0,0
7,141.97447079516195,1,162.35093062679306,0.8125143917121992,0
4,126.35257349394824,0,332.9291577445622,0.8873056995894117,0
3,124.50060802540956,0,266.40462320111027,1.0,0
2,113.22335021583,0,258.2480391715434,0.9562730628744904,0
7,79.17290864172406,0,370.70071572327254,0.9871645925701434,0
9,171.42817470150746,0,313.64582781454027,0.7532237072915874,0
16,31.495896940742174,4,79.65543353552104,0.38555448947664145,1
35,62.960712675155804,5,109.77914586306349,0.7203821987498256,1
125,13.7271700380545,1,265.5279860800625,0.1555718572750731,1
18,64.97322872155175,0,201.13038567139554,0.1728127470970322,1
5,119.95852091928059,1,228.84901226792658,0.8159930340525192,0
133,15.469045310017403,2,40.0,0.18140511481498522,1
5,189.83455241073375,0,197.86652560796074,0.8382713378859341,0
114,2.0453667556127586,2,110.23461513066367,0.08656659309010825,1
7,142.19796635246794,0,216.4087634513626,0.986577657009821,0
6,166.1533517856518,0,246.4832659744729,0.9685695565104371,0
6,189.0338245099794,0,357.9920953853336,0.9613469498529863,0
6,114.73240352229023,0,282.66888777630436,0.539707188960811,0
7,166.75909797523846,0,276.49263365903954,0.6658664959089258,0
2,89.27595793604767,2,90.15787556645162,0.7280677886969364,0
11,27.897019846105206,5,184.89093784077951,0.6953078761660776,1
7,132.62011175598101,2,312.77967841395923,0.7427015324898961,0
3,122.98970630554635,1,355.9242272941603,0.8316720749256757,0
4,212.21366644449,0,180.90670037283303,0.8051604550908469,0
7,206.9425380356065,1,150.14746992069874,1.0,0
5,168.19560049352404,0,166.16558576023053,0.6341779517419678,0
4,84.00908290945826,0,118.72867671928758,0.9519557081824959,0
4,191.89891914189886,0,327.7966246005225,0.8995015127495474,0
2,50.27433553178944,0,215.67945600004,1.0,0
2,225.68503940849632,0,287.442974338413,1.0,0
10,126.11823032035015,0,171.18090311935563,1.0,0
2,116.10808297194579,0,350.18405651472295,0.7500447324601648,0
4,226.58449292954035,0,292.30645507201916,0.8296343286556653,0
18,36.81780573748575,1,333.87514059306534,0.17276678901559023,1
9,77.36176192137081,0,263.8790267456207,0.8841854004915184,0
4,164.90985038895212,1,194.43495886332389,1.0,0
6,128.64537614080731,0,231.49827785330683,0.904239131845506,0
38,35.27909746105325,14,40.0,0.13732980841317788,1
6,219.0830465109031,0,278.1410866419448,0.9219864932228898,0
4,122.00848467549844,0,326.59694878852923,1.0,0
2,154.63342793237808,0,81.02350294819331,0.9180490590978279,0
4,116.27443861855475,0,173.54634641153214,0.5574397585887219,0
35,31.59688284179092,5,188.72847901044736,0.4605650858267948,1
26,130.6524894385196,0,191.32519420505076,0.34457243831246337,1
1,197.92939981335033,0,459.9766278536969,0.7132375087659452,0
67,12.747278327665406,1,214.8691891858934,0.14746218123388438,1
2,121.12247266414184,1,335.4015444167554,1.0,0
66,8.745165247782458,2,75.58603730998635,0.07374099745020408,1
29,63.2378874789269,2,292.03416572920264,0.32697575038748133,1
8,97.5156690675841,5,175.25691507297296,0.6184051178010916,1
5,119.91923811422522,1,345.8449611440262,0.8254703980305044,0
8,91.16930550420147,0,460.25343252249786,0.8687016320175375,0
6,191.726745769919,1,320.40288553146576,0.8694947507873739,0
6,144.49784524605215,0,331.3258740361155,1.0,0
5,162.15953281423722,0,156.6335291104596,0.9368929187640938,0
28,56.91851290437595,10,185.47024177728645,0.13359557602866945,1
147,20.475202698121066,2,66.42514330282926,0.19420220039923755,1
3,81.31693666166905,0,155.11336314589065,0.8602918479790413,0
8,143.67440853564227,1,232.38812092387178,0.8685031094782723,0
6,107.37738996782194,0,60.0,0.9739056538462628,0
2,98.85157756721595,1,245.905944722086,1.0,0
11,106.70513451693496,3,96.87938604288996,0.37959609146148626,1
2,133.17496382028776,1,348.4705039286699,0.926846254532609,0
43,19.42614636101386,9,366.07086737352523,0.5281858947159087,1
30,45.222010987424724,11,185.62642749724537,0.36997093478937837,1
1,81.86256034317522,0,214.83747813881834,0.6267301991115533,0
6,190.739454204463,0,184.67276550914715,0.7949836349859585,0
6,80.5971704543845,0,183.17076291868756,0.788439015088939,0
3,174.53505658913247,0,283.3966476889931,1.0,0
27,25.490315702372204,7,296.58842461280307,0.2992835321298521,1
115,8.229484309857945,5,65.89621849057748,0.20258633387771996,1
17,84.78969384056803,3,254.77276326587148,0.4196854821753887,1
43,19.913151790958263,8,274.525817235587,0.5552254018237478,1
6,89.75889207943891,0,371.49733924587025,0.9827601193223876,0
6,75.86338828137157,2,244.0631166036329,0.6779585442137711,0
1,81.40315966315084,0,281.384160850455,0.9814718579819505,0
3,116.81256314603718,1,357.3277412498032,0.8206983519607047,0
122,7.855718785039335,3,229.6900329553522,0.13814292228148184,1
9,185.37381431607753,0,187.1265243062655,0.8268308963601961,0
6,108.05464999692832,0,225.91656411367342,1.0,0
5,92.07864552669237,0,264.2201921018785,0.9225910963883678,0
109,11.652430798623836,1,240.13207141869563,0.09680009496652801,1
66,6.300575129065149,2,226.7389639007278,0.11560272421984158,1
9,127.01913988839691,0,289.2863007871149,0.7013430792087627,0
8,148.9691972858245,0,136.20370594721615,1.0,0
5,109.40615613197916,0,112.25058273959341,0.7935783840946194,0
9,60.22883747615466,0,345.23870535067425,0.9268669883687801,0
6,148.22135654660767,0,191.70456502751398,0.8817194871972576,0
34,5.0,6,173.60283817605645,0.27644807854331466,1
113,11.017404063117521,5,40.0,0.0,1
4,47.91005378235316,0,207.46560562648781,0.9183913924832878,0
5,190.91541270105046,1,269.95175082648797,0.8828052787147672,0
7,60.637067329499615,0,191.80840221740442,0.7415396394995225,0
5,190.7890694060794,1,131.88721097935743,1.0,0
3,168.74923878961783,0,144.08333856501338,1.0,0
4,152.56874853204437,0,252.11377992809471,1.0,0
72,21.154213365354696,1,66.65740404866473,0.0,1
2,102.4839033216585,0,253.3104087573688,1.0,0
4,139.3921742047302,1,271.078514355151,0.9921500740394537,0
4,94.32426322702645,1,422.1046010832484,0.9649589281683064,0
7,173.68629783528573,0,276.2215742445687,1.0,0
3,165.14522370930777,0,326.63383562357893,0.9633894210058958,0
5,103.68557684445693,0,222.958589497808,0.9324202002615974,0
6,163.08128512368404,0,207.621521484088,0.8850605361667888,0
9,92.36399820023799,0,264.3832023440303,0.842179942680159,0
3,140.0135576912164,0,280.50939042599737,0.8920009775628037,0
3,121.31221018627264,0,291.5797400107058,0.8002283358692414,0
4,67.4672963405629,0,335.7670987209797,0.9650381822086399,0
6,105.8526852270308,0,98.06372924484366,0.8934779146894664,0
0,154.14043953190205,0,256.2254148545591,0.7578999337707435,0
119,26.47623206516363,1,133.7304023191601,0.0,1
4,90.4572505392095,0,354.0462410450538,0.7617039955130448,0
4,176.61414807197724,0,307.8492282183483,1.0,0
4,144.19087035399176,1,250.86731748526435,0.783509815884044,0
7,149.73710755285518,0,356.08143183044206,0.9110593006483625,0
39,8.197153799993504,9,242.26731334761743,0.0,1
5,102.84150546356145,1,186.93278233034624,0.7181659587583834,0
6,138.36431665980493,0,150.34071623720652,0.8888426854850529,0
5,217.83922742618805,1,224.03900653175378,0.7486999291424566,0
30,31.82653831925201,8,230.6440212888337,0.3677861030181631,1
120,8.735225219755584,2,246.0105098916205,0.15914672830551613,1
1,111.4511153725967,0,60.0,0.8438073391846073,0
7,69.46250702035661,1,230.72079687740583,0.6516394764470769,0
10,126.45457889317397,0,181.1579686071215,0.6310709316501085,0
3,140.77325559302201,0,246.29693664985433,1.0,0
5,89.71895522461845,2,276.84961125431016,0.777454827173117,1
6,175.54425233786083,0,294.1841930933033,0.9667443929292446,0
6,76.20737028837199,0,288.061184521817,0.677427565988941,0
4,186.94911124458062,0,299.1650067475401,1.0,0
45,56.99507969274062,11,195.03158228780393,0.32949216844210755,1
3,122.41789209340304,0,455.180309009715,0.8227504831670773,0
2,215.64633412723967,0,288.59266861797914,0.74931631360129,0
3,78.00569278019839,0,127.04386939055496,0.921905951611419,0
5,110.85874963022142,0,290.07261196454505,1.0,0
3,110.69141178700576,2,213.57546767229067,1.0,0
4,86.0292995853739,0,129.96749780047801,0.8076437007960825,0
120,14.088209072307372,4,236.36148929296206,0.10194936664384548,1
0,157.8281633425022,0,246.10463814227637,0.8679944054915926,0
3,90.24004086994405,0,319.47567105415544,1.0,0
4,121.33318545489381,0,247.98987912508935,0.8435931684025727,0
7,107.19126354365928,1,244.78299914971254,0.9159484322876983,0
8,107.43320107507441,0,203.888511664019,1.0,0
4,106.64449653399977,2,249.03403350329967,0.570769032882858,0
6,15.139503452183956,0,177.1441043980089,0.5683476265509952,0
41,43.49728649700143,5,49.096210607887016,0.05104490264444799,1
6,144.33942709092508,1,366.24892070384055,0.7304679856178551,0
3,59.518812515163845,0,143.4945452576428,0.9670005494033137,0
8,124.27611746742106,0,367.9392650195646,0.9423138717968275,0
5,139.15446123692269,0,208.22080103204271,0.8600575794664198,0
127,15.277135614957725,3,204.15504567912512,0.04428587782357664,1
4,102.10597884912269,0,218.0803206069479,0.7965615572939778,0
22,85.15016716566812,6,60.0,0.11481034397631738,1
5,43.6360126219115,5,346.5743500971557,0.7868848102625664,1
1,73.90169300860185,0,264.6576476735729,0.9054581831637817,0
5,96.30841423755065,0,454.2586198750518,0.8106533064528808,0
4,118.03169158460604,0,182.60791994364172,0.9308293745831591,0
4,150.40164527786644,1,185.11271372945453,0.9589804206718394,0
4,147.12180143349937,0,202.61117287053557,0.9224124738127575,0
3,43.185541084708625,0,261.2261351622266,0.8697964192757303,0
5,28.0451871151557,0,381.5115117990345,1.0,0
4,80.60378035520304,2,434.3176863721974,0.7944178982222931,0
3,127.08131291041411,0,316.1755351545268,0.9923690177540931,0
3,50.84794427706263,0,161.17702506501513,0.7564654246599215,0
10,99.95222368656185,1,159.40655596562186,0.7539875677250397,0
6,94.4622126863611,0,231.64732777814916,0.5560862144813864,0
42,65.24642152144762,7,83.69578917053418,0.09843126562149897,1
3,214.38343463900384,0,228.84065928496474,1.0,0
7,169.18631462387137,0,184.27601279491077,1.0,0
4,167.1286533269538,0,314.2478447888229,0.8203587879176456,0
6,130.71596731260087,0,203.10520007452172,1.0,0
7,115.3122577597926,1,247.0281610252098,1.0,0
3,41.558538986674634,0,260.28566340639543,0.8568477461575538,0
34,67.0720177590253,11,142.0291005321244,0.44298118052770447,1
31,36.89532115400778,13,61.8695367375568,0.37812183057279136,1
5,161.70237169853996,0,213.22570731182975,0.9135934415776442,0
101,17.762103809943618,1,40.81021683158219,0.026051535360455402,1
4,88.71869877108985,0,288.26162534440454,0.9670911384826947,0
4,127.79175316059604,0,228.15934174654095,0.5881643986411769,0
4,129.73033134174167,0,189.34275174151895,0.8255610090466419,0
6,144.3151585093911,0,122.27257727552143,0.5413972232436057,0
19,71.24051525113552,2,189.3770354310322,0.6238942697291544,1
15,32.87212276968908,1,223.0529786075045,0.7673635984216849,1
5,152.48804305671396,1,251.13217020767317,0.908718343719275,0
6,150.17723519985327,0,88.09225028568304,0.8991318006493855,0
2,73.41123432335812,1,155.57000852992164,0.9453680900436977,0
9,112.26811315359019,4,223.10374563086873,0.9122130232472127,1
62,26.016774269595935,1,50.32914816768579,0.08507520520813283,1
6,223.1758310026085,0,222.31573715755695,0.7154623371383282,0
3,172.55899835507557,1,213.4799072161637,1.0,0
16,78.8684683386376,5,266.3035522601803,0.3633426687866145,1
3,130.1948059264389,2,254.27233535156978,0.9859603778843515,0
38,57.99551879896386,5,108.40499898257892,0.7948680849277034,1
5,114.77834350747206,0,361.56723483800624,0.9875987403396881,0
4,33.12840888280217,0,309.3732272965276,0.6739323674078168,0
16,77.75578046827677,3,170.04763415122827,0.3494802423566735,1
4,153.88016885702666,0,340.86331630612824,0.8607910918305437,0
138,17.45911581294022,1,95.23306872740584,0.0,1
9,23.911596072510655,1,292.1956743016508,0.9530118504703027,0
4,158.538234868819,2,211.30484172339783,0.8368817109873942,0
7,135.05484442182194,2,257.3537010774642,0.9455291884372349,1
3,203.14952920062981,0,263.0160294113592,1.0,0
27,55.93682111307245,6,170.1009753159185,0.35707595561459676,1
8,101.31181104677896,0,331.1032851730608,0.5564570798308474,0
4,130.19878324064544,0,296.0021803848039,0.9682649545274136,0
118,21.15859550801146,2,68.87051478147613,0.0834907326783726,1
6,52.738696329529134,0,226.99951389327424,0.8945014911154777,0
3,104.45647244814992,1,265.4680863897,0.610541865276039,0
2,92.9005290575917,0,263.57173860843966,1.0,0
120,22.547501369288813,2,223.9417961591367,0.025691725094649776,1
3,159.54116579399073,0,195.20929348190717,0.7654335928031641,0
6,126.43654829733708,0,268.6923588617418,0.768996244195137,0
2,148.50043747744198,0,60.0,0.8886260952006432,0
5,69.01233989425555,1,324.00126597692196,0.7695771627053312,0
6,51.44130301384741,0,329.288440735003,1.0,0
5,141.03411604562987,0,316.54719118254536,1.0,0
6,123.68637137092398,0,228.09554719942517,0.7159135029602033,0
4,137.93355020653084,1,252.72247622150826,0.9447120030170961,0
127,3.9906158273887327,1,103.27621945721094,0.046564177823665766,1
6,110.02962185857373,1,361.58018536095176,0.8642756997929201,0
69,12.304251903876832,2,166.13124273160338,0.13620531575861056,1
7,10.0,0,355.27259962495407,0.8101580027138966,0
4,130.6504686567971,0,157.9325969207328,0.6817041470454385,0
121,24.707106888422807,1,117.78338839463025,0.07612256743306789,1
9,105.270699207187,0,203.40359588089635,0.9830075438901563,0
8,156.0665756455141,1,291.99062744098717,0.9680527626305109,0
4,119.23273186901082,0,121.09612451949562,0.8636723016903891,0
3,100.55811676383178,1,343.12118931909004,0.8914400365513491,0
8,170.58659033665668,0,345.2331357619152,0.5477534787860566,0
8,85.24934418426665,0,162.16840669485322,0.599250390413736,0
103,18.7423814939984,1,138.68750471972135,0.26049362993409314,1
114,19.415967513461197,2,140.25032334008955,0.0,1
1,92.31754468547062,0,340.1099103559218,0.7966704698065683,0
118,17.598537342960505,1,253.8184623395453,0.0012160575266717212,1
2,198.61616920604024,0,345.1465357721965,0.8562153400088803,0
2,70.77047647299243,0,278.3648703453096,0.7677525609968738,0
7,91.85656530990431,0,228.0130703241085,1.0,0
47,26.56304107899544,2,58.69525405750657,0.1192467619501245,1
126,33.056463123074046,0,56.416975678662524,0.2367500405412034,1
8,105.0227236689207,1,135.25423199176254,0.5519448352922454,1
8,135.05249227799854,0,145.63972921011097,1.0,0
3,56.84480434601181,1,219.19791510523515,0.7532757070860429,0
5,80.1459468907014,0,194.67625617739287,0.8667232853729191,0
0,113.60882998945432,0,317.84245027197,1.0,0
41,78.31034412043796,5,263.45170280970655,0.2010242837633167,1
11,91.26700911898207,2,275.26196275293455,0.764784451280928,1
3,112.1253940417678,0,254.49801327430075,0.7008388324225785,0
6,91.45572863345285,0,264.4596379829915,0.6241369423757773,0
38,12.170845881358382,7,184.10681181793115,0.6740083715140499,1
30,28.410591102045984,3,221.60285625942495,0.022418581058550796,1
3,94.30000781166267,0,387.3098402547449,0.7773281101363189,0
6,79.34995501004371,0,288.947063216112,0.8050190952435929,0
110,20.767463673179662,4,185.6826823093676,0.14383962658976077,1
5,71.9954022823955,0,299.1854449226125,1.0,0
6,159.8228330444782,0,216.15787892216673,0.7976047238453868,0
2,203.02873961461012,2,222.80545522875462,0.8068285076424386,0
5,70.8660716700394,0,413.12903731362024,0.8030822515348558,0
5,122.04161230760343,0,291.7835611320859,0.8929257952703865,0
21,38.987034384327494,4,177.7155087889437,0.6816323586065406,1
7,164.56309463403147,1,251.41531371476577,0.9749319605454596,0
3,162.55508777852356,0,245.52420593063943,1.0,0
3,94.3142404512797,1,234.9364394988334,0.89301625781738,0
57,15.508436641086233,1,315.0520806995303,0.0,1
46,20.296316602743882,2,170.19845822499454,0.11268769293239282,1
0,124.25182992101253,0,168.24481203190442,0.7424242718690524,0
3,52.77243014933019,1,305.29294804877577,0.8785379362102582,0
63,11.648556373502522,0,200.54371540822117,0.09498979921221701,1
11,177.32487011006455,2,198.8470956913225,0.3961494102865185,1
5,83.89797320858574,1,165.86260692825283,0.9109033437547973,0
63,14.968495327252906,0,196.70312759164796,0.0,1
20,47.723250508850484,3,224.84483731980336,0.47584114336371885,1
2,134.6263330747236,0,194.3935008072924,0.9171266840994912,0
101,27.086566988028615,1,105.64568677224152,0.1842313020656014,1
26,78.19897650805403,8,174.023491236684,0.0,1
2,133.16473736256617,0,96.4223950750486,0.8156858445857037,0
27,61.83021204314496,12,127.10302975534871,0.07287462594191099,1
7,156.94041876026864,0,275.61755756354586,0.8023025423942269,0
7,138.04312123115517,0,270.70336187661366,0.8121579184374285,0
7,92.6655159533647,0,215.6724162020143,0.7774438366720765,0
6,150.5628965052041,0,278.5815366798676,0.6937888568716324,0
16,101.90504075724938,2,236.41251653949124,0.23713399778549873,1
10,149.62657347820223,0,333.5983892189006,0.840481227812069,0
4,136.44458753066462,0,356.32206835833375,0.7172353356331865,0
0,148.73481308076455,1,256.51014689427126,0.9516416638146684,0
2,161.5778397920031,0,243.66121660872554,1.0,0
6,133.6675818454195,1,333.60870342186047,0.9599384234137475,0
3,27.665253172324125,2,258.7155916600275,1.0,0
29,17.73035244375793,5,235.1097174091192,0.2179888428104874,1
55,31.059959785853813,0,158.95134864018348,0.15830900335471987,1
8,144.94899752900983,0,294.54974311285736,0.6203048255911868,0
1,124.41393820725075,0,75.82818249255169,1.0,0
6,122.03080018544095,1,165.68035503090874,0.6137351002290797,0
6,87.22811750343311,0,323.5214616208195,1.0,0
113,26.021402626276632,2,110.69091770517426,0.030838092200630364,1
60,8.398503619717452,1,123.58531564274823,0.13794310704259055,1
1,144.62696581353757,0,365.62708142392336,0.9488335992026518,0
2,121.77533278830971,1,240.67209811084948,0.5377317911998847,0
6,192.38552285583322,0,231.16355226031712,1.0,0
6,109.53596607955369,0,277.8807126129816,0.8997749218484725,0
48,52.32938243282565,14,168.30891703876725,0.688310707120944,1
1,103.06414714175989,1,306.82881069586216,1.0,0
5,81.16290798482879,0,360.5165072982855,0.8712858059320426,0
2,141.2612911581425,0,358.50297208519004,0.8780084346285342,0
4,69.80401053300234,0,78.25926260853916,0.7267996306837015,0
3,76.18421900545667,0,273.91053046518596,0.9596235683612396,0
6,200.59482234121506,0,196.9181634803405,0.7747456596268183,0
5,113.26665798274176,0,367.66682038498226,1.0,0
5,89.16735971200684,0,165.02461921022365,0.806508993850722,0
58,24.600782417915283,1,175.85627178574794,0.0,1
3,67.02258891128645,0,291.0333072940753,0.902057037662856,0
3,134.14875396416832,2,321.5368275264433,0.7881813761131409,0
5,192.5513488394013,1,148.04455565424604,1.0,0
6,149.6478786571445,1,259.14608691599796,0.7191824599283367,0
4,91.25366083877974,1,288.27851159921664,1.0,0
37,44.163065950366565,9,270.9788357459273,0.0,1
5,126.50489198520297,0,293.0970216843859,0.9249613054081914,0
56,37.291306374640854,2,210.62646899703958,0.06576827268011101,1
54,2.0,0,160.09110922244452,0.0,1
3,110.82783415917682,1,356.53512782183014,0.8676235714097219,0
1,152.28209136479646,0,191.1911093878919,0.8122870481653487,0
3,110.30829324608099,0,125.76972659572915,0.999227560491763,0
6,89.75579980355657,0,302.7695628193762,0.8816545197375151,0
18,93.7518210395563,5,197.11665322754618,0.6302714701566436,1
1,161.1380127686417,0,250.09628177190564,0.8537120712682819,0
8,120.6296817491359,1,161.4240982554141,0.622684546992022,0
4,170.7974707695682,0,210.82145170019075,0.9725383298513263,0
5,150.51868240040127,0,262.6644291964293,0.7912595805894156,0
7,141.3269272826598,0,241.19838561157889,0.8818298896310897,0
6,142.95435380529707,0,181.30443964539512,0.8617046784362736,0
6,51.50726243597294,0,355.36293081186443,0.8202662376800848,0
3,186.58496400519857,1,193.50223718089006,0.8162827978374201,0
1,95.24546832783219,2,357.97222130592365,0.8341956068077,0
120,2.0,1,145.09370649970262,0.11455220289925255,1
3,70.73708287803373,0,281.7452994679314,0.883902785354123,0
30,46.87899095289566,7,153.59579884345897,0.3444232153212873,1
6,150.4037903574823,0,242.0610363976967,0.8043617081470162,0
10,165.57723995779196,0,230.46028671042993,0.8396554878883642,0
102,2.8874418860860662,1,147.98668803232394,0.08828065204529145,1
10,10.0,1,230.96447591465952,0.2703306595693378,1
6,83.54202138576102,0,247.66890364524338,0.8549872203784921,0
35,43.56938337668985,10,166.42976319808153,0.4078493161157719,1
16,26.627156046357207,3,213.51845985216275,0.3896861645526276,1
68,19.60390598195773,1,208.1436645570604,0.09745854140932074,1
123,31.101212242899777,4,135.64360653313358,0.1605377005318796,1
8,122.4240489418028,0,245.99042777880987,0.8763584269961517,0
64,2.0,0,151.94299575040282,0.19805936349907047,1
9,157.677741285023,0,289.9135933526407,0.9507392364739263,0
7,135.29454580125872,0,144.7336101624006,0.92590025197256,0
7,132.03927162413697,0,279.1806611381434,0.9911917935478867,0
7,115.36811799819962,0,216.56383598307565,0.6294163217481696,0
5,83.84350986568116,0,97.7376532847718,0.8399129376231942,0
6,169.9532602245549,0,123.8557185539317,0.7960137412476271,0
3,171.06867313816136,0,302.26638292533335,0.8300306371009932,0
36,78.31730064928884,8,72.96993894329862,0.44003115286293165,1
4,117.43065820611211,0,125.70916391191508,0.8967856285884953,0
3,165.9169370826843,0,218.24092946841216,0.842936486725353,0
3,94.62798589670044,0,344.25962260634356,0.863136871126032,0
6,81.12261178515656,4,297.73263412089824,0.7867996548749325,1
60,42.425623704488395,0,214.21167247754022,0.12675233772728528,1
47,20.919793723476044,3,190.8237200109657,0.22305770136067846,1
142,4.857168606096975,1,136.66231369645553,0.2565100133300645,1
7,108.51210635807453,0,200.86867521228166,0.6676453838211578,0
109,15.651782137864414,4,66.57777708752907,0.06714980972401945,1
3,114.29601313816161,1,304.00995065352834,0.7759485460359374,0
13,38.866384644630905,2,286.7124899558068,0.5901720162090032,1
7,125.44440552032496,0,230.36604642042167,1.0,0
8,60.950298565895956,2,210.30762549394598,0.9194057897501106,1
10,123.28859138853738,0,190.93898460656993,1.0,0
42,47.126069333300414,8,217.48408520532377,0.3226486960809343,1
5,154.39265730466715,0,327.346425710503,0.7044408248155389,0
5,69.532428060384,0,250.71479800006665,0.8874593815265421,0
6,112.91292548250684,0,143.58859568539606,0.9245189600801341,0
3,87.2863778128866,0,356.1388055774882,0.8812265886877148,0
1,81.80224438558511,0,278.60230253199325,0.7531427805649047,0
7,98.05176600883914,0,362.7944907418977,0.6901923461394749,0
3,116.81746509585636,1,295.6281714107246,0.5628476850821084,0
7,59.27107180482329,1,193.04103944952584,0.8391165704515454,0
39,35.62044663776864,10,159.16452560452734,0.3735073726813721,1
2,118.41469302531816,1,251.5407166691394,0.8366083304316282,0
6,130.36137794629062,0,161.95890304535166,0.8451197339534616,0
6,98.79530327465396,0,200.26139663706454,1.0,0
21,55.65005557445622,5,250.3558262450484,0.4467834779005174,1
10,19.895656588024657,0,161.8016369455635,0.9333839794148178,0
120,2.80534091999199,0,169.6719472744468,0.11474863692708459,1
3,118.54836058459783,0,257.9732417711596,0.8583145196080079,0
8,157.40750669919936,1,251.67277108614883,0.6689368196590695,0
6,180.1564488346315,0,280.9740306958989,0.915912248476603,0
5,154.32783304851827,1,193.95554933457282,0.7799866339021536,0
7,43.3830722107901,0,202.0344019258173,0.9811421994970266,0
17,56.62838581581087,7,110.84949962502414,0.38087269692963327,1
4,122.49999462729946,0,190.08974420298733,0.9029485046653445,0
28,5.0,6,341.9670132053145,0.26595674012022247,1
3,181.22154201698956,0,224.86963374501707,1.0,0
4,117.61734758220153,0,313.43543927368313,1.0,0
107,20.810547792051008,0,56.27922694129721,0.0747292901412469,1
7,74.28402713593792,5,231.05306086062117,0.5762410586531072,1
128,16.575583385684165,3,176.99136700297876,0.19320040725509455,1
2,144.51699471700235,1,322.42524074654335,0.983780530591762,0
15,66.76797395201861,3,374.1523376976183,0.34083967524059205,1
10,192.0635151133289,0,284.9844063860489,0.9068461467775804,0
39,78.92416416935728,7,207.87637153732555,0.21287239205489264,1
116,3.4103812588900806,2,82.58003786100772,0.07953349930199388,1
74,45.63751719658152,0,111.1575542110026,0.10724083544945841,1
18,13.774884130210152,4,133.80332255175207,0.8705924040436477,1
2,79.66608392779848,1,304.50927669131727,0.953760357041735,0
5,99.6624132184905,0,158.19911500436305,0.8815437565599487,0
3,84.95569892336694,0,122.64793998355304,0.7332279380646047,0
115,14.320114115695473,2,69.94417876626223,0.15810933086733386,1
121,20.653603776950206,4,110.90155646601991,0.15956689828257778,1
8,90.54441889494375,0,219.67535230226278,1.0,0
31,5.0,6,215.22374727014375,0.1374191500760012,1
43,52.32951125422795,10,113.035764699631,0.2791217742616824,1
55,15.015441808094435,0,111.86975439058489,0.15793819927248084,1
4,162.8886157176273,0,246.04504962766492,1.0,0
12,33.14960454667721,2,264.1701074343643,0.8519733627688881,0
8,94.56031820645178,0,284.1341815361498,1.0,0
3,138.9420387564247,0,242.9746188671794,0.9509988869579696,0
0,124.48240943248719,0,271.6392158409097,0.919868039959468,0
7,113.45459172065894,1,193.14038433401385,0.7747794853675058,0
1,135.7521177345003,0,163.14491064269768,0.8420411115187154,0
8,104.70457464088261,1,147.41699677016769,1.0,0
7,80.10654638903769,0,194.9799065855016,0.9227845337889276,0
8,69.0779797163735,1,250.60746353763338,1.0,0
10,90.8397038937874,5,227.33137846554183,0.38131846758917864,1
6,108.54970441045619,0,206.39613854915694,1.0,0
7,174.97974616876735,0,356.98780184811744,0.9228935210819024,0
6,83.77379049116317,0,295.14351072545537,0.666768379973478,0
7,163.08910988175205,1,265.6689683516915,0.7033244540306326,0
9,77.04491964417967,1,255.09492553652848,0.8773868750675677,0
109,2.0,1,282.3863022500005,0.2604767457938557,1
5,106.08378447479511,1,192.4991450730856,0.8468081289091595,0
10,92.50040623715853,0,216.77631845523533,0.7025133354809753,0
9,173.70062452585995,0,277.22159150395623,0.8390364436654313,0
6,81.19717055784949,1,278.0194938241846,1.0,0
7,79.36036299013294,0,152.278511903371,1.0,0
30,28.912537941224183,8,166.73498747192278,0.3656740704964456,1
119,18.03600871657919,2,96.34256726863431,0.11776604580146158,1
2,82.48417835014534,0,223.971923103242,1.0,0
2,150.62957497722138,1,256.98727322285396,0.8122468782269012,0
6,163.49410236489726,0,437.08195055957196,0.7468736308884814,0
37,50.71687843239346,3,215.97219896721464,0.27022083869412816,1
8,114.91386565626696,0,152.14858580202443,0.9574349107005506,0
27,35.854112253714646,8,260.0851749167729,0.3365760813437983,1
4,149.1156320464974,1,177.18340224673662,0.6422253692252651,0
3,129.5298152295131,0,195.04789095284812,0.8699102986793015,0
11,143.41683921991424,1,142.86351870810202,0.8209093177506424,0
129,11.281443522130502,3,169.57822491822245,0.04339181126503188,1
4,126.5132129675985,0,304.2416152845359,0.6879592363352326,0
5,82.24264657614897,0,282.0277377529976,0.9206019755133504,0
2,109.29376087237387,0,149.3587810132635,0.6344371655900439,0
5,64.41616611235929,1,228.3756666259301,0.8861136005868214,0
3,68.46009410460758,0,317.96442081431263,1.0,0
17,90.68415561578932,5,142.8512198150022,0.6726527681012926,1
3,95.04422813934481,0,251.7230693527993,1.0,0
33,5.0,7,110.15904802883573,0.7173837809251804,1
3,104.63763424733455,2,186.49832262955022,0.7436971834136193,0
6,173.5003468088969,0,288.42455607949836,0.8653727487764411,0
91,2.0,1,254.43608425674427,0.02422550371263378,1
66,21.631191666345824,0,88.41113955321534,0.19464213319379123,1
6,139.02649236595042,0,195.94362723250072,0.845526905264078,0
150,21.20563508855026,1,175.24570263146515,0.1037761408788671,1
1,115.81656143681177,0,138.21739498357167,0.8291816801117764,0
0,104.23536726094551,0,254.84604840356258,0.8021732945559171,0
6,144.48423128570312,0,326.59510783159016,0.9379532143347227,0
46,7.956975927868268,11,85.20604478891411,0.22867193715677586,1
7,163.99839687587146,0,169.6013876290131,0.8898398851054868,0
38,39.47180202497,12,140.31631323299936,0.48842823911147915,1
3,120.29198715722585,1,178.8960700706395,0.8026336724907089,0
5,85.10328261810335,0,164.85726004145428,0.9466854595789582,0
2,151.40296797633013,0,157.2623121864708,0.6448626602567967,0
6,72.95683548572083,7,135.97046059704354,0.9761487003204521,1
7,160.07475008479355,1,276.814880250898,1.0,0
117,26.78226703296532,2,181.576702516795,0.13827785918714344,1
6,67.02273875460581,0,241.03756140202262,0.7905988132902012,0
2,92.79705520016901,0,148.66497066199713,0.7774880961635581,0
13,98.57038844271999,2,244.05996547298085,0.6262791139858424,1
9,142.67228816504073,0,304.24345208260075,0.7069144314039099,0
4,118.57175634539946,2,264.4220528408208,0.7993000515813679,0
3,80.51103063644373,0,177.75514097848307,1.0,0
4,117.76185055456725,0,348.2029638112293,0.8485949159520857,0
5,55.2265596934755,0,287.34700889170136,0.9659894208812638,0
4,66.82395461941792,0,331.69222036125484,0.8306037349438613,0
10,109.90490834933397,0,210.18722944967203,0.8412819200401969,0
7,143.35477303982805,1,234.7398033567143,0.5645059822385879,0
1,113.61318568162302,0,320.2712410004312,0.7410063129712445,0
3,202.64141800499993,0,218.36147073061315,0.7449340449641942,0
11,122.76884091908657,0,341.92664788595926,1.0,0
5,153.42061406924572,0,199.447717229868,0.8621672086528446,0
4,99.47824064899397,1,360.60417806827905,0.8271040957745821,0
8,96.14452478871017,6,309.83096226794447,0.6017775782088441,1
6,18.840740184220905,1,266.96680112513076,0.9904112589000332,0
2,80.81710927492362,1,342.7092548210401,0.7813081086907115,0
8,104.19379048865633,0,335.010083776174,0.6644550283010515,0
4,71.93527058982852,0,325.2274025417914,1.0,0
6,103.45017289509532,3,267.703742976494,0.5317860613085429,1
1,51.27683630538691,0,299.97240470119914,0.9162450846546016,0
23,40.529007052815466,2,206.00525410441384,0.6031958254433705,1
4,180.73840720631725,0,292.5304931717453,0.8390775982525264,0
6,163.1596494893672,2,116.52798600738149,0.862374143944554,0
7,251.79075152810287,0,282.6415754596018,1.0,0
62,30.25029135428976,1,172.86563767854815,0.0,1
3,126.06893333417369,1,60.0,0.8355391558834009,0
7,105.48433010226182,1,168.50524131527425,0.617475766319995,1
11,89.2302133187613,5,295.19461112523834,0.6754041915738664,1
3,125.07708749343468,0,238.91499325381704,0.8288052433486582,0
5,92.38775296608306,0,310.98462076288115,0.9085135104489516,0
4,124.26847822047053,0,106.42919258875705,1.0,0
6,138.96318403794476,0,297.82976761391666,1.0,0
4,183.98187233890076,0,246.5655436747801,0.9816368745783247,0
3,147.53822390896067,3,208.88468403760888,0.9834934067330837,0
5,142.21323716000768,0,283.37364274795857,0.9541080796647882,0
7,98.4441493452393,0,261.47984720385693,0.5618091024022499,0
4,80.43691123606865,1,144.36940405086054,1.0,0
7,149.06344607537477,1,226.06843340070807,0.8403023445916951,0
9,158.14641890585796,1,248.4743468681289,0.8920045535824407,0
8,83.1641429938387,1,286.3410035599002,0.6059949222610391,0
5,80.22580475094574,0,270.14037349868147,0.8408502547926808,0
2,101.3726173228232,0,254.60864152927516,0.7944803949787158,0
7,90.02137536802086,3,188.872634466641,0.4698199101801096,1
5,71.07163581732394,1,235.86306721995055,0.867223264116279,0
57,18.945557161833005,0,184.6074236107513,0.041257028703402775,1
9,160.3587539833754,0,144.23035757713083,0.8772444175041525,0
31,15.300182824247589,8,141.8127166600681,0.43565293315717896,1
4,163.31742901911917,3,239.0953607463825,0.8557769780138877,0
2,103.31427940409458,0,197.64236511140302,1.0,0
7,111.83430167745891,0,203.3686735739427,1.0,0
128,21.197008175629392,1,195.2936921792859,0.1873448067436064,1
5,97.62010313086117,0,282.28835323133717,0.956099341278769,0
2,64.58882895401827,0,223.89393930305633,0.5259254362851221,0
5,133.4786599661854,0,346.1170186158606,1.0,0
5,104.81125912611056,0,256.2269126915893,0.6670666847891616,0
19,5.0,8,217.637550197207,0.13989967360300112,1
54,14.332136966675165,2,151.64053877402887,0.1253394204400599,1
112,9.835562080254538,1,176.5920350592306,0.005751408911694312,1
119,15.054113409547314,3,78.95040975839673,0.19520721462228913,1
6,68.40259397191873,0,162.11489528046275,1.0,0
4,126.50586464892,0,142.71003977293344,0.8150144162064868,0
52,51.64668689102548,9,40.0,0.26930659565598586,1
3,78.01015777283335,1,276.3699809770261,0.7519583280506735,0
1,79.40192926912152,0,339.9490522831066,1.0,0
4,101.130593868125,0,322.85831547097047,0.979009762541401,0
21,99.22055152216134,5,138.60911882321554,0.2545801977413622,1
4,76.25519461424541,1,96.80401601517715,1.0,0
12,51.066167867776414,0,182.5226781734388,1.0,0
23,8.606966431781533,4,168.35709540662245,0.4498689731552209,1
8,140.69093936651473,0,190.47601373501558,0.752366983671664,0
134,9.761452414529725,2,122.05333889170095,0.06862773114428132,1
10,154.5754565719377,0,76.22990767429502,0.8284768021207374,0
4,91.67668459110432,0,390.68265925440545,0.6590730437019573,0
7,67.59104489030422,3,232.19769478127512,0.7053015289519208,1
6,127.68033138251788,0,160.1688766751908,0.9179749214327911,0
7,92.38817309691025,0,237.34123129649566,0.9093333229934681,0
3,53.013534977281545,0,270.10203578565637,0.619724684943146,0
5,125.9766922017257,0,232.53016266589646,0.8737711532263506,0
32,26.432876248367187,10,107.96060797427225,0.31387795218268505,1
7,71.97385446503236,0,333.13179816041065,0.7951196587033842,0
4,76.55075707721002,1,323.2117136460229,0.8887099321467619,0
2,123.89336601641546,0,165.7942913437849,0.9111594276188373,0
2,87.49587962548384,0,134.0578104471014,0.9135870262879605,0
32,38.646289616658684,8,222.9905544089172,0.18025224100500714,1
4,120.68103839899167,1,288.86712267831064,0.6090155497618028,0
58,24.56918995528248,0,184.24668242890985,0.08548383087081834,1
7,104.62524221441842,3,227.94939031405482,0.3908674191098251,1
11,105.35227371153572,2,215.87332018439642,0.4657571630342664,1
7,91.7566836163556,3,60.0,0.7586240247742798,1
6,120.45366178258959,0,245.1945617569054,0.9610050135945953,0
5,68.61409050079416,6,249.79915644254461,0.7172743418581994,1
29,56.92887121835856,3,218.16949758430704,0.4507162906847834,1
8,94.74306857579859,0,78.53975169422249,0.9571544255340795,0
7,52.01379021338786,2,220.07827588006288,0.6570764346948249,1
6,130.5984955368523,3,192.37680723465436,0.8300292669005067,0
7,179.86058777348347,0,285.51510838828125,0.9616685808372977,0
3,157.78839437674782,0,345.49923254992854,0.8490361104692945,0
3,78.85749548043599,0,355.0749662544759,0.8996154348316256,0
22,79.34660291424278,3,236.87961815260655,0.5453556316813729,1
4,134.59322319371054,0,299.75770583061274,0.8895885203748654,0
4,85.76518872350235,1,235.90956877395013,0.9769181804773902,0
6,93.75012969798625,0,287.31197872163074,1.0,0
101,33.38970012236513,1,204.59846595035924,0.10087037537553381,1
5,72.39632011012718,0,193.59053509674837,0.6442829030017836,0
6,79.83674194402157,0,313.2035728276181,0.7888749134399009,0
7,144.31729042618736,0,157.80404380122272,0.9102379430186023,0
4,97.564486303874,0,224.79938430654818,0.8965757936172184,0
9,99.10066613078666,0,222.60130629511494,0.4929368120328009,0
38,45.758519720425895,12,239.72004441638487,0.42021659061472216,1
45,48.63309882183678,11,194.96707571666028,0.3158138482954894,1
3,162.48015792223387,0,187.74065096836756,0.956981860226393,0
6,126.81324172230755,0,277.9992796969862,0.9730504214019348,0
0,71.9251783023737,1,226.01231730506584,0.7014024893545475,0
5,120.81326874202166,0,379.61319645010485,0.7222457902739475,0
4,101.74576290591565,0,143.9287763631631,1.0,0
2,146.4793812710997,0,199.79657654268206,0.8246893191217652,0
137,2.0,0,196.2173434223084,0.1699466622895618,1
2,87.82886094289307,1,238.73041445968187,1.0,0
6,72.84796483351043,0,352.93272873364776,0.6410072507396609,0
9,77.16315203408837,3,348.22479390277823,0.6562479578431886,1
2,134.85420928754405,0,233.85925548951798,0.8334991710862053,0
7,67.08983082920565,0,395.9487752554967,0.8821537467546352,0
6,119.42278444848573,0,292.04655182956174,0.9414170145550679,0
6,92.82910973273432,0,186.64351180873527,0.9059298320617222,0
8,105.0376385761031,0,187.29665706383787,0.8982631850874032,0
101,25.524317458800905,1,199.86697960493794,0.0,1
8,112.8329788448371,0,243.58468610283978,1.0,0
3,109.83169090309192,0,218.9232739428779,0.7835964386660607,0
1,146.8736378446616,0,197.03036303987523,1.0,0
28,85.62937900133869,9,260.35487716564256,0.3986924724844847,1
2,117.95269342098139,0,364.08300434168183,0.8372410234131313,0
61,15.316017257804361,0,147.8901071192594,0.0,1
2,115.28186305609212,0,268.83937116535685,0.7008598309047206,0
3,169.87201715215159,0,274.73961182718534,0.928146783066653,0
7,91.78773652174304,0,260.60654821473605,0.7658085045645481,0
4,111.86835972902036,0,303.5590276697471,0.8971553612877919,0
5,88.49982663477432,0,312.0808107360903,0.9954293147821848,0
24,45.17730503759252,8,143.7828700399856,0.21581968532177606,1
6,75.03126835056746,0,244.4336286591476,1.0,0
57,21.36700791886111,1,210.94702107491938,0.06424254201973902,1
15,27.11775278142897,4,274.5871711680866,0.5138136028337276,1
3,127.167900234399,0,227.339827418162,0.9503355580547074,0
5,97.38959867609478,1,360.77843912529846,1.0,0
2,155.1426563711527,1,324.7711007605321,0.7731446329088065,0
43,29.525352849904987,9,183.17060044922036,0.1007066600875187,1
33,89.59177597765115,7,120.16741260138703,0.15720784798619636,1
3,112.52494688126038,0,158.47175294956736,0.7592993399886151,0
7,176.34654703831356,1,236.60205454390686,1.0,0
3,89.77272846037525,0,279.8573802268115,0.8013734173045602,0
7,160.54415644136895,0,193.67702039131657,0.9206561572948031,0
117,14.46978460505107,2,169.9032460364029,0.19762106093303553,1
3,44.81297542247975,0,179.23862549692052,1.0,0
6,131.52006312628185,0,132.96114038720367,0.9444216904092821,0
6,79.26448545643521,1,331.8309397844445,0.8983387167308201,0
7,78.74028009304294,1,243.63340249473254,0.20564601328475657,1
5,138.89582038066587,0,178.84448057803561,0.8784569376781228,0
4,48.50170572001673,0,198.82552781406403,0.9129639314320619,0
5,68.89695781253165,3,163.61520431339343,0.7392100701770782,1
11,76.49360562343772,1,253.1520855957119,0.9635469123168617,0
4,74.81379435141824,1,323.1941683407896,1.0,0
3,108.94710484680422,1,207.84696882857338,1.0,0
4,128.55240590540615,0,427.37521729454494,0.8575042525644091,0
8,141.27000409461792,1,226.22355692315548,1.0,0
5,153.34255374654867,0,245.17034206044193,0.8995012043609892,0
6,139.55530830735992,0,310.24792954713,0.7149668524858932,0
6,102.4699730288236,0,225.37583483193526,0.9266757006995885,0
3,11.100174856350282,0,218.6876917059306,0.7390918196511588,0
8,116.18814603114497,1,166.94229116163436,1.0,0
47,37.72804289455035,1,235.4833788372106,0.0,1
4,130.01542458380786,0,205.7952340287192,0.6227720849506405,0
9,140.51803502361264,0,326.7491508189693,0.88188288878574,0
3,125.40226593933647,0,281.3584532973807,0.6560143731754245,0
2,91.30099897815886,0,433.10163690526,0.8627463556088967,0
18,71.93515159079189,4,230.45026046107503,0.004390533559445187,1
1,70.15507508100663,1,104.63116818493211,1.0,0
33,30.974798680808185,11,215.0289060200501,0.265761566404639,1
35,89.14359665345745,8,131.21208192286883,0.5878402577035164,1
4,180.80902783323842,0,274.960441121369,0.924660332065501,0
68,23.50743130722563,1,208.66710666623317,0.27323312095789637,1
7,94.17976391413816,0,192.97266862403018,0.9592082229675694,0
2,44.259995275972614,0,305.5427229359867,0.7065840104234263,0
3,139.54347126430417,1,115.09972295394107,0.7358064476343362,0
3,105.45122081568655,0,173.02728127705993,0.6422083184760902,0
4,122.06486767069195,1,293.87200044890767,0.5323821639323016,0
7,126.88881815202924,0,223.1243432201891,0.8279257620001974,0
4,105.55949788602585,1,72.02915414266099,0.7272822273939713,0
8,111.07249676994948,0,378.39485600478105,1.0,0
6,52.591512938545996,0,128.49733924633284,0.9257607795759002,0
13,88.54866308456658,0,214.76234832335996,0.8126196645258142,1
16,70.68959671373364,6,259.51732825038937,0.538235258619945,1
3,138.2398365158521,0,337.17847841964027,0.7577106173229495,0
21,70.16984505949847,5,386.3475262177151,0.45828919825348324,1
32,54.77579851729004,5,177.0339214969676,0.396357431321313,1
117,25.645933315256773,3,266.77709584753137,0.0,1
6,84.26920656321647,0,228.8145248697153,0.7239170327252655,0
7,74.6594332041425,0,155.82745961773247,0.9357328801501493,0
8,101.32679365351673,0,280.9632396169052,0.7398875870977032,0
2,102.75521552658293,2,125.02156491185288,0.6329431725398492,0
10,92.82533390163915,1,361.9249790309801,0.7362530541602408,0
4,143.55627774871388,0,250.07461597418023,0.9304854769676901,0
113,6.726114948370567,0,231.42445855742542,0.08153850568345983,1
8,10.0,0,254.39644318848957,1.0,0
131,9.239760874638845,3,157.1467199637087,0.04415483307558143,1
45,18.27150796822607,11,292.62188817478716,0.4459844287082289,1
18,77.88914485844347,4,154.46401728283854,0.3530346316186122,1
7,95.55334942505087,0,334.23123715720874,0.693502583574972,0
140,12.023037037440314,4,122.10940869485152,0.09825426305493713,1
4,221.88025241317976,0,162.44888401710293,0.6985184486718404,0
3,135.49513284485494,0,330.6808508395253,0.7083771076124883,0
6,196.70806978921033,0,271.88074261187234,0.9508240664180087,0
6,116.13598228256996,0,230.26855637825878,0.8334049080264456,0
6,117.88102941834642,0,207.039801297343,1.0,0
6,122.6536279056401,1,349.7884479154474,1.0,0
1,109.49958360350153,0,407.94049728594393,0.6822704811092403,0
25,19.34130259787399,8,172.5397306128852,0.4707696467213693,1
4,99.5290189518519,0,252.73253721128694,0.8820256992206235,0
33,78.52432252454463,10,270.69347506601537,0.5789252776035491,1
7,81.3326017229478,0,278.186639356545,0.7419194398697646,0
33,41.266835160375365,5,80.16059194202487,0.09663268387386773,1
7,203.37015898804165,0,301.72989346230975,0.8992260103462,0
4,118.9677245565746,1,211.6873981479485,0.8729457145012389,0
2,36.266585957215455,0,281.711993779516,0.8824457715953783,0
4,105.230024043336,1,187.9430704524957,1.0,0
7,122.63388720789905,1,182.07813965585208,0.8746567399930963,0
3,83.29724276852494,0,218.17713859783586,1.0,0
6,134.49203243093442,1,343.4107847418456,0.9063445566149964,0
5,46.4917093224339,0,225.84250477183252,0.8277238169793233,0
8,190.9531821027988,1,280.2129274795723,0.8531828370962695,0
5,87.94967323386939,1,208.78799850135982,1.0,0
49,36.86543882349349,8,259.0364184688325,0.4230571776083698,1
3,164.3194867480551,1,269.06733729124835,0.6718316718659939,0
15,125.10302110886236,0,307.2806108304462,1.0,0
37,59.12868157117419,6,119.25948715675878,0.40255179819050274,1
7,83.94146055992556,0,289.1848003546378,0.8316874128876964,0
48,16.716622696032925,1,186.47041387866784,0.02667845344284971,1
5,139.95442760630723,0,238.23714287298822,0.8207640305221583,0
6,73.70814167073195,2,276.64300468690607,0.47147260651703354,1
9,88.48281760899509,0,416.9395939958991,0.7362689224815511,0
57,27.211074455325267,0,79.88561772281952,0.11473344336213241,1
33,77.8546785297617,8,245.35198696344713,0.6404571964918466,1
19,80.17900208027183,3,195.9366645954731,0.6666828030905279,1
7,96.4666609989541,0,104.273664080022,0.7008230774992857,0
7,78.80981372503041,2,234.5063295607849,0.8586502929973158,0
3,106.78806561594007,1,314.0487984551868,0.9233412045555337,0
17,51.062792537811525,5,149.25004597225356,0.5431243623716084,1
53,21.540059964245803,1,171.33298903202302,0.0,1
8,155.80490226065862,0,281.3212605477037,1.0,0
6,122.97708466442947,0,255.51483971165896,0.9371352126139183,0
9,73.03697102405799,0,236.6309132299292,0.8453028521582028,0
0,144.79047072955638,1,201.86260382090475,0.5398878669460486,0
32,42.87432524628159,13,279.8006825515802,0.2823343836950758,1
3,130.16264408467123,1,376.04101274358726,0.8204510615110988,0
8,84.29870406868889,2,262.4205392125022,0.4691329324130197,1
3,62.566245454379576,0,354.7967903767171,0.7520871475846063,0
6,79.70919945260987,0,216.8262556684055,1.0,0
7,153.36469734799985,0,320.31229354781107,0.875149071104228,0
5,145.47390595144188,1,270.2735907855162,0.7053241118953212,0
8,146.39199700384515,0,256.1986730582331,0.9427019971538967,0
2,85.33159376094646,0,315.9786639345664,0.9755156482240216,0
3,96.15866811710156,0,305.5618838770642,1.0,0
6,167.24370610389886,0,102.54629149539022,0.7883507637264227,0
25,43.06975890199889,3,250.95253303561992,0.377378798755992,1
7,114.99772804616784,0,143.52279719072644,0.9832519799878093,0
6,65.80850270800083,0,206.36109534970782,0.8086693483838909,0
96,29.842488864872198,1,174.45382029935558,0.0,1
6,126.83389809834368,0,219.6826760952088,0.8377381292229614,0
34,38.323820415446896,9,330.3671292964431,0.46111309545859624,1
8,123.68509714312408,0,155.11283037669102,0.6692460298880153,0
34,19.767477030200407,10,153.7556864006421,0.17191428763163077,1
4,112.2531095869922,1,431.98372228482526,0.977914944220598,0
7,147.49412195883627,0,354.9398908084826,0.83952390559417,0
5,105.32248289420966,0,337.60411551397607,0.7669931362142155,0
7,109.30548325284897,2,249.92820116538624,0.9603328884914302,0
4,176.58639143839127,1,254.14001087909318,0.9963931520540553,0
12,151.48520855198765,1,359.9060678105248,0.7902906522694003,1
9,85.11840185719336,1,313.72936099614617,0.9670692663485262,0
5,119.49634166482045,1,232.08460414213607,0.7013997615880062,0
8,218.25442259610267,0,304.7213527295883,0.8713234435608338,0
2,80.68755545229709,0,259.51378712496825,0.6906197063671001,0
6,140.81812594761385,0,190.84150128015182,0.4616910743603358,0
5,108.42414777921303,0,299.9866585812635,1.0,0
3,97.4459105001005,1,376.566305547044,0.8969857646150334,0
8,118.56156018687372,0,173.4756477737549,0.6782870351972878,0
5,104.64437505164938,0,286.21582864900546,0.6835049484196748,0
6,83.30711407277481,0,252.4839862930779,0.8328415859522849,0
3,183.40741107612618,0,261.9061392316242,0.7540426451637492,0
2,30.533857958860313,1,256.82173341925113,1.0,0
51,30.6740512227253,9,158.22630184161451,0.15611159194286123,1
8,63.173908336292044,8,266.4022929494594,0.44847174282990326,1
8,62.02877307438885,1,286.6531245545363,1.0,0
8,122.13633094432956,0,228.45867115655798,1.0,0
5,64.9341469778827,3,244.5962450017583,0.7921193032658075,0
4,137.34143506380917,0,239.1574261875516,0.7410871730540419,0
72,24.74724818278973,1,257.3550367294999,0.22335535256818914,1
30,21.803774313180323,8,119.07081883331958,0.11955486182097884,1
18,90.76400997262053,8,115.32748944761273,0.47865713615250133,1
4,106.95792474825173,0,303.8827076998159,0.9741603970427879,0
6,62.186073941374346,0,81.8152540335308,0.8664599787686117,0
4,71.37012751125253,1,136.52569998785143,1.0,0
7,149.00353900745182,0,326.78024612262965,0.8667137837575759,0
4,119.53675547501416,1,219.65458274783896,0.8561130863561005,0
28,31.85526160636604,6,107.73211550607375,0.0,1
4,116.29780430015973,0,231.1473962150299,0.6739734793391301,0
37,33.87779581530782,5,245.05595130370773,0.3892476763740953,1
23,106.55026151532311,3,164.04261697000305,0.43865381905260153,1
5,126.0218813425476,0,177.22170591899604,0.7798162244078826,0
6,97.85467757997067,1,369.27603308083417,0.8915849163272512,0
2,166.1801526316809,2,285.11066077050793,0.6542058928986062,0
18,88.50556401256803,2,345.1181290446525,0.32012533186909936,1
53,3.4149184512625173,1,126.17444806634201,0.0808781732201836,1
7,50.76123860148471,2,317.7413732192581,0.9501069601355356,0
8,43.495376384971976,0,356.8006494461789,0.9918596134097383,0
3,98.72070684345587,0,190.24714622038167,0.7650211674343689,0
15,63.39271207745754,8,172.48939523723206,0.2718646615141505,1
5,127.69242284600607,1,330.2135601598843,1.0,0
3,161.80540534730596,0,454.1070263312534,0.8353561798432249,0
8,89.64017148778116,0,210.95825777399702,1.0,0
3,107.34963468627454,0,267.27533161846003,0.8803562034257507,0
25,89.20819177210328,8,60.0,0.42861615381465634,1
5,131.28521656187803,0,383.00303770273695,0.7045404078261521,0
6,95.59636353729249,0,314.59608700899344,0.8414909930127671,0
6,128.48290287892684,0,207.29632388489267,0.6919244399503279,0
6,76.29216557735653,0,256.7640943669081,0.9171120758895562,0
11,152.7631037916905,0,159.0742854647822,0.6817857775871846,0
3,120.78249261808975,1,272.15178188002136,0.8378189773585443,0
3,101.37020040896687,0,343.14209061014753,0.7503388585404621,0
1,10.0,1,60.0,0.8451442251807427,0
6,92.9117197159178,0,207.8241375585896,0.8480037404532897,0
3,73.11924354129243,3,86.11120827884218,0.5935883289570824,0
115,7.684828136383467,2,200.3334042779531,0.24357758903351487,1
6,55.288522104902704,0,347.47444453960816,0.9273991961977155,0
2,133.46465304317448,1,300.85896290681706,0.5209560735678201,0
107,7.529190683287026,2,103.48720974395488,0.17554685860264024,1
6,91.98858040664555,0,141.45498932781013,0.6921887789782858,0
11,123.37073572299494,0,236.9267183368009,1.0,0
4,105.40986987499393,1,158.26493630609525,0.9334931958557489,0
19,29.809222946313444,4,205.79148453682578,0.3437566685019113,1
7,136.00480822611013,1,302.8427876172989,0.923363336236137,0
8,140.73628385512856,0,317.42037262545807,0.875919648798558,0
2,111.58067677551908,0,320.70202693065045,0.8464780725510552,0
23,87.20324628531013,6,277.035483456837,0.0,1
15,127.98825630507908,3,284.22600576583216,0.6362300887037898,1
3,89.8005260725679,3,238.26389461363246,0.5322135981969911,1
2,128.35128285182722,0,387.03763151332333,0.6873301433797776,0
3,85.87348506989704,0,212.9780440459621,1.0,0
39,57.585476488855065,10,179.44650707193745,0.19278609904856414,1
3,151.30783857617894,2,140.17018759186118,1.0,0
3,156.21528654316438,0,394.1889657742828,1.0,0
58,12.725975453416712,2,126.24283768188442,0.09687253852908644,1
120,10.017885104620545,2,152.19504930111484,0.0,1
2,245.65384697625367,1,234.10930148260616,1.0,0
3,138.18747568440187,0,285.1794906655539,0.9398854683844295,0
114,17.03818428689193,1,142.76625201404218,0.0,1
6,123.36463655336837,0,170.59423552015838,0.9895264115889163,0
11,121.75570061355776,1,288.478174212686,0.8341221023837826,0
55,11.49026240054825,0,225.26720667412485,0.032336230142130454,1
11,72.26350401046149,4,157.25370804772058,0.3985038289839334,1
5,177.19889870965,2,312.5492261553054,1.0,0
6,154.72960039443427,0,154.86558166487765,1.0,0
17,81.99454756252157,2,311.66692053075366,0.5168410250474063,1
7,114.19178492701133,3,147.31528929751553,0.6792702770675891,1
4,149.7214959950719,0,170.48806312442022,0.8482116355392486,0
33,5.75527466217555,7,130.5196592749175,0.1704332062065435,1
71,38.958457340129065,1,126.4462849334995,0.0,1
37,57.40929738963622,9,141.0630295050308,0.10725549836388361,1
7,94.30420591558276,0,186.03525693093957,0.7658908632202219,0
7,145.85640796584684,0,329.00703596075374,0.31927959019790925,0
6,93.1509852321243,0,381.2862572617109,0.771405797618816,0
15,73.91527348126975,2,249.0225594615438,0.39978429315240155,1
6,109.35141343941453,0,315.64783929350926,0.7856886871343342,0
3,141.5414888351479,0,242.46496205557045,0.8896326628020125,0
4,155.17104840929,1,188.55846656614625,0.8434277490376624,0
2,113.54686599604211,0,120.90701477950078,1.0,0
3,122.01060976032144,3,341.8153371155512,0.9200418166261125,0
6,105.65856308308949,1,334.213111985242,1.0,0
6,110.61236331343991,0,219.2054145210241,0.8917319325073486,0
7,72.16778450476136,0,319.56768657521974,1.0,0
4,107.6551564659637,0,262.2754420402322,0.9873178289623035,0
22,85.15845763263715,3,186.74662004871738,0.44363445785936173,1
3,95.2932326963804,1,274.91596077744265,0.8773020699084573,0
115,6.262944176735984,0,194.1353844523269,0.0,1
7,93.24670209322964,0,182.8276222335288,0.937548257805559,0
4,58.90806952023527,0,249.95895654508823,0.8647207452610501,0
14,52.16251183520297,3,148.94503989045194,0.22242701205770016,1
4,30.10096414092729,0,331.7118903506045,0.9992972272603172,0
111,19.334709469989665,1,173.64283486676266,0.26987552975155504,1
3,101.85996744639705,0,306.92877734185913,0.9179411572898554,0
104,14.795679440972222,1,83.14056734867255,0.11537217438724638,1
115,18.44482469522734,2,212.3128279671231,0.0,1
11,176.27716010546882,0,288.30484424923253,1.0,0
3,59.36164081435311,1,244.69147619722162,0.8528229240795849,0
110,5.331643180656083,3,150.6802412049293,0.1145769489315207,1
2,173.27669262555173,1,181.86210340231227,0.8616410695094017,0
4,95.7083564915161,1,323.78513932782874,0.9861769855256705,0
7,123.02612668491204,0,297.7149872977248,0.832054022905047,0
108,15.592115772617367,2,213.0741579663768,0.16657157650993723,1
3,96.3298104509372,0,295.5493609334311,0.7901114002493573,0
4,105.51561667753639,1,275.11115033588544,1.0,0
2,41.670604829963125,0,310.3822902870178,0.9586185477406372,0
37,71.69146490261637,6,312.09340182604615,0.36192866906274324,1
16,8.0,5,198.86551309375236,0.514721292464266,1
11,52.020326473994544,2,280.20631072537014,0.48061634096347894,1
5,151.60054804181306,0,222.33466543293164,0.8943096399534096,0
1,130.655696147956,1,321.6860940770405,0.9026497281516518,0
110,23.71259133062799,1,129.25449916906007,0.18843464742987143,1
6,62.19776163701702,0,393.74718624841813,1.0,0
7,108.69553832348878,0,284.33910254771644,0.7727675725360905,0
9,97.56600581947066,2,258.060476273372,0.8858000975664977,1
6,183.26971159608263,1,392.26004247049053,0.8425615311525224,0
6,88.52836489408467,2,166.27592287420475,0.48430332292312267,1
10,98.35485116812258,2,354.2494047687052,0.8666904354021143,0
10,163.01653928617768,1,336.31863032244866,1.0,0
3,154.69514415181527,0,370.6868255529225,0.8348032226225339,0
117,2.0,1,225.31264266483828,0.21425269787505086,1
5,161.72552851228497,1,215.64481041676893,0.7539821036652142,0
19,30.667658262670958,1,243.44263300692802,0.2899116534677371,1
11,127.34506484315473,0,274.57621151336934,0.8317525850536333,0
139,15.430629320450725,2,115.66088168169811,0.194570705279621,1
6,190.44903097836735,0,302.3978670170877,0.7518596079370761,0
9,161.30470260913435,7,116.9389937797133,0.5765998686691501,1
4,124.57221920774438,0,184.16476723118294,0.5502112394398113,0
22,48.85984313267069,1,130.17023880847884,0.5453316268908388,1
7,166.26826388359493,0,325.0832779997924,0.7367352737501307,0
12,97.4230006330139,2,224.13956309378727,0.41439361260150753,1
27,98.28111710298303,6,138.6412747050297,0.2787257718293391,1
4,159.88565664594051,2,252.08248990400867,0.6381037893197956,0
5,143.02175097335578,2,171.46474526982155,0.4656391452627695,0
3,132.33998378618142,1,314.37635068309055,0.90943581384873,0
4,232.85961046918035,0,278.87502053359134,1.0,0
31,38.78288621146117,9,156.44748539955228,0.4036919399762919,1
63,11.924696755046488,1,186.380653340398,0.0,1
4,156.14693319081445,1,172.56202855733227,1.0,0
18,64.96714091282956,5,186.53990459283372,0.2792578306905589,1
6,90.22462981212047,0,259.5614998267612,0.9345902024855892,0
6,88.45121987362076,0,365.4144882772357,0.8177231616885209,0
5,72.19821866418997,0,396.96531340997535,1.0,0
64,15.481850073949493,2,131.2288669368214,0.002675275012659932,1
4,70.87479500767694,0,356.94928753528444,0.6841173493479396,0
1,119.646412978131,0,310.51624118673107,1.0,0
5,152.67268680857168,0,372.566256793984,0.8969165540745881,0
9,106.51173974249964,0,235.48324439432776,0.9159576164606028,0
6,111.52178040865017,0,140.62922367189776,1.0,0
126,15.678373438937061,2,130.549954837954,0.0,1
8,88.92053567142152,0,216.41674652368408,1.0,0
3,111.04673559536727,2,309.36073025064877,0.918454538929898,0
55,97.53069157785623,7,88.51972896136243,0.16446824283336636,1
20,15.181499397978737,6,157.7888954704441,0.7098716578255081,1
6,148.68874665127967,0,291.1005009288441,1.0,0
8,117.45310675275017,0,285.357006114538,0.886900412544862,0
3,113.9464072163191,0,269.5715882707854,0.7784708898702482,0
8,122.56922600844834,0,136.69822858647183,1.0,0
7,84.73153411842831,1,241.0283727463372,0.9821612827273146,0
41,48.289481772434875,6,170.60609196171308,0.22182961561675507,1
3,163.7599222868992,0,385.9485832093394,0.8555017614792404,0
3,132.06994506531146,0,464.6332371811958,0.6647719297168991,0
7,139.88937974276146,1,268.8176200716894,0.9276041818547007,0
11,122.5877449794842,0,331.265920742548,0.9246875590795901,0
32,46.9455897275782,7,285.27957054959717,0.028436978841695163,1
6,162.20901701233473,0,235.73487685615098,0.7544448880477561,0
3,183.4029517363888,1,145.0544090711629,0.9077935901373895,0
3,121.27528890538288,1,150.08860374493403,1.0,0
2,61.58375512611916,0,239.98935463566656,1.0,0
9,82.46976054804048,0,60.0,0.9912436321880899,0
4,139.16106078451145,0,292.6533207719841,1.0,0
4,90.44196752343169,1,298.4346298990841,0.9000096250870031,0
10,61.257382272278505,4,222.42853646314785,0.546660096244672,1
111,31.512063375208413,2,180.7580554802884,0.0,1
7,119.03612190765287,0,302.1049549649552,0.7566143360976498,0
7,99.11899348354524,0,186.971416330208,0.8277303760854471,0
6,129.4207777557424,0,221.6816018316116,0.6894970495665127,0
4,84.7565269859086,0,97.67163393640703,0.7440773447539412,0
7,115.43734124681843,0,276.5445935036245,0.7520111267117078,0
5,113.85710479313025,0,345.2207710105582,0.9195813452061253,0
9,111.05134182386865,0,354.3840819734596,1.0,0
38,10.166764964647749,9,139.96154524663436,0.44603947861783577,1
32,28.671488130154614,7,311.8635826104381,0.1749147285544631,1
3,81.14373397949362,0,258.5633499657473,0.7559912943770473,0
112,19.169788817629932,4,40.0,0.06318255998718557,1
16,70.41424201699147,5,294.448841025937,0.5359382642515033,1
7,136.95201599355207,0,178.5511467967349,0.9162182312431674,0
3,81.98861055000644,0,300.31916435137765,1.0,0
5,100.63055965321625,0,339.9125239950239,0.7621805157383075,0
4,114.60720554950177,0,213.73179296671094,1.0,0
3,66.8552950135261,0,267.8204838122463,1.0,0
129,16.58537288522394,5,84.65099406266455,0.03455919343411312,1
6,118.94739102678137,0,253.69335867161652,0.8624858862500672,0
6,122.94562279083429,2,303.19195703788796,0.49455770766245594,1
29,32.337149943857796,6,54.13803882443142,0.39137759740038636,1
4,104.59085772967626,0,247.97198701533904,1.0,0
33,18.698438755808784,11,79.72192789150515,0.1810001055653135,1
29,83.43353156262447,2,155.38202516231496,0.2595714432051546,1
10,98.3727820443544,0,235.8085997403022,0.9424766807218345,0
5,91.5679278170945,1,267.5606000163871,0.9473861015433339,0
3,111.95909599725276,0,208.820281639032,0.6504618926586071,0
33,9.072898053764275,11,204.43832001721097,0.2393948120277757,1
132,6.8264844206826245,0,149.65145003773003,0.11658565097930733,1
18,9.395881771458821,6,139.81496888305827,0.326113690043554,1
1,52.372252730069974,0,360.25098913224963,0.909252352964307,0
133,7.659664890731071,0,141.50270416292335,0.055919910547911095,1
2,114.5054767243163,0,273.0023708704811,0.8745084402515992,0
128,4.334795121545307,3,174.80806565580028,0.0,1
3,153.84709204847877,0,219.21993600549024,0.9179075156616705,0
35,48.70017665218342,9,206.01210203137924,0.4775423480380746,1
25,96.31136967186511,6,262.85096171230515,0.742559569963753,1
5,31.137168514732316,0,269.8191848718784,0.8975084031389604,0
15,85.34100635035864,1,229.14268003736882,0.44340839364967727,1
114,20.250944177740237,1,99.737581748484,0.19574250114244698,1
38,43.78629612853238,9,221.0566414445516,0.1886186272459245,1
67,8.508547811277635,0,149.55912372757612,0.0,1
8,83.51205950210904,0,188.70891751441735,0.7892326675957261,0
106,23.456737218552806,4,91.69486710634168,0.05850282688496728,1
6,133.9920948617363,2,334.83753123651474,0.5497873007809804,1
4,129.04277656660872,0,213.64509798485994,0.7902461601423553,0
5,102.8641363101788,0,283.82177563255004,0.9678194351791739,0
5,200.92814409103596,1,217.03678024758412,0.6521944507408506,0
6,185.3652861785914,0,372.75336127731526,0.8388325040977199,0
121,30.38531334488028,3,68.70656257330954,0.11253219786871506,1
9,137.91964014666772,0,218.61844513215644,0.9295482043375679,0
49,8.584340627091645,2,132.53003692239903,0.19362293638985806,1
7,120.15060771684378,0,229.74893663230134,1.0,0
3,142.11473891365574,0,185.0252877550125,0.8738414653654312,0
132,6.236518756535618,1,236.42933050881595,0.16301299756980797,1
128,18.38049573128484,2,120.1572745497601,0.09504935803147418,1
62,2.0,2,196.4043547452397,0.0,1
5,93.48744335273814,0,185.04037233890455,0.8553477935391319,0
10,126.61193636124192,0,233.60171765742703,0.8451082014921922,0
6,106.28829284942728,3,136.9995519993544,0.6692758258334329,1
6,74.45865389332847,1,318.66889306580134,0.518242704469003,1
107,13.964634905922715,5,201.17719308696536,0.04518193877284365,1
7,115.18204945849826,0,233.05826148287653,0.7810669654533013,0
3,124.96597986129667,0,317.3450493071091,0.6932900081152685,0
21,50.391341174271794,4,40.0,0.5280419147973398,1
4,129.85116937554804,1,289.982358105483,1.0,0
4,131.08511054034713,1,340.68559559972846,0.6942123963609873,0
2,136.0915112464008,0,258.970648716925,0.9727029978162185,0
2,86.49337670726624,0,196.7561989928267,1.0,0
6,81.35155133724595,1,301.03136511183965,1.0,0
5,13.343410411903491,0,215.9779497750478,0.765313385400327,0
7,76.40131581908898,0,129.73049039022425,0.7122953463181879,0
65,28.073601145870136,1,169.95350112409224,0.054964642455986035,1
3,101.4743148238305,0,381.2072084059658,0.676616492281704,0
10,131.27715911082313,3,216.70607909701377,0.620539718422633,1
3,109.93800175025838,1,131.90956791987458,0.7366082313409174,0
5,92.57158981335405,0,349.8046628198103,0.8951270315788092,0
5,151.08007154799984,0,220.9213074369237,0.6261563957430566,0
5,41.317230195364075,1,297.6600301037777,1.0,0
16,83.92100824190112,2,144.03167379244465,0.4178600441332036,1
7,58.18433771200154,0,315.62762542670794,0.8131520402470366,0
2,93.64799406337282,0,416.10664082227134,0.6017550865252724,0
8,181.62512018926415,0,101.1492232012204,0.8653409366366185,0
5,191.87999891778483,0,232.41729925612148,0.7731587876068983,0
3,141.63429971589582,1,266.11682431512844,1.0,0
5,135.67389618687335,1,272.62252727936743,1.0,0
38,63.546613370808714,5,126.9616685945532,0.6121797191983791,1
5,50.137530507015086,2,390.52493231140215,0.7199408043484281,0
5,123.267386625972,0,295.2746460397403,0.8190806601130871,0
5,176.62907754168077,0,306.52545171099604,1.0,0
3,71.90947527084681,0,316.7920773672394,0.6552488626399003,0
6,88.55256717840273,1,313.4231512382971,0.8143712866184117,0
8,130.4573212890107,1,197.55381364340613,0.8529711955435912,0
4,167.9938773025958,1,154.45060084250116,1.0,0
32,54.608818821943665,6,66.82299416690688,0.46751797116923144,1
40,50.78584364646427,8,225.76847101792075,0.0,1
5,163.38519141494112,0,428.56966919902464,0.5356709700063054,0
8,78.80776273939058,3,247.91348436475263,0.5421889648248819,1
6,107.37230964000182,0,229.80115936154516,0.6991562921367962,0
129,20.42017245271903,2,133.2443656871261,0.13487338740854324,1
8,142.94766324242204,1,245.33004194056895,0.7455976161693708,0
3,89.75950364459631,1,330.8882764702768,0.8061727701131494,0
30,33.47307330047773,6,243.5851263113446,0.0909328898878842,1
6,38.73933937651476,0,318.5823950211551,0.8395225818937812,0
14,99.53541407028196,2,184.30908755166374,0.4302329501693119,1
6,77.6656100374655,0,231.75414367877127,0.9134215532903943,0
1,124.42125868794777,0,251.67056618136584,0.6395954840375495,0
6,218.53983451817805,0,483.48752483470895,0.910351078516948,0
121,2.0,0,71.24816552030099,0.2736452145747849,1
37,53.884666808145646,3,40.0,0.50077037175801,1
9,84.02718421431615,0,136.13106150296883,0.9218848781334082,0
6,35.49889934477916,0,197.19666962239074,0.8564545184910155,0
5,169.28860593841057,0,117.30747027607336,0.8387694439535753,0
15,20.741082972559845,1,358.0523501569241,0.3090728232915227,1
5,104.64919358316729,0,311.4800970480349,0.9221269517493682,0
8,81.99716525375739,3,167.76756743221972,0.5726715581661868,1
3,114.97173825921014,0,276.0771688257576,0.8626586037336046,0
5,20.331828596457484,0,198.2060479086578,0.806832339656452,0
113,25.940390843743916,1,75.65242098637216,0.2894820426350692,1
12,32.355762378453065,5,365.27435935342356,0.6068075712074467,1
6,146.66948623975216,0,204.13724146431608,0.906817529039528,0
5,128.57455588978846,1,223.0481996514164,0.7705573012423395,0
25,49.450318803553124,8,74.91018796071464,0.49926755554430763,1
5,51.919379476302865,1,303.1461817151114,0.7912088178770094,0
29,61.48118341178058,3,192.73796495262897,0.05844650695649874,1
6,121.46160685454905,0,220.29049191341826,0.7068330561084099,0
2,59.82221319436364,0,269.25787813004723,0.9744236473869418,0
9,183.7606963453306,0,308.0415849739229,0.8897354065954147,0
5,60.344244626398755,2,236.70646139476838,0.489136385368213,1
43,57.9065374456598,6,289.1140116886557,0.2759030516522861,1
3,81.89317874969345,0,211.1229188024619,0.9780051265895963,0
37,49.710202744736456,5,271.5807993360128,0.308995676341583,1
9,62.635673585857006,6,274.2468590328791,0.3886735083517763,1
8,31.032541616799563,0,278.7835887593843,0.579420866815426,0
10,100.90732558456563,2,147.59541034945784,0.39692035002145604,1
10,87.02524064027692,3,266.3208487534799,0.35940104659077776,1
105,10.155267960753264,1,149.81950715118865,0.06964879566677294,1
39,42.22721239848465,9,189.458487399443,0.0,1
4,82.96200657188918,1,310.9529514202655,0.8022845912468671,0
21,92.34051175912359,1,226.63933460190924,0.6051055085252324,1
6,136.32159233038456,0,189.3739807462119,0.9068156359880284,0
20,47.090953283905435,3,193.85502246912952,0.3582484994772598,1
5,117.47864655042677,0,337.3751109531031,0.8289380493118432,0
5,131.89031138959646,0,252.70791998051095,0.8445271263899897,0
60,39.51763667760268,0,200.55934609708055,0.13080172800660644,1
4,71.46216262826775,0,250.72489130192542,0.9054439864655636,0
4,96.41203929230959,0,294.3913039603126,1.0,0
6,108.72635365122547,1,248.36260339678918,1.0,0
17,61.844367717623285,4,264.4490939006698,0.5460238845887216,1
3,155.71712702631717,0,359.19029985015254,0.8731771035409366,0
10,59.55159112904502,3,285.20418795663636,0.19852879698358497,1
6,150.62208009092132,0,243.66603194491503,0.8844480490638986,0
4,171.8364711100594,0,208.97765851349592,0.6158113311305147,0
5,88.56803170040104,1,261.8919107815012,0.7564260617489431,0
3,91.54717068499194,0,321.8044370529671,0.966449572173972,0
4,61.066248782497674,0,271.581380007353,1.0,0
141,6.533005350550294,0,61.235066357535935,0.01763825136177324,1
4,85.5358852070564,1,206.5995521831057,0.7593199423250893,0
8,62.403042542281185,0,274.6570255664386,0.8562472638963714,0
3,148.24682034868383,0,335.92896899850894,0.9955254601655881,0
2,128.83163181386814,1,190.8970281820442,0.5725343097392569,0
3,107.30635166328386,1,325.23860303218873,1.0,0
1,88.370681000468,0,322.03397885022713,0.7371716952062773,0
6,115.15808998307493,0,188.99844737850486,0.8840262903365388,0
33,5.508354458031159,7,222.4770363962568,0.23595009561161248,1
3,92.0094746532689,0,195.3448609954595,0.8260872619655656,0
3,110.10417696564403,0,223.57435894982757,1.0,0
1,86.80877768360476,1,392.7859286195486,1.0,0
4,82.8909117532032,1,323.7413581288656,0.851701864571236,0
14,92.95882387075906,2,198.4032908394918,0.5073437478212072,1
10,92.9704689654197,0,220.60990023987637,1.0,0
6,160.42259357961552,0,193.6462122111734,0.8836836769880897,0
6,126.34352159929628,0,231.04099185236302,0.9781888609058075,0
3,126.79396496762591,0,355.46220076847806,1.0,0
7,155.18243652188994,1,221.3405156051242,0.9449098104729002,0
3,186.716364553437,0,254.22671620275747,0.6350864633981541,0
2,73.60068413118044,3,144.43278119527824,0.0,1
4,137.36402841499967,0,200.9354290562615,0.910484511939302,0
4,58.042084756973566,0,293.2738994484737,1.0,0
4,107.94025798819803,1,199.37851741711,1.0,0
58,16.38836321439549,2,154.1230943304132,0.1168354295379189,1
7,211.1035224528796,1,256.10186173586953,1.0,0
7,90.82547762925853,0,257.3126188154468,0.6683572105836397,0
6,120.09488194011901,0,216.00601740444546,1.0,0
4,183.9352437020537,0,339.8801601196895,1.0,0
8,64.95845534522549,0,169.1013403759299,0.7247016809917319,0
4,101.51004800780807,0,319.7023250149383,0.8675568983124009,0
8,142.459111048937,0,159.97142864106596,0.809028595367073,0
7,106.89781295412482,7,196.12167600191552,0.26869560235150697,1
4,41.939343037523514,0,297.3850010601219,0.6919825035658906,0
5,98.18173146660175,0,320.3595572398442,0.9398266194733932,0
4,147.94494436102954,0,243.2458950857936,0.8429046937087541,0
5,148.16895415817237,0,216.1126527345855,1.0,0
5,152.23027719410385,0,135.59397465440216,0.9650569889104985,0
4,103.92134460543491,1,60.0,0.8976341444424537,0
4,128.14172687716473,1,185.94589595066475,0.9327746842964478,0
6,98.26849750740989,4,209.62412372024406,0.7272805290407495,1
104,13.510218249659737,1,143.02235060049037,0.004523067079835319,1
5,187.7898440744631,2,305.6650856203936,0.9557926817635437,0
7,94.39698559337371,0,60.0,0.9726409403960891,0
5,86.52023195886008,0,258.16351274876956,0.8379136637864916,0
4,103.00623358745742,4,235.18838959538266,0.6240577808194476,1
5,91.30157511419954,0,282.08317430072816,0.9932084920202287,0
39,46.00339399108035,15,132.78620102739646,0.23169484598752357,1
7,130.45042038040918,0,185.86321485912015,0.8845862152681533,0
7,104.33185487113658,0,326.1794660579024,0.519599252630543,0
35,56.33440377562442,10,143.31850075443967,0.4198174514954138,1
6,67.47210222663021,0,151.08968247769505,1.0,0
2,145.07143185019515,0,236.85023284806675,1.0,0
14,52.78452302510486,8,189.9160661172774,0.31500366919986855,1
4,106.4552280338062,4,121.46039753029314,0.39919939740864463,1
4,140.1201600890788,0,247.90382906150333,0.776613732696736,0
7,150.37852197820268,0,267.15272028217,0.8908311749174673,0
7,67.67477845401942,2,129.1865523095778,0.6313206317529876,1
1,126.28371205915109,1,76.12818175231442,0.9139923964101869,0
4,169.5388567335755,0,203.82954189664184,1.0,0
7,78.1547783984871,0,392.73384695386244,0.9801724388146618,0
8,130.92158826151305,0,277.6492091254025,0.5341762722357444,0
7,46.37523327772844,0,446.0329245031452,0.8843525556675255,0
2,60.37286437616395,0,276.08007200367877,1.0,0
44,60.55955055358627,5,223.17884276749749,0.8085175083535786,1
37,14.574592707684179,7,281.81757039908797,0.36307486331537325,1
2,73.8161572616898,0,105.31639514064962,0.7045488898695275,0
3,133.87817795087201,0,140.26354029868824,0.9348257515284598,0
114,18.832304610774663,6,167.30946758520167,0.2352495551078845,1
7,100.31463461261717,0,306.43861297319904,1.0,0
6,131.69005500464715,1,142.08706248441732,0.7774006612880773,0
3,143.83304303063855,1,241.4017042591835,0.9024323866690807,0
3,156.3179650382994,0,309.0089469943279,0.9761488291658056,0
2,147.22653509084753,1,281.94372829658585,0.7081539315226884,0
9,106.21788619774276,0,382.7064626084774,0.7841345752082906,0
6,133.06997417333122,1,155.57689971378332,0.6859282331765025,0
5,111.33787996618912,3,408.675653628944,0.8542394697250707,0
6,120.74200551635563,0,159.18040022504397,0.8798380425979032,0
8,178.0485058438318,1,401.1610547001681,0.5686513195388085,0
4,113.38977511043007,0,351.26361426856704,1.0,0
8,183.0278505861654,0,222.86926157995183,1.0,0
3,124.2551976530985,0,137.74625904624102,0.8037218725128092,0
8,111.86069341999907,0,395.4807697251273,0.8048811890966759,0
11,126.15680118046181,4,223.87136894891168,0.5864031267040821,1
5,207.65889125436138,1,277.36267371136165,0.7454244201536444,0
5,109.63019901912718,0,249.46227069726052,0.8220392218316773,0
6,176.97298614296704,0,283.8460646411389,1.0,0
3,162.80831284021954,0,163.55073289007487,0.9301613348655414,0
5,158.3259810277859,1,119.97853978840426,0.9374196886196683,0
7,104.21631536524869,0,292.81364240898864,0.8861720728277425,0
2,53.59948727923178,0,370.92907671194456,0.7303130184998097,0
120,14.292105447896294,1,119.10537968031001,0.0,1
5,132.2515638013636,0,124.58533404323434,0.6031680818602251,0
3,158.5840784817125,1,162.88108320251166,1.0,0
3,82.70969660746563,0,285.47772976863433,0.8833153102925565,0
11,108.9072480261539,2,140.52768918458148,0.5768541150422596,1
5,116.8537681625829,0,198.39155479943938,0.5820354932291427,0
9,56.85343462469736,1,293.1607882395437,0.6833144477379498,0
3,114.09523243710952,0,203.50668138064353,0.6961704663324924,0
15,82.02710177316776,0,267.43400248911337,0.5441640541276581,1
10,109.26725164050323,6,319.1682450276056,0.6502799589955305,1
3,144.29530339124332,1,251.1138923086416,0.9490500212601847,0
5,66.66449357588148,0,212.54623063380498,0.903842014428866,0
8,78.96870312915873,0,219.49148156898684,1.0,0
4,154.3795069145057,0,260.88320633670037,1.0,0
3,170.7243543825073,1,157.3869872954773,0.815450907486623,0
6,93.02847062347416,1,281.41576817459986,0.8732361189883373,0
22,39.192236838727034,7,252.01489550485616,0.5040975122899982,1
1,126.92701300207773,0,303.20846044861116,0.7995589729126145,0
4,153.56201554575415,0,167.0826468244162,0.978697790288156,0
6,81.54743919799313,0,261.392128548742,1.0,0
3,116.34143332996494,0,316.5053374312735,1.0,0
27,39.41197693790509,1,262.79618042726713,0.4593026607929353,1
7,74.68149784654824,1,253.2546866211119,0.6016199409771402,1
14,62.314226205157304,2,106.5744006496063,0.6411052201780748,1
123,11.455687293414115,1,144.3033486000363,0.12425947791806959,1
22,56.42966839947401,7,185.25032876990056,0.005671907410148159,1
4,127.82428191381467,0,199.51446547205114,0.9998551832920163,0
4,119.23628047373964,0,205.88407427197356,0.8730453610846585,0
5,55.67400670394596,1,437.9913485051069,0.8701541958708784,0
22,93.68437571434087,4,60.0,0.27638458305258856,1
34,59.64117239196295,14,235.27162371666932,0.6180009014724023,1
9,100.6122988194213,5,198.52093738423943,0.19762203304833642,1
21,76.00325807377372,3,201.39639542962962,0.32934534546100913,1
108,2.0,4,224.8970084699273,0.13102977986927428,1
3,115.18079217631423,0,196.06604134518255,0.5394344838273136,0
3,141.62591575233745,0,199.87956256766424,1.0,0
5,70.23170559033049,5,96.81212492846532,0.5979063985519937,1
7,59.819140674581355,0,289.0375564490043,0.9768385241697201,0
7,153.15218393677117,0,279.669308393878,0.7469812707260429,0
38,54.7302622434036,6,112.96629861826544,0.1652435769977989,1
58,36.51541067355977,1,217.7118065172614,0.039159192615037704,1
3,138.11517799017153,1,251.30828202333558,1.0,0
5,68.94219292300099,1,325.5071969536916,0.841899962869715,0
4,78.59648693666367,0,150.87294118519532,0.9166998207013275,0
4,142.74460485511554,0,263.0974527743239,0.7045356871840155,0
2,159.5988804514414,1,322.6614855482267,0.7594933645675521,0
5,94.62778315367832,0,323.30639758026444,1.0,0
1,144.62635879497918,0,245.73164990615672,1.0,0
20,57.32337715638558,2,216.6955510425123,0.17657468420047664,1
4,188.47788722690626,0,353.44025761808723,0.7860140514022542,0
6,55.40664825445652,0,334.20409973201913,0.8039363652995063,0
6,80.40089175303196,0,263.3518249584712,0.888331334073438,0
126,17.764154717554007,4,134.2293094217169,0.21554368852299333,1
29,29.868187271421636,8,81.70775329552917,0.4883926165062484,1
6,108.00509777139727,0,201.09420427241122,0.9239550370493853,0
31,49.73729681613143,8,191.2217421366081,0.2635841099935317,1
4,129.02633048711715,0,252.66577864258605,0.8254686651021291,0
1,161.5324411568448,1,451.19203522851643,0.5349241462112265,0
60,36.31504273737167,2,40.0,0.13290030603045727,1
2,161.93596831998138,0,148.53901315043996,0.6491106551372151,0
5,114.25207856366056,1,368.57008091654825,0.9333693943033982,0
6,163.0945717326261,1,268.69085128591934,1.0,0
2,121.60192669268334,0,331.41852932637704,0.4674497280839232,0
20,47.60032123710172,5,146.81724768871214,0.29225366470791,1
2,141.1165617708081,0,281.21669313799606,0.7945281388841411,0
6,85.6899878037798,3,180.85249914382948,0.7888909940068539,1
9,137.17020964966696,4,279.84126854701213,0.4706637298759718,1
15,34.453134893031475,2,158.14160542503444,0.0,1
5,114.05477430514878,2,270.89394343132204,1.0,0
4,125.09489823053765,0,217.5061049230677,0.7301398756765889,0
9,122.672012724445,0,201.11104391205623,1.0,0
28,18.992882297217367,7,200.47522727714718,0.3645315429729845,1
5,106.72615650570201,0,315.20174945772715,1.0,0
6,97.70097255284803,3,133.19735888143353,0.5645213812533625,1
7,102.58345193276563,1,258.30810439308027,0.7663644134897416,0
10,160.92497417031498,0,168.22700954666846,0.9651544352173378,0
10,128.32253870191514,1,267.7030310513035,0.565436599042996,0
3,99.26478642648807,0,312.1313515406893,0.9155736442521121,0
7,90.12525989302056,0,95.28098785004389,0.7117414905176231,0
2,95.61261840493566,0,228.56482549020836,1.0,0
10,118.19024157461087,1,238.59749838756554,1.0,0
4,130.18872292095003,0,367.91514318477687,1.0,0
4,156.94267318734188,0,369.01883969725117,0.893623174058285,0
5,147.68844903521685,0,191.07961159672175,0.7942917752648739,0
3,79.55252198462168,1,385.44123166668373,1.0,0
108,17.294671085632533,1,79.8610981226821,0.0,1
2,137.28008553581952,0,177.8331035706753,0.9039221978664718,0
0,119.21752230716153,0,330.9203580293718,0.6621859857154118,0
6,70.3634973589033,3,187.5308749651716,0.34558424721929876,1
8,95.71344087733162,0,165.9807531868397,0.9872894825508135,0
26,36.03029900690981,13,173.89867831235935,0.2770057574601898,1
7,180.38157810323327,0,224.12444435780853,0.8195209484285161,0
4,104.18286869054727,0,217.9772196953373,1.0,0
4,100.50917308062084,0,349.742236549173,0.8800146110034778,0
12,166.6155552313244,1,242.97194664017624,0.45168240105323254,1
13,144.76465417351253,3,264.27119807854194,0.3887782115626868,1
6,109.8679313771382,0,129.12222032905908,0.8647560139016061,0
5,189.21451846288076,0,221.84750225933726,0.9246909462984119,0
55,17.488134520876628,1,202.09532475109827,0.0,1
5,83.40036502492826,0,154.51898900394013,0.6557155612686331,0
6,51.557969786849846,3,157.55325870472942,0.6131545838764093,1
7,86.85007957724294,0,160.06943506161082,1.0,0
30,33.9549718163599,5,194.83613452420605,0.5800564242880674,1
6,110.66966364818558,0,285.8610286464683,0.9388221109534493,0
10,93.31247963264596,0,222.6819785059768,1.0,0
115,27.077128361897827,3,216.3136407993121,0.0,1
8,104.37045199449346,0,218.2425316476923,0.918636249014461,0
12,60.29098533849352,1,329.72490799883104,0.6486276378814747,1
5,45.51737278672113,0,266.54888174009375,0.9380873111758528,0
36,15.354622690215542,10,108.58239921637609,0.629305125866586,1
8,129.8812204283163,0,130.59329896300557,1.0,0
5,111.26450758365607,2,244.86629600869213,0.8921272226063032,0
107,38.47184343925553,1,84.47883522424995,0.11207076860743705,1
6,90.70724434932842,0,254.7258794612425,1.0,0
6,64.34574552559756,0,156.48558852507884,0.7439811159394096,0
5,58.49755315329623,0,318.71894356415595,0.9998725393102375,0
1,117.13392026575129,0,304.52134412541466,1.0,0
26,36.710777440410475,7,340.97368306997197,0.19531183641917393,1
70,21.808359511810693,2,129.34656633723702,0.02645845186639038,1
5,106.968385239941,0,145.73029408245185,0.8396642384399012,0
9,104.49874732780863,1,270.45936750184114,0.4833028616653811,1
8,182.81385218046168,0,195.65892819729152,0.7172982962780705,0
21,37.92738842118115,2,183.89118719836208,0.41713295006779527,1
53,8.304368613922044,1,162.43744865931825,0.0709624389821093,1
5,132.60012538032916,0,154.1252596955031,0.9336184086402392,0
3,159.13089667745186,0,214.4312205301427,0.6209882500755965,0
5,30.6210100082904,0,253.43412880881354,0.793941733110904,0
16,8.0,4,95.69580308345878,0.5579409533930009,1
4,180.0882380585474,0,303.90036722043754,0.9716382948935259,0
17,33.94872992550318,5,225.20658822405554,0.7382055862433622,1
6,121.29474603611482,0,175.0100005357817,0.823205903955616,0
2,152.16310188851259,0,230.90945177144314,1.0,0
4,218.60988487843042,0,126.34950512111044,0.6754590994813149,0
4,138.37751855412185,0,308.2046372850442,1.0,0
4,106.06625005469922,0,215.32089697221048,0.7898549104976738,0
7,121.14868528310286,2,295.30361823194164,1.0,0
123,25.29431453399979,2,153.92614956603836,0.0,1
4,166.9472344302229,1,290.5881045293695,0.9366410894178684,0
145,19.678373776141182,2,148.39240285916048,0.0625398413113323,1
4,108.95174987168917,0,306.4053320280385,1.0,0
2,129.26562887145823,0,252.93742231416212,0.8280841209022657,0
5,125.26879675998299,0,296.3569008377447,1.0,0
6,167.60508408673965,1,397.80231723802615,0.8777977878943839,0
22,60.93890099089742,5,131.83805335259697,0.408983941340071,1
4,130.08458224138258,0,239.38421584149182,1.0,0
31,56.46406884818726,12,214.20580175712956,0.11629883744951273,1
3,165.56917439108938,1,247.01979121539833,0.8867630387850368,0
3,131.9945128646948,0,188.97221478911078,0.826570976069291,0
6,81.51854654376723,0,276.8829221163952,0.8753962024617227,0
4,105.54434783060672,1,199.37931141419872,0.9441526884029381,0
21,54.95095729035254,4,295.8290315502965,0.6693451298011208,1
5,61.9073950204874,0,164.10464490082558,0.9143191935709741,0
6,173.13814069589017,0,172.11469741669455,0.8423510258698156,0
6,234.54929268861522,0,112.90352387271028,0.6941970680385438,0
14,85.13821412262593,7,323.123551881439,0.7406622651025163,1
4,86.49684254701965,0,336.76100379552327,0.8473525490372583,0
6,129.400738787425,1,232.32260937624687,1.0,0
4,143.36175004972847,0,126.82450851667025,0.8990597667306308,0
4,94.63987416064641,0,242.5598771266575,0.7570158737492343,0
8,141.13239920504822,0,203.9512202423446,1.0,0
21,52.340973220737766,7,128.9320198711697,0.3340321306717242,1
4,133.34971857965942,0,285.9770561706187,0.9160281234275585,0
3,107.05372573639542,0,205.2122148739762,0.7627101012834565,0
6,134.16333733241845,0,271.59780360021966,0.9781856751611988,0
4,118.97271112597224,0,327.0247129944008,1.0,0
2,149.92218497178632,0,229.82221194165888,1.0,0
6,126.8650819253931,0,184.768978025506,1.0,0
39,35.97016242919877,8,244.1686043433817,0.25464912452672406,1
7,137.40638618313235,0,253.90606939014964,0.6156281950170917,0
6,103.35875460582801,0,361.34185531765695,0.9007712678930447,0
6,169.41471557942026,0,280.5408896811594,0.9691702753436343,0
18,51.96484852595776,3,161.79685308239868,0.6401513688214218,1
8,114.4568682685053,0,279.57846953659345,0.6916501585180431,0
8,65.78132881824287,0,338.6790282225978,1.0,0
118,14.797934323576222,3,143.24924216621946,0.0,1
77,15.237006613367775,0,186.70546000066585,0.17186695556070536,1
4,129.0879748629519,0,250.01057919979277,0.900449255269762,0
20,55.87834178969262,5,101.36619034931475,0.06441014185751741,1
34,34.83809308076706,4,75.11548895924024,0.8567223548388734,1
8,51.855782405925375,0,403.80831490224534,0.8162942130524189,0
25,44.29112379006627,4,213.80115658133283,0.358953875777401,1
5,76.2108283075221,1,157.3250313143143,0.7105374862911386,0
5,87.83040312521051,1,271.836414129258,0.8385507372841382,0
12,104.07457750893842,0,353.71091030245435,0.676045865521717,0
6,175.69927073366614,1,235.1814852659523,1.0,0
110,4.468697355631175,0,176.92237607080614,0.31748436923879086,1
3,171.9096550480396,0,274.3794594420337,0.7781654252447733,0
29,59.9423940762003,6,245.3502164599345,0.22372118285837295,1
6,137.63667385018994,0,291.6983084432874,0.8823352351447463,0
2,95.2274121849687,1,330.0793411322686,1.0,0
7,78.50783171118505,1,456.21774254236385,1.0,0
3,169.4609206366132,2,187.6647624884726,0.9756749155036355,0
5,99.11202273500012,0,215.45546583313467,1.0,0
7,216.59039504265434,0,262.9851402438155,0.9592312223451777,0
33,45.68347731716747,9,98.19049569189133,0.16707459584157622,1
7,159.48958560879225,0,148.28069942419887,1.0,0
4,167.21353171311654,0,94.37218372924407,0.908231126490225,0
6,185.9245395186477,1,199.46151602647177,1.0,0
3,126.55278806825413,0,217.91720046118513,0.9070550954221052,0
5,79.69168859316646,1,195.42755822340862,0.7531202441406857,0
8,108.49944923828298,0,220.5177478424096,0.86564866033788,0
5,110.83500814781972,1,173.55881504644725,1.0,0
40,5.0,3,101.52617685531288,0.33670588582251815,1
3,81.57162981225459,0,346.9869596522008,1.0,0
5,133.130280192495,1,231.77521618016985,0.9235625811408491,0
5,123.56804281752605,0,282.2060257863506,0.5718329431813672,0
3,101.68898853765332,1,269.35089539439826,0.981027505261117,0
6,144.1974575718104,0,268.83255011302276,0.8657456074663168,0
37,5.0,14,262.0333418763802,0.37266968165655884,1
9,66.8887759563618,3,282.796807906975,0.6297046890226885,1
18,69.99785452150633,4,151.6417095028681,0.15396434926455704,1
52,39.81978080338752,12,40.813184561578296,0.29844357387325143,1
5,138.39645648866986,0,223.60095569819165,0.9479991327957169,0
5,225.3432411057914,0,127.07665891924535,0.7317314637430302,0
6,159.6382758220892,2,281.4763708278643,1.0,0
57,2.0,1,179.51522937536902,0.030318510574198924,1
7,110.66598669415545,1,144.34867751317978,1.0,0
17,83.05653258346871,1,201.14529326440095,0.16876212241491417,1
2,106.50619651125619,0,112.08354210715491,1.0,0
8,99.85268459543022,4,99.2835671585123,0.5271063903577721,1
2,139.2789237424685,0,170.028575846171,0.9300359341685818,0
103,3.7380880473916167,3,127.85754917876964,0.1463857847814312,1
6,64.74794211145583,0,227.01617386544805,0.8168374728066234,0
120,3.794756235735963,0,171.77165187499648,0.0,1
6,149.52215224790973,0,227.43286336506438,0.9476374710257877,0
6,137.8233850147385,0,237.77354479747484,1.0,0
2,207.91730767284298,0,228.0818455701508,0.760399699690669,0
7,188.82227821608575,0,184.56567052246237,0.879783590459882,0
9,112.01634086310227,0,169.36537342990908,1.0,0
6,132.06975609516655,0,267.5022829699695,0.7282656110733039,0
4,76.45211313694529,0,324.02010076713566,1.0,0
5,110.52037306466916,0,201.8421057069953,0.9793692665485219,0
4,142.02414058616753,0,289.28661626780706,0.9893524728100732,0
2,79.3422930290655,0,211.28954666266472,0.6782377747136876,0
7,121.80075966369289,0,116.58935533850594,0.7551487416265068,0
14,34.75795442204004,3,220.65931761101652,0.21545602366181416,1
5,150.4261896042758,2,319.1097220604751,1.0,0
2,136.52996394637282,1,302.88874670611114,0.9855501696171226,0
128,27.40540931424315,0,160.17409164536852,0.0,1
6,141.0928973517469,0,190.62839828212506,0.6419132059177364,0
6,72.3261182379395,6,202.65812528774526,0.6054483610773748,1
134,2.318808972321329,4,245.30283988585228,0.0,1
7,167.48373021751033,0,227.70478989505145,0.9104970116079298,0
13,96.3085708860196,3,174.6579070829568,0.48156156372048553,1
5,102.31550976337245,0,297.87374675537336,1.0,0
4,62.421411237086915,2,308.56295110118765,1.0,0
33,37.17871683523609,6,111.48457882803454,0.3780466418037621,1
4,147.60380211337431,0,194.0847484954479,0.7260238828352448,0
8,109.42005314194994,0,255.262268050688,0.8435396603399412,0
5,230.2882230012127,0,333.95072138819535,0.6322051415656261,0
72,25.551948535740582,1,149.22991312612874,0.029546890724941315,1
8,87.10923150710482,0,225.71460192898712,0.9975117729815673,0
6,87.34637891793307,0,327.8126591027911,0.9965202005306657,0
22,109.56067679337797,9,181.0044188858111,0.26467510019448853,1
16,65.95867738173587,3,268.3790764481894,0.4863710206355765,1
2,49.10830446332011,0,244.9795700338101,0.7871658101642233,0
3,182.6331160563429,1,251.18905548901375,0.9202061006058556,0
33,27.153706772545593,6,163.7477565458053,0.008866728434685237,1
67,48.5497084822095,2,96.62570237838078,0.31909662045895854,1
5,134.93600304360066,1,194.65758758552073,0.9888519945955689,0
4,149.9585134165396,0,282.85585692824316,0.9450927462740958,0
7,115.47355501807476,0,294.9019599356741,0.948102142552629,0
6,139.26434292798228,1,260.47598365457884,0.7354344042918668,0
1,119.50438385131274,0,116.39837705819828,0.8897066614048397,0
3,36.33742558935449,0,127.22468501718052,0.828956572394558,0
10,107.85459027392407,5,215.87287390980563,0.8631960361088995,1
4,98.01747510398995,1,359.3224812815516,1.0,0
9,113.5493278671345,5,262.4970480822745,0.6524036436651345,1
37,6.549642097995671,6,192.94312847786784,0.330755966821791,1
49,14.3348524571054,1,99.00951439733795,0.12788538715803816,1
7,89.07810699577817,0,247.42729471908373,0.8965041760235452,0
4,94.57835636845479,0,187.93869878245116,0.8533132704491014,0
6,108.77233689424659,0,235.17644797405404,1.0,0
16,80.56957119718913,3,234.86391870441508,0.46614101281055303,1
10,123.90204925220837,0,274.79923213130024,0.8198996569257939,0
53,17.94882787416184,1,165.9273327118945,0.0,1
6,203.95440722599523,1,234.696473223573,0.7807634240172329,0
1,91.854696494408,2,387.6756434275119,1.0,0
114,22.453013025043965,1,189.76699629259056,0.20293954586779892,1
8,163.71594472119975,0,229.32447343525604,0.9004636750988357,0
8,116.46200382499099,1,221.70500490546235,0.8634833994312409,0
7,119.02604445284219,0,245.69539511911503,0.8774863252806401,0
6,142.12777832686018,0,177.79157729877622,1.0,0
5,43.82391939633018,0,213.8792267293258,0.8228006842508225,0
6,128.05392914818157,0,234.6298723985473,0.9152686386760076,0
35,41.18412442381954,11,194.35357735083304,0.3848868721733463,1
4,130.65483748557364,1,114.81837797676991,0.9901697127968725,0
121,25.09838458355978,4,107.32998637623724,1.344778115952572e-06,1
17,110.90892538848314,4,98.62759940854764,0.4390660429425389,1
39,46.03237748699096,6,220.06210446929109,0.1428576703107937,1
9,123.44769165660708,0,184.0785144500062,0.8382361888860871,0
108,25.482824631137067,2,223.52934863864635,0.19538434521650022,1
5,142.90198171993782,0,296.6179308285894,0.8292940002397735,0
3,127.25150618422293,0,288.163809128068,0.9631255879650275,0
8,66.49835089261627,0,247.34745617473683,0.8928570069575247,0
7,144.68833330080986,3,314.51899437655106,0.7663472122241736,0
27,25.203082475091094,2,122.21635669808624,0.06890938565436922,1
58,27.65915055348464,0,100.36001014248967,0.0,1
6,17.83298058684119,5,272.9037462823708,0.7942742578144331,1
6,172.65452639852293,1,281.43254822408505,1.0,0
37,19.354107112349812,11,294.275244881708,0.2053676733312957,1
5,105.80885179873304,0,439.46297667291014,0.8963879836946469,0
1,149.2261909468472,0,209.7868054473513,0.7505457911213408,0
7,101.33813153587704,0,369.17098699407774,0.9990278643083468,0
11,41.945190430868706,5,206.9036808004589,0.2889674028626014,1
5,93.4653802737526,0,127.17529759142468,0.7185079542258874,0
30,109.93421795092496,14,145.86349620088689,0.04163130121473531,1
7,109.3798693211838,1,262.04363430239175,0.6314087534560335,1
6,102.89945762655167,0,118.43269752978173,0.9235844599047256,0
112,2.0,3,212.66754301694664,0.22905209495722853,1
5,108.35055348314327,1,335.1106170063666,0.7786397738501091,0
7,55.15739881712793,0,229.28421546390456,0.9256618381015849,0
5,118.80971595701291,0,328.7782961884961,0.9524083698619784,0
7,128.23064640040852,0,240.51262608832633,0.8348565762812376,0
6,131.1681501122965,1,301.3348062161624,1.0,0
5,138.75812309996005,0,326.07313656585336,0.8357708953806454,0
4,85.39813002063549,0,177.83951251644984,0.8844942438989001,0
7,77.8121635824316,0,204.60021227313524,0.8173072482165706,0
7,129.2031791930539,0,283.61092466294787,0.8614136276664897,0
38,39.669884579376316,4,144.0316158556046,0.31949915931762096,1
6,50.529133307757704,0,303.4437054286906,0.9635406782863832,0
3,201.70631051167084,1,322.43508376647276,0.6444888607285919,0
5,149.22838035178523,0,346.87274243983467,0.7832765764216816,0
71,2.0,2,164.698782938891,0.0,1
3,126.69720504707409,0,267.8590561775275,0.8000441642483652,0
5,106.08264102306211,0,213.8163557688141,0.6652282707774537,0
4,124.30622645435594,0,139.90090429294668,0.9719075505041366,0
6,92.52077110945064,0,127.51580403277062,0.8191729208384021,0
7,51.1329331726662,0,249.4811258751087,0.7682853947900635,0
4,122.05981715404127,1,212.609760792393,0.5795729854266395,0
6,134.18304235714714,0,309.42331749576533,1.0,0
113,24.08578304988996,2,40.0,0.24000727229827737,1
3,50.76507205543667,0,304.6318352479409,0.7945919613284738,0
3,142.09523358158395,1,353.59228324677525,0.7607603681705066,0
4,145.60858998814987,0,162.50440622435423,1.0,0
12,34.7525019240509,1,60.0,0.5980176858587622,1
7,148.859843604416,5,209.46057752003992,0.6558406900413014,1
61,34.049694416469066,2,188.4509310215695,0.0,1
3,125.24599635120367,0,321.3323475429907,0.91545486611672,0
61,18.367302131176125,3,171.97247570124023,0.05657868457883756,1
2,99.18972288155979,0,243.16361111933438,0.8133495630443375,0
34,56.487530056219676,12,237.97409259761588,0.08044765201155131,1
5,145.6720176808026,0,211.61793002801002,0.5887565039079,0
2,112.90842636036987,0,315.1951281946048,0.8003632749805552,0
7,119.18742750104037,1,258.2595377207395,0.9079588572634956,0
5,183.57009422221236,0,195.53211984435683,0.8510243850910488,0
4,156.21079739099494,0,248.45361626828083,0.776265770457406,0
8,114.25019212136006,0,337.5719893600706,1.0,0
3,180.9849630958923,0,254.08918217577454,1.0,0
10,134.57747750797205,0,178.8289096151366,0.965706943530788,0
6,182.12339311364994,0,242.01666901191055,0.7144076981733936,0
6,192.16705306079987,0,198.24761980779246,0.7237327825957017,0
6,133.40475157838668,0,263.12426189433836,0.8805183632008455,0
4,101.65363193863156,1,230.43584638219008,0.8569612879985239,0
5,46.54020025168605,0,383.27197906090333,1.0,0
22,60.87666604031784,2,202.43022076907013,0.14657098394871224,1
9,118.6796878675815,0,149.1666830831675,1.0,0
6,113.75563798799362,0,126.15491666036435,0.829292229808808,0
5,25.49460333137125,0,60.0,0.8784579333026525,0
4,147.8463681106801,1,210.10820458039674,1.0,0
3,138.16448469267544,1,217.30399270245343,0.5865821189911287,0
39,20.41394516318448,7,267.3436435566604,0.2307840019093981,1
3,134.54057977517317,1,291.8789712464218,1.0,0
9,132.0279573384793,1,166.30398510470874,0.8896321165649312,0
4,79.67405335994756,0,221.5977073816021,0.9931092727844448,0
127,14.822251840267622,1,160.93865826496568,0.07302483086043962,1
17,17.016462675554195,4,235.0677593828731,0.772696931718342,1
6,54.75003100852894,0,276.9755221673916,0.9614540518214346,0
44,79.17255664536609,8,214.76331601777153,0.37132965218400776,1
5,144.14197065689788,1,293.2474926933232,0.7908859130687258,0
5,86.93424383573694,1,281.6894554764859,0.7975496133563549,0
5,158.71992860048064,0,281.77473192794685,0.8247063969112277,0
8,119.22806563231711,0,287.85114448571727,0.8438314281512526,0
4,90.59877234572332,0,289.51796173508586,0.956325204536911,0
58,9.638560315639088,3,131.79086716095657,0.2746407593497273,1
2,135.83746455275255,1,278.45466904912786,0.5948062152777117,0
2,176.50503946558038,0,296.19379953318816,0.5938676612594828,0
5,153.53625209966324,1,166.7968978330855,0.9140554004016539,0
38,32.69420633769441,5,124.01044827596712,0.4518622729894144,1
8,55.77520403854965,0,350.4435138127976,1.0,0
6,122.62746664321871,0,208.65713949789566,1.0,0
3,93.07415343412174,0,392.3617464734549,0.96182846211968,0
2,50.1092131529372,0,219.32579215361466,0.8854383245933104,0
9,131.42507725989768,0,212.6884511312245,0.9675274706680519,0
5,121.24368450701635,0,140.02199133910614,1.0,0
125,7.253600688650835,2,105.9037847328548,0.185902827736702,1
5,197.2425900436534,0,263.33667677217034,0.9137314256257607,0
65,25.382973928941336,1,248.06272487662943,0.0,1
5,145.49818587766592,1,293.00910921037536,0.9135067880194699,0
1,123.91835008767761,1,263.2980936651749,0.8306569322624398,0
20,57.31623495011977,2,293.1183673578821,0.42374900776818636,1
7,143.88144633399577,0,307.1636022396132,0.7099155818730494,0
121,10.315153610712478,4,142.4634780095172,0.0,1
5,102.54376298869666,0,303.74233136065106,0.5590246705604792,0
8,218.35470535593356,1,285.9436305735095,0.9046117219808556,0
102,12.40898835818981,2,40.0,0.04891856719489204,1
3,120.07060445124964,0,198.7299424823816,0.8268824118954334,0
5,145.82000020624932,0,249.7860069562144,0.9956120136542168,0
7,195.75143760947563,0,327.61728125315085,0.8891581499864633,0
6,174.69509733386826,0,282.30948980913814,0.907360602029051,0
4,109.81197303532085,1,253.2821250326885,0.7593755790026409,0
3,180.05361177295185,0,425.3339500516618,0.9016768631837251,0
12,115.72992697641223,1,191.41391411711112,0.9299370697158964,0
11,77.39566770310688,2,273.38500647202284,0.5086595109748939,1
4,72.5710236699128,2,81.94525062070414,1.0,0
108,16.94252689782703,3,131.41551041467605,0.04231636280899326,1
11,50.942521783041144,2,259.04345280976383,0.7900358002618783,1
6,81.80705231913004,0,237.81043881937046,0.9011042435722827,0
5,136.60832103115746,2,163.32600805436078,0.8564283305845761,0
3,202.75563902075757,1,226.99573900374295,0.795286791455151,0
3,171.15102079422218,0,321.19422755082417,0.8410509555935215,0
6,158.31573832092658,0,194.39880577609665,0.8260526899077887,0
6,87.48402700608551,1,151.83792318231713,0.9139850137327807,0
3,132.38727933853457,1,295.0519122740342,0.8059658239153403,0
4,108.63206857715204,1,166.2814053343234,0.9704720279984621,0
5,151.1155749503581,0,287.35255601357386,1.0,0
8,159.0662976064983,0,320.28909191588764,0.9037157868209615,0
34,63.484950013067795,8,128.01042860073812,0.1234660945753333,1
4,67.2198783129318,0,221.13871330325526,0.8740808796436297,0
4,115.84998388095302,1,363.20184147639014,0.6987754250512166,0
3,186.50042489897893,0,109.82297494576167,0.8816575620865669,0
110,5.088156451169298,2,198.00471573063277,0.007052125108145591,1
5,186.42773897574742,0,232.15748139271682,0.8997819498200054,0
2,97.64282710802267,0,307.1199422069141,0.9168400692554757,0
10,96.4621257305043,0,162.1317449038635,0.8313230927535665,0
6,129.1593873081457,0,231.88195972942506,0.4225601734885986,0
3,95.06199167917201,0,144.1854973777274,0.836019140948967,0
139,4.1384592502912865,1,67.74116696520969,0.07407373587809372,1
4,100.53737273317603,4,228.625930698283,0.5476243680836842,1
6,109.30289939398855,0,471.0393218723575,0.7743880812183903,0
7,52.468106492090044,0,283.9856493169598,0.8384708065312884,0
5,172.80309015751885,0,356.37834597513347,0.9101163414809396,0
113,7.527309567671959,4,115.70861699863238,0.3086071638604493,1
3,166.73074503595925,0,235.14639960714223,1.0,0
6,58.20275235411181,0,374.5221570071621,0.8337271146438707,0
55,7.681250815233717,1,252.64200744311256,0.010641383086212567,1
4,83.89870579182033,0,277.91187118924273,0.8682411494505556,0
5,191.86912874573883,1,349.353777443194,0.5731880548115632,0
38,39.004504427306756,9,254.1603406237895,0.045753803868336815,1
6,45.149994440609106,0,235.80592639974168,0.570917490655114,0
111,16.71840817746259,3,155.04154174607453,0.0,1
7,157.80268090820257,0,229.31476068263657,0.6243398101991973,0
6,153.01053833028692,0,296.17642596585057,0.9819408860821344,0
4,59.740121708414605,0,247.53996573386405,1.0,0
9,115.86628466715507,0,251.0525870158896,0.9783943195808529,0
4,169.03489383186493,0,236.3115869631159,0.7364520559038015,0
6,121.49999833281383,0,202.2697943890024,0.6915639945336783,0
7,152.51619522720688,0,306.1266899670537,0.7816253891048093,0
9,69.24874509705938,3,199.14091637824274,0.7845587131341599,1
2,106.75204266110778,0,273.33815001560754,0.9255871157498895,0
59,16.009943486052112,0,237.14906412981952,0.2081359989637915,1
16,91.08026698900188,3,188.34370213096096,0.31311121037690026,1
123,14.493096389170892,2,62.94654576745864,0.083225495470902,1
5,104.59876712813755,0,263.69629985884336,1.0,0
3,150.28887338496114,0,109.21706764413639,0.6104320830347326,0
14,82.01217926429993,2,309.6594536179119,0.3318906397057644,1
6,46.683627581220186,0,256.8850273985576,0.9792548858227574,0
5,68.57913844379911,2,166.87192552773917,1.0,0
17,80.61801028717873,5,148.34818707795958,0.32127462925281125,1
17,94.26882718453408,2,341.7652503939825,0.34818618527454365,1
7,142.32086679012366,1,128.53822834979675,1.0,0
4,119.89753848746611,0,386.51794180088007,0.6908262946824941,0
4,95.66024925917411,0,249.1271799748222,0.641402903759855,0
7,53.58964762374511,1,171.36328932420813,1.0,0
42,5.0,6,108.52950368777083,0.3222968464506222,1
8,153.186675752193,0,324.8347047087281,0.856587814047185,0
5,167.558064475408,1,86.2347734581541,0.8725973929610197,0
7,181.22985545733243,0,271.92093209598454,0.9896091360324791,0
21,28.344190718655877,4,170.87647351155852,0.48740508024193324,1
5,121.1085874222336,2,263.87204949530786,1.0,0
9,104.16915406933144,0,359.53082382349885,0.6222815307554476,0
4,105.09757539005778,0,304.49088905585626,0.8518726501301374,0
3,100.91632363077892,0,187.32580517470254,0.8175167233510692,0
7,107.53885300374488,0,356.73394314312753,0.6779671300266872,0
45,40.15139323995168,0,207.82153236151476,0.1856306242494349,1
6,118.54503116699016,0,230.75305881385958,0.8991091614982901,0
15,35.14381105740959,3,231.08564161656892,0.4436236804938535,1
32,49.403440357938244,4,54.62781347119467,0.15052295754247141,1
4,94.34871744872628,1,102.81950414685545,0.8979218883770963,0
3,142.67551494150726,0,414.1816038007478,0.9907695786307278,0
4,147.70074089274252,1,411.48969566411364,0.898713256456025,0
1,143.82575029129347,0,147.5883618336739,0.5935534982399041,0
8,55.66344394337126,3,161.1756649332756,0.3202824556659427,1
7,67.38920911355396,0,264.29810086089066,0.6038120997561356,0
19,79.57169592491134,2,120.38691190116468,0.0,1
12,112.37237666401077,1,176.82296810091665,0.5991611726079372,1
5,153.12710525996812,0,422.1265748064723,0.9452281398000595,0
4,97.61374891080325,0,233.84483079878697,1.0,0
9,146.9125999898635,0,257.300829803831,0.6355545518260846,0
6,152.69913825743802,0,182.0396931942131,0.6428474182457281,0
4,129.13240114594197,2,340.1911321405548,0.8271936323413015,0
18,50.393193904374826,1,248.20537752479052,0.19005904391688586,1
127,2.0,1,130.58476788248657,0.22765700850058795,1
24,72.76488035828123,3,186.68661373780768,0.6951115566192576,1
26,60.4385025290261,1,140.6276415552894,0.3494024692952928,1
21,74.74459955283363,3,222.55762797178275,0.14524051391568277,1
2,146.84261598749407,0,247.2298312088979,0.8433391739053819,0
44,42.6635511531291,7,144.68485335080425,0.5114711878921822,1
2,95.48783455868606,1,249.0367898762415,0.5704383526352093,0
35,96.79695630588722,10,271.1301340579592,0.2734303833205576,1
7,166.86528016071242,0,294.07790829547514,0.8779761863978172,0
17,46.94718135546605,3,228.26357095880311,0.23773888746936112,1
88,2.0,0,107.4773812879873,0.12885713775195448,1
126,23.188661350203887,3,136.73211163793277,0.12138147841709951,1
4,83.19984624084837,0,342.61929420805967,0.8394037268763841,0
114,2.0,3,153.89588637025702,0.0666970843114192,1
21,62.29239620843795,3,60.0,0.31247233524947166,1
6,71.79734017785836,4,232.86614887077616,0.8827661647240753,1
17,40.4528161396382,4,233.74920643574265,0.40035952741948355,1
4,115.92530513946194,0,306.0712770712893,0.8285212598992008,0
4,13.166713692490202,0,243.35877842108846,1.0,0
4,85.47926222671748,0,202.49040076781893,0.6722095501118736,0
21,80.44796741768167,3,222.55053444893878,0.48097850979406126,1
7,77.21085650380971,1,132.90280736425643,0.7754026550434157,0
71,24.857862488469706,1,67.08700578163133,0.11022488975191647,1
9,136.95928903046524,1,226.56265082535788,0.6938415752904292,0
120,3.297477874073549,4,184.71772611181774,0.1856346770676778,1
5,165.61725743919834,0,105.48747710364279,0.7625257791260346,0
5,143.85941506095332,0,263.9857615834343,0.7317263718845697,0
7,95.43102352186372,2,217.36425378362839,0.21252154071715748,1
3,104.41819980877814,0,333.6791502666284,1.0,0
113,30.82579154114879,4,158.2810850216332,0.0,1
6,95.41685411449866,0,342.43598054877015,1.0,0
4,104.78013149179147,1,280.0405537667257,1.0,0
6,147.37180114995428,1,242.2906830227815,0.898051200296404,0
3,138.57353032403964,2,238.48629016100648,0.9529784594905374,0
6,26.229219995740856,0,290.67482100914714,0.9832280412385055,0
38,47.71947139671522,12,258.9663333851845,0.6065847498749769,1
3,90.26012975837752,0,257.5984978108231,0.8209327238767511,0
3,165.13211693702104,1,403.1217029691176,0.5423999344192818,0
21,84.20992692989329,2,222.95250437814366,0.1637252452263145,1
3,126.4266853020048,0,262.91815089551426,1.0,0
6,126.74130381200293,0,347.32511903435017,0.9174891563397732,0
2,69.83137774905745,0,315.82226265827944,0.7205466695313633,0
22,15.172839055102225,5,185.46424745998698,0.1286141067116877,1
6,166.8561525810993,0,236.7726519322239,0.8001503521588278,0
6,103.16736534522475,0,107.91588483575184,0.8905686874815754,0
65,23.505645263256387,0,103.6719292364414,0.13322636336749033,1
122,23.821030030663838,1,157.2850021688033,0.25437854532667,1
11,151.30392237464073,3,339.4223474078382,0.4219292325249503,1
0,90.51157979907637,0,134.0461223967563,1.0,0
3,148.04970579716237,0,304.7928266060732,0.8638187825786313,0
3,98.71643226048936,0,241.5636110389381,0.7787827941030229,0
25,85.65100358792033,4,82.82145950177821,0.5279999794105126,1
37,57.44397016482996,7,156.9430308589894,0.6918359995394973,1
40,14.66515576051529,13,190.92093179934992,0.3815609940256034,1
2,145.26006318466918,0,252.61884385855058,0.6743492102013955,0
5,149.2368559377186,0,168.3284292047334,0.6808761735735446,0
6,130.881786198817,0,225.51354496950003,0.7919007017693729,0
8,99.6141826829977,0,360.17806518171903,1.0,0
39,33.366932501019875,3,323.67079891329655,0.35456455383587737,1
3,120.92192516076811,0,306.1525439658584,1.0,0
4,197.9859201887892,0,398.6748703574046,1.0,0
6,163.56991134679126,0,275.17416417545536,0.9592876546134201,0
8,116.3908233431884,1,206.99914136120185,0.6835805478780189,0
24,54.71556527730122,4,191.47425665610484,0.008987760438586756,1
33,37.704945029740216,8,74.53812717240012,0.31016231683726275,1
7,88.11328566704394,0,302.24375552541807,0.7549573195389684,0
4,96.76724594718482,1,325.0541934895094,0.8818429145528752,0
123,35.29564658830596,0,157.4578400083808,0.02780023282551517,1
9,155.90105231526155,0,188.81385486624458,1.0,0
5,151.0442869682378,1,233.6282805065649,0.8373006041702568,0
4,124.9290379666571,0,209.87658823296505,0.6590231924074893,0
4,141.34477568131456,0,105.88958244508419,0.7941609045397875,0
3,131.96458034719396,1,135.3685551483962,0.934911924900497,0
8,64.11580169227123,0,328.8295199067685,0.8217216417615488,0
67,12.167450694035383,2,84.9104505449668,0.28445981848386187,1
5,115.98057150594381,0,347.2654372535499,1.0,0
13,189.92151468157533,0,241.14887123823945,0.821418063025591,0
5,83.10795950748208,1,209.85589571801017,0.8301366228757161,0
5,142.0737464843211,0,296.1769622556846,0.9744227716098605,0
17,98.93395153865879,5,237.01797590444156,0.7250791053380374,1
23,95.59955164040338,4,118.32043198514246,0.3208365650380692,1
3,156.14632891883304,0,121.46424346942598,0.7013031561911824,0
125,24.041090803475974,0,185.29160872534553,0.28519015752972054,1
6,163.97440146566672,0,194.7124426261117,0.9305722239539854,0
6,10.0,2,225.88285090977186,0.9959231056643384,0
11,145.34751441946435,3,232.80409348839908,0.6682131009492772,1
11,103.15247014723192,1,152.8817356859616,0.7584766578134088,0
4,158.27667863730377,0,60.0,0.6355235655099393,0
5,164.80252536681436,0,329.86565618504153,0.9672974513571035,0
9,66.79564359466298,0,314.4456917447263,1.0,0
117,22.510460264510954,0,130.84176711182138,0.0,1
7,115.28721544007182,1,171.9353200883397,0.9813084734361452,0
5,38.998058911204225,0,266.90556414819736,0.8643655096735817,0
44,19.636169876216588,8,55.93792028591892,0.6319817543433679,1
18,53.749608518571065,8,275.4820818613592,0.19388499089286296,1
5,69.77770689348898,0,188.92128601399338,0.8069497058199913,0
37,55.26642619684544,9,52.58772463388581,0.04319075182932868,1
6,153.64305542013247,0,305.78922368380313,0.891785343058594,0
2,149.48794845691327,0,371.91484631066555,0.7754191538204543,0
5,73.4667369606039,0,225.3316581927948,1.0,0
7,55.263612395226644,0,322.21888598413415,0.7280240696234951,0
4,157.7723150576856,1,315.8269450643532,0.9422118472302341,0
4,157.2669099592471,0,205.42908707679902,0.8983163324588516,0
5,169.25863599091903,1,305.1279152501231,1.0,0
11,80.67711764450415,3,156.32181969308246,0.5799978392305142,1
13,107.99230064160659,0,367.94029862337413,0.9177669178520963,0
5,91.80879162518632,0,295.11494529820226,0.7546726285145743,0
8,60.979348131465194,1,277.92734409094805,0.7899706492346007,0
53,12.540158649583645,0,165.55955375285464,0.08843515843383688,1
2,222.74544557820514,1,376.2116344498695,1.0,0
9,147.98668372473333,1,167.33826153467956,1.0,0
2,147.0348266399144,0,387.3667472487929,0.4939026547600942,0
17,70.3397863376902,3,183.82457365260478,0.5837475245843325,1
60,42.06722813091636,2,178.79062429097917,0.16989493410717704,1
13,17.939780577730467,3,223.30010244740154,0.34546148925275394,1
137,5.319019073985711,5,85.54826111142869,0.0,1
5,127.25820503208845,0,226.1605574828769,0.7312822432352676,0
16,50.643980005333404,6,282.5886488748686,0.5487993396007385,1
122,10.566867059833429,1,186.48885925782434,0.09090402615887372,1
3,239.90786380126988,1,274.44368408155265,0.7054952193697661,0
2,175.7676415087053,0,231.70699250535174,0.9638760246654933,0
5,106.24755673670217,0,179.34412770043815,0.7608190406728044,0
5,74.46938747634138,0,259.6739144401192,1.0,0
4,173.9312172026337,0,248.38554656982967,0.5973775853410473,0
6,153.29069424980835,0,322.33147259172773,0.9131930624569272,0
118,15.629053027654143,4,108.19437704683948,0.1278086585641287,1
45,54.958850575188414,8,117.0203086430323,0.5054507664742729,1
5,162.45813348598398,0,222.86200791232113,0.7843716822207806,0
8,163.99403886759882,1,267.85923952037876,0.4976968266074972,0
6,144.38445942812783,0,184.29381599279017,0.7990346036431165,0
13,86.45839960178768,3,239.43086249478722,0.6082806257285768,1
3,98.55625084202774,0,362.7466251502614,0.7878243842910694,0
19,53.6191814006503,5,216.5346351276529,0.34739210282932087,1
2,113.75493444833431,0,246.47123837468288,0.897098824766918,0
8,96.54444664723434,2,328.57560209692167,1.0,0
29,26.06409246402073,5,135.31516354346132,0.5178689017718343,1
17,17.401871278597458,3,240.88101107632883,0.38250745917002493,1
131,16.935664779992848,1,175.04026976142035,0.020385534691226226,1
27,38.94398021553971,9,210.40967596210882,0.3259446210697289,1
4,111.80638997126152,1,149.27365254214394,1.0,0
8,57.11808373514703,0,291.4194812506646,0.8436844115875225,0
8,141.03177759065497,1,302.8538797714963,0.9423315187547041,0
5,171.00002176305986,0,264.08243701107375,0.8620998177917475,0
7,201.6833256508287,0,182.11248502989204,0.885895436783144,0
4,107.93196930182364,0,244.0284089582741,1.0,0
19,38.26889329110639,3,299.9998253634429,0.5238053506960016,1
4,137.34937712094518,0,319.18187407045434,0.9115354088678507,0
8,173.56358812188813,0,170.61255265998528,1.0,0
4,139.76369003039346,0,303.536725973109,0.9827409883289588,0
38,48.58201652869845,7,97.87785160801191,0.03679367949695447,1
6,19.898171003082048,1,448.1721591134799,0.7776668021862281,0
30,33.7703219328279,10,183.86865520234775,0.25058946707831853,1
6,129.0032604233448,0,338.3795091700195,0.8265840052828012,0
5,126.73053248726906,0,287.9623796028116,0.8417422344749926,0
130,30.883967268568945,3,79.1284649669672,0.0,1
44,30.17522224896844,7,273.3616270599869,0.29823855610824174,1
4,87.10550727062203,1,297.103128531925,0.8988349430980553,0
52,5.972932155382282,0,107.61614810079028,0.13724688496335008,1
8,155.34245757805525,0,398.85770893185895,0.8810334492464255,0
38,53.362016389109996,11,306.8401305259472,0.44154816844664857,1
108,15.894545009841432,4,144.48456290834875,0.2838845386478723,1
108,2.0,1,244.7735272465945,0.04744129160633473,1
5,64.83897366763034,0,253.90017398155757,0.9741879395732891,0
2,157.01088656023742,0,429.0150993643458,0.6801921037688492,0
3,99.30645523160325,0,363.0225417035031,1.0,0
24,42.26708456579325,4,127.89661125332456,0.6025101342792044,1
1,120.12063333781369,0,115.53846651081628,0.9709268626743344,0
26,48.404723541997356,6,224.46209557410134,0.1306195008133115,1
10,131.12671225379205,0,209.57061159030408,0.937345763731772,0
5,113.16737252786731,0,341.1755081976353,1.0,0
6,135.5470120070769,0,146.79826614940833,0.9037590125125831,0
59,15.532691229302259,0,119.68047464660481,0.2529692816082891,1
7,99.59822878683354,0,313.8366250691413,0.831228982023221,0
29,39.83051976215607,6,277.09784579188505,0.5671700968338764,1
3,63.983129150746066,0,266.9447838377387,0.8630121063975471,0
7,101.73362002171207,0,285.47345411532285,0.6145186225697408,0
5,74.15620923471397,0,202.18818800083642,1.0,0
3,124.98811587814986,2,169.99509188186695,0.9675235252490152,0
14,73.63415335188891,4,320.6466390620159,0.28398070648855356,1
4,31.258087279013953,1,263.1982098860956,0.7532051017169674,0
0,148.59577531824903,1,184.49640452921125,0.6806138766024555,0
36,27.214421802198736,7,152.60406464480255,0.0,1
6,130.59343803364666,4,400.4134132215387,0.530137411027156,1
4,204.80138926513777,0,86.58835185123458,0.9237566484265848,0
4,156.1553138194759,0,368.81233990674264,0.8249116877047731,0
7,139.2939750287569,1,227.3779432421711,1.0,0
118,6.115001242315659,3,44.79624809392056,0.021488287631401426,1
8,114.1927885013095,1,330.9488088936748,0.9364931836172017,0
3,124.80640987739976,0,190.15350179981039,0.8696863410765997,0
3,78.77752717686323,0,232.23821159491624,0.8167148894101327,0
57,2.0,3,203.72340052736251,0.03781777012569741,1
3,60.635600761631565,0,268.2796342724827,1.0,0
9,90.9221774433053,1,258.3947436016582,0.8489250924525809,0
4,135.0250164208455,0,148.94592899732373,1.0,0
120,21.665456776234837,5,74.53607309777598,0.2556984749851514,1
8,104.50592172958186,0,337.5646069690428,0.9926332404299493,0
5,157.79627577169703,0,346.11843780081324,0.9448499613054971,0
28,33.166527176695034,5,205.33747492643238,0.303927899709826,1
11,27.201752741458147,0,269.9765959134366,0.5730509567883135,1
136,32.578538967505324,1,142.23608705551587,0.14604670186545232,1
4,122.85603154740647,0,261.5787844017277,0.8661282900824118,0
4,149.67128586587285,1,268.46096447282935,0.9517579945037267,0
120,8.841451216223325,4,153.4018749440511,0.10742140880851388,1
5,144.97131396310238,1,259.05519639655375,1.0,0
9,92.23567078588259,4,60.0,0.4997472803078692,1
9,36.318050645698484,1,198.47950554821225,0.5710819421770026,1
7,127.51612204125722,0,343.4774202451535,1.0,0
4,96.85496651344731,0,249.3213937997883,0.9914122670284282,0
5,99.55519753028182,1,311.4199680724549,0.7723210322381403,0
1,186.7348860393784,1,219.7239242205138,0.48672528589285513,0
6,147.36987579299216,0,223.40031260111382,0.9110383708093036,0
32,5.0,5,181.38637931977604,0.519342575398905,1
106,28.638603994431865,2,111.55331127542202,0.1451574976481826,1
9,186.14838752824383,0,186.716054885892,0.8708554161218913,0
6,163.58085519799488,0,340.8331339544048,1.0,0
11,98.49523857210629,4,155.36647930700596,0.5108865161460295,1
43,20.858184064941014,10,258.57036983247104,0.27994121832778684,1
4,163.2764130307478,0,268.2031640501689,0.8808761403830041,0
39,50.06225797728075,5,65.88207554449357,0.18821229824081886,1
17,113.78046018809508,5,202.2956771211518,0.3741264148208277,1
6,67.50276856867305,0,234.11208452929594,0.9996819221287347,0
5,127.45248354796945,0,156.32758191300798,0.8544697652878706,0
3,113.36086893142065,0,223.43271971627007,0.84327560582882,0
3,117.21782272218672,0,244.9779636409448,1.0,0
6,116.21310885979123,1,417.5974886677016,0.8031884893126782,0
6,131.0182209319535,0,226.22105716770255,0.9384907985959662,0
4,158.82993782401732,1,253.4019771862419,0.5009515749276784,0
3,225.99010065150185,0,182.45849902900403,0.9140644715249663,0
32,20.76348594419401,7,169.37732039201535,0.4104047389247813,1
4,110.45380972255614,0,210.96448613240437,1.0,0
6,71.50912003776195,0,218.85748620449243,0.6493875715370527,0
2,92.91669258788468,0,193.4098264613243,0.9094946628407918,0
5,152.17335330558626,0,285.81806788773935,0.8590264358357248,0
12,67.26558221038503,9,128.85136188286597,0.3892877452768301,1
35,37.06322275499595,11,159.68049139421436,0.7955824221598278,1
10,122.34056466491504,0,309.6864189737618,1.0,0
7,80.86977594301418,3,198.7491677850583,0.8250676335700716,1
120,16.57269598318361,0,151.09990571625733,0.0,1
6,161.24020573860676,1,265.14334381227786,0.6377079316252413,0
6,125.09753538451179,2,248.33196587809732,0.827401864662571,0
4,144.54167825984638,1,303.6293644163577,0.7296424598403614,0
5,135.6490245326104,0,278.0222606255398,0.9867952383919891,0
2,147.37009315969655,0,273.89089942243703,0.6760356410251281,0
31,5.0,7,197.68311901203265,0.14860992078606514,1
4,150.37227978508548,0,229.8025392006254,0.8862769290889495,0
45,31.658037034312255,5,155.57601218935622,0.5965827909407978,1
3,154.356505833068,1,201.16016367734068,0.7111796765577834,0
4,125.47292578821234,0,295.44089214415067,0.7916241478040634,0
6,115.35193327135566,1,136.174749142828,0.8391064577955553,0
4,47.318655646569255,0,338.90184842606584,0.9889886917852869,0
1,74.78889266649716,0,249.21695542929947,1.0,0
6,203.940447661335,0,248.91613206141315,0.7373575898982769,0
51,71.72435413594455,7,132.3675441259166,0.047148351349482684,1
35,71.85260513119312,11,67.74479886937368,0.49872334547304514,1
6,161.89754448046145,0,293.8406273418685,0.979112558968808,0
7,133.18088547326136,0,392.52578405999503,0.9215216925984557,0
9,149.79056354170092,0,274.53708102778484,0.9932414536376416,0
13,28.914562240527,4,347.2433301775532,0.4170317972883031,1
6,131.67151693785829,1,242.59136064388926,0.6687814213591458,0
3,162.0939674503125,3,272.4658542673289,0.7222328051376417,0
25,29.467741135516285,4,248.50412847006262,0.34039329637400667,1
3,115.23899389967958,0,245.4111053991589,1.0,0
3,172.3545052929166,0,376.39271112841345,0.9708557321091293,0
7,125.7703234787024,0,211.0177268298353,0.6715886053858913,0
17,38.99991529439317,4,218.9452726732904,0.2738393877601595,1
26,8.0,4,268.0624095310978,0.5401229599557414,1
5,88.5014331114278,0,127.97088066452078,0.521108079360791,0
11,61.194141444049315,5,302.2700656942498,0.27537379802554435,1
3,34.422619944312345,0,319.0827916197137,0.7485412089139271,0
55,19.04496594636977,2,248.26807989275935,0.1821345000118909,1
4,152.78267898887356,0,240.37298596017473,0.8074874579488512,0
6,189.25112307172873,0,293.1479789750573,1.0,0
4,191.11079650204732,0,307.3156826430464,0.8213480785332453,0
32,61.069322649375046,4,165.9514525123889,0.5228341507099257,1
7,123.63543939473088,0,155.7931068770459,0.6291400156930038,0
6,86.53093331772104,1,249.8472679717816,1.0,0
6,153.09574748823832,0,241.58415270941097,0.4682236881841196,0
6,113.53010127814544,0,245.74011993431543,0.5082309845431991,0
9,130.08091312876408,0,206.11890282663296,0.873111783121077,0
110,13.691314917032626,1,150.56255207720517,0.04032698413758935,1
4,190.04934760848806,0,281.3857085779265,0.6499557789685537,0
32,48.04969959174746,10,237.92241170976266,0.6713594927514959,1
136,9.156808405855507,1,40.0,0.11091206702787085,1
4,93.67813265410344,0,211.29206953677806,0.8118020568157049,0
2,182.792479152517,0,245.78542177346318,0.5705980436636153,0
11,8.0,5,196.94248688108777,0.4365612066145572,1
2,118.95508605524181,2,199.47473018376712,0.6046848336189592,0
8,90.23277494154212,0,278.6096779918722,0.582488673659067,0
2,80.80727504565185,0,234.05062531475343,1.0,0
9,103.25404955181938,0,68.42910700306916,0.7797656220305683,0
6,94.59649107918217,1,204.71083460672736,0.724772925897056,0
11,65.95852649770288,2,281.10940166193836,0.6459928182024977,1
6,143.1654403456734,1,289.42368495231636,0.7382731437471274,0
54,12.777450967602073,1,139.22759733226457,0.020087784700828174,1
9,159.58199482193746,0,110.18487264881972,0.9731531864627977,0
11,48.59843522687173,6,236.61194111644016,0.048380343564546194,1
7,170.31014043304077,0,174.30170464119112,0.9621222450135037,0
118,8.216011196907312,3,48.30994622035567,0.20264841007162018,1
2,94.16005933926641,0,274.32340194800366,0.7525552256158694,0
4,141.03254729250014,0,228.9973730206085,0.571216249343543,0
17,55.93409152750078,4,142.88253765431554,0.5186621301139889,1
4,82.78609932223783,1,301.64385127406774,0.5880638415965712,0
6,103.00022949222449,0,230.9139069239116,0.6905932707881098,0
1,80.21639949822355,1,258.20080186499376,0.8689365012336598,0
102,11.460977745516564,1,171.4827859856204,0.014074314035950598,1
3,141.7071529991773,0,388.9859643432973,1.0,0
7,126.91219796063609,0,253.34600760419784,1.0,0
6,192.44788949619524,0,74.69905607346085,0.8929336853326385,0
3,107.23888641749761,2,164.2067772058905,0.6923420501646902,1
3,99.02359552551188,0,253.8810500830682,0.9306463078238832,0
10,95.50066744258433,1,305.7821663302698,1.0,0
6,105.70090508584116,0,201.9207685493388,0.6493344984643478,0
7,191.42835960270514,0,303.81152671383273,1.0,0
8,106.57220497747295,4,200.39830292410008,0.49463474129823265,1
4,123.21378874028645,1,236.45510047643415,0.9409900290583736,0
11,137.1009025478512,0,433.1553584816822,0.9528688841203776,0
49,71.57489648430376,7,220.87201446790456,0.5797256215229446,1
4,117.1529955606562,1,149.5189324526687,0.7882115848958627,0
22,26.469863255081446,2,156.9708536531452,0.4568310248101201,1
4,84.36739872890178,0,88.23360518141544,0.7057184805844797,0
3,210.80899849820062,1,174.4304452093135,0.7776284553313857,0
6,78.33318437226596,2,204.42688263041106,0.9837570704062192,0
1,63.99988635587273,0,306.4791292589999,0.9707608569174999,0
6,123.07546889873255,0,342.7001005882829,0.7402721793534894,0
4,90.28824095457088,0,173.54239473054776,0.7721576059442664,0
33,32.40128482085107,4,267.49567159310396,0.23244586527567504,1
4,113.5127899294112,0,227.5862680858253,0.6795385371783227,0
19,77.89596642492046,6,262.46701703879756,0.17886758324789398,1
34,5.0,10,199.14876957075285,0.1955384047529056,1
7,169.20717797066928,1,202.40101775313155,1.0,0
34,87.97473265421337,8,93.5998471740576,0.45383710887098266,1
3,87.78733423943403,1,225.4819189584992,0.7264683546099197,0
7,80.81749347973489,0,296.29787056101173,0.7601654002722799,0
3,109.50367478913267,0,161.86107296605414,0.8701360688060005,0
61,34.822016577072084,3,81.85999337319521,0.0,1
5,108.91548974926533,0,345.0575023829452,0.7370192318405188,0
3,147.5749845361895,0,121.02126272965342,0.8249198814278608,0
8,95.91998220617512,0,196.46022356818173,0.9920914248418913,0
37,34.14582168375933,12,280.46426325199997,0.26533703587051166,1
4,86.41514769180117,0,323.9854166710653,0.677038810887123,0
7,156.55369546249213,0,208.6312139263439,0.8708540413292175,0
62,14.865664217485941,0,139.25726266994332,0.20228849581973285,1
14,78.77216218644664,2,134.65475864867375,0.488273753804081,1
6,92.50742022467966,0,243.58408380273582,0.9650056339867421,0
3,117.17273686127056,0,393.7907028626704,0.6274700257642667,0
35,73.11191584960709,4,384.27967962942455,0.8198197291553615,1
8,174.40564370708455,0,212.5705097207847,0.8481976213458879,0
4,122.12922630167782,1,321.2890032160143,0.8890412938278243,0
7,119.23099759384887,1,250.12115333564412,0.9357147378497951,0
31,77.03694394100734,7,238.62995357302157,0.43608215268230427,1
66,5.9165935675335515,1,143.10339593155132,0.12910048938380636,1
8,74.23124732860312,1,269.1577284827208,0.7300929696997951,0
5,83.49070167924351,0,255.88991915762173,0.9134371614760805,0
5,89.94803842590058,0,199.0520175412407,1.0,0
2,74.54286214056579,0,176.85230014461348,0.8917517188868364,0
7,52.3871709796336,1,262.0087254848896,0.7397986234425465,0
24,134.5745729871172,7,153.39606218109438,0.2942559388755001,1
4,169.36432583877294,0,343.7282572459955,0.9709955866139888,0
7,98.81912087329823,0,200.370583189539,0.9522663404671562,0
6,45.88134622703095,0,142.87013719783997,0.6090867886630845,0
16,63.455583611665084,5,164.326340519484,0.4584067648694154,1
1,103.37884722374947,0,228.37343823758977,0.8110729247468059,0
3,124.84236676235254,0,425.1671322262092,0.8206897743766901,0
7,59.78011128124382,0,345.4960686267375,0.9905375689446742,0
7,136.85075345441976,0,238.26509298457586,0.6356982388150441,1
7,118.66450354959348,0,209.0130615417962,1.0,0
38,43.89606070296631,5,135.50632578933707,0.6455621611022837,1
7,146.19855665491423,0,276.36036760669964,0.6201494191859565,0
25,79.75971821869801,6,165.36274691456583,0.53949346494433,1
4,167.7892534686822,0,504.6484732990294,0.9919979573756782,0
3,91.24819407449475,0,73.84258925303041,1.0,0
13,52.5338062181084,4,202.765839240686,0.17154911622626778,1
3,167.1187731048968,1,303.7473082583396,0.7745385614706926,0
4,139.72438159001706,0,234.55499087432025,0.7858816451077213,0
7,184.5455972086315,0,246.66730453713643,0.5676270197348207,0
3,116.1759508248431,0,139.57176099151243,0.7271909549117747,0
5,227.4087050333859,1,344.4325853867379,0.7867302850759226,0
6,98.19110966171193,2,263.66325666917595,1.0,0
5,89.71136017991707,0,220.69556339690553,0.796614063324294,0
8,45.65691705402152,0,187.76320139274102,0.9184899739228298,0
4,84.23306911761097,0,288.1103060566653,0.5015245963868494,0
7,66.63212036321187,0,281.7310892851075,1.0,0
1,201.0782223045587,0,259.2833967468144,0.686016037776507,0
5,88.43579591412232,0,340.20366050031697,0.670561089215627,0
16,28.44348580636067,5,358.63295748599865,0.17801951548581962,1
7,128.4442458022791,0,185.67517731494453,0.45730019416768924,0
3,103.35811689580835,0,320.0519334769024,1.0,0
23,70.59195641757418,8,84.48602347050374,0.43842123670887223,1
6,102.47676959319897,0,318.1350673844022,0.8207994972010342,0
14,59.428125423450695,4,338.4203996122327,0.4790707976099939,1
4,161.18204195155653,1,433.79724490587284,0.7199318190270539,0
7,152.58648470181527,0,275.137596585206,0.7375212548072554,0
30,59.31629092705095,7,221.84781607511843,0.4514196147847509,1
7,113.42431313297247,1,335.38976552918274,0.7513660154403577,0
44,13.420642916998435,6,175.75243833345434,0.5872694258399376,1
25,51.73254751748111,2,60.0,0.4573318927629089,1
3,98.62581141180159,0,214.44645460407094,0.7439536141132878,0
4,156.5570709309255,0,431.4735705078988,0.6842019399125724,0
6,86.79461065473372,0,245.01273904024018,0.6676135298975148,0
2,145.001135198871,0,302.3955260644562,1.0,0
3,10.0,0,286.4883534330415,0.8751836705132966,0
7,183.38423552291215,0,269.69364193672976,0.839954912183272,0
8,62.68594130959693,0,211.25706963108328,0.8664113758256463,0
3,57.03671931440377,5,183.48971241378644,0.5402160454690912,1
62,27.29562953957056,0,82.92612226802989,0.21461274317839474,1
5,103.87168651793361,0,346.00838195770484,0.6210228592511071,0
115,15.521127390876444,2,189.960408688791,0.1520261774293262,1
5,131.57634096579505,0,295.25629123530615,1.0,0
2,74.88818798869202,0,179.47045029276515,0.7973095473651106,0
22,71.39624331066605,3,271.0141999789013,0.0,1
1,89.95029023126165,1,164.05649073015508,1.0,0
2,84.57521522981818,0,234.9310117174885,0.8881617872175557,0
3,112.46350429767259,1,352.81506363819,0.8129415433131844,0
12,48.1771643901436,2,219.87546174046608,0.25712059025699846,1
9,75.79913302585962,1,387.0538273250288,0.912395614564002,0
8,120.41209567360733,0,239.59215632947888,0.9646394753233878,0
1,129.60990493175387,0,401.3436887502531,0.878610624992003,0
6,135.4372049221676,1,246.86598126198732,0.8777744239642652,0
4,85.79998193842148,0,146.3411715736774,0.8917774705335583,0
6,153.49283273834482,0,160.2108689899939,0.7150890126288707,0
4,116.6251808230911,0,208.52367697779076,0.7933680716215865,0
6,53.59593741385353,0,206.64994445785123,1.0,0
6,99.15152286835594,0,175.85993680023427,0.8100705178979329,0
30,45.65200567264201,2,228.40985132284692,0.366607029308902,1
5,96.65877569251876,5,241.82535684134646,0.8067999722619924,1
6,107.5802522750001,0,81.65131354041918,0.8988510208324121,0
48,62.10487768073868,3,51.54514650981986,0.56791630122427,1
68,15.76827473479619,2,156.94419767093478,0.07761677086911803,1
3,123.80370700483897,0,309.4020891695534,0.8301091658928139,0
10,68.25356071138926,4,193.66835131877167,0.810094223529488,1
14,63.56544126423173,6,340.0785890614398,0.6809638539425898,1
13,95.7826000355982,5,244.31682319173225,0.4374227982717477,1
4,78.01381426360653,0,207.37162354801683,0.825461011161064,0
4,182.7950946774715,0,294.88987547553023,1.0,0
3,53.74084772584083,0,139.93939292082152,0.7958109303892571,0
4,160.87013783128697,0,277.61760550569005,0.9543464917767819,0
125,2.0,2,149.60032253500808,0.2361050125357764,1
5,137.36764607003107,0,398.3363321713241,0.8437875655763186,0
36,9.659519156315048,4,253.63189202520957,0.11927276286571496,1
0,108.09512801337124,0,297.23504299374497,0.9578601088514587,0
6,10.0,0,116.76747858849176,0.8627092326776706,0
16,119.36574579443892,3,169.61781735561556,0.10396507642428215,1
4,81.09367124357459,0,152.9562445739694,0.851273088236352,0
116,30.292885014340346,2,40.0,0.053520786218001645,1
19,47.242409566326586,2,114.89166102786588,0.7609465521372927,1
3,112.72746042085012,2,170.81976919574083,0.8512991885955409,0
3,110.76298730312901,1,187.3061071619908,0.865378113831894,0
5,215.58743843513503,1,242.95757288050496,1.0,0
3,153.50452498682034,1,89.53743522457785,0.8132904590921105,0
5,10.0,0,186.5215403097084,0.9292876661719561,0
56,17.485781183459586,1,244.11320522504496,0.1473526998788106,1
63,34.45655912308471,0,129.1676273193974,0.0,1
6,128.8914090400558,1,405.42485307454575,1.0,0
3,40.227362569145726,1,206.3569880795076,1.0,0
104,9.35337267569893,1,210.39576167534508,0.0,1
61,33.77753043255292,3,132.38136842055752,0.10718943081785735,1
58,20.131884993361204,1,219.51906441575227,0.1747952377682741,1
105,2.0,2,172.20128973608655,0.14971305463966567,1
5,148.51059404771033,1,170.56386693096667,0.5998908076800336,0
7,69.37061041282234,2,127.14545138436034,0.7712378362246504,0
2,71.95751262781505,0,210.95724736909673,0.890694290666377,0
24,8.0,8,140.87904537889727,0.5262989831797549,1
3,128.29247111795968,0,274.67531680935116,0.8848495663412935,0
7,48.7831230368003,1,323.02929100340094,1.0,0
5,101.11451963193926,0,282.64555950936506,0.5052452942276103,0
3,144.1261010719652,0,255.1440471279546,0.8834629054028947,0
1,45.78970410942994,1,244.31549028062787,0.7474321961170907,0
10,132.86451435438408,0,236.68792795214816,0.7919893044731244,0
30,5.0,5,350.6776300812016,0.12574070671815685,1
6,49.43192077584183,0,144.26730719220404,0.6493103238910559,0
6,46.343317055799524,1,350.1926552196869,0.6849386867398153,0
5,139.93215692836085,1,294.46164938313586,0.9010059184140824,0
5,112.34027679928302,2,270.343972495066,0.6264349681350463,0
6,160.42735984567304,0,359.29844011196013,0.8022622642518482,0
32,52.845425612900485,6,190.05899688361748,0.5015030900711663,1
7,137.49309918186424,1,75.0719184104639,0.945734112700137,0
7,124.91779648455788,0,281.0230773348738,1.0,0
6,133.5166173632017,1,262.334407768248,1.0,0
6,210.60203639643132,1,256.77060686899284,1.0,0
72,17.364072362028434,1,188.1044753863253,0.1259740467761508,1
1,106.92315207812801,0,285.15288121408946,1.0,0
2,74.92788753533068,0,143.38993670145277,0.9289198089759271,0
8,99.19269240018023,0,417.6542595939005,0.7389050421004859,0
7,130.68181880937993,0,247.3672003641442,0.8809865410296652,0
61,4.813898993327773,1,124.35746534193343,0.2846531619634469,1
5,162.72036685654845,1,203.54875957369367,0.8901898728855977,0
59,25.770902806643896,1,177.84174405308616,0.020348044479094513,1
15,117.73808504948369,4,73.4741483710279,0.009724437666590813,1
5,43.99608110019954,0,413.8933736354505,1.0,0
34,41.4319656660968,9,228.07629244182658,0.3171875303595325,1
5,117.23751914358543,0,226.67869846091315,0.9116864852519274,0
20,114.53704730085332,4,241.6881837535207,0.2980625464995645,1
6,112.18338972528825,1,300.77852219678016,0.7452119541568782,0
4,73.06422662664525,0,165.923853606504,0.8800363261739734,0
4,103.0498083263425,0,346.8116189180985,0.6996315104206132,0
7,185.13490664738458,0,134.5646388604715,0.8440489979832441,0
4,136.50067736122296,0,128.714805490974,0.8478834869578978,0
6,112.29693952386046,0,289.2625655687815,0.7916072456394544,0
6,103.8162056934208,1,266.6991240831194,0.7521341413248924,0
5,126.87378283937105,0,249.19254691897297,0.9247851779099575,0
6,166.5953976437511,0,263.51675191043887,0.9974918921573878,0
6,98.07646063117367,1,425.4676886765385,1.0,0
4,109.78943718814985,0,215.23216577549152,0.8879640526531399,0
3,142.8258554925359,0,151.39261441073182,0.6791985014769659,0
6,109.08490702450662,0,256.3601618743987,1.0,0
9,81.8959790572165,0,164.44993147142642,0.7142943349368251,0
3,91.39406905077225,0,230.32606094818334,0.4533038986975624,0
5,64.69560547560664,0,243.4380105760506,0.9387477551221165,0
9,94.49850116387069,4,262.0999212494834,0.5939454445824347,1
2,99.56975644634694,1,336.4948417591059,0.8233163865768751,0
18,35.46674330387402,3,246.56957235714717,0.1921876430346957,1
7,184.5252856791692,0,191.89408128158286,0.7553031154727633,0
33,10.843367371945343,7,228.10854599205035,0.40909976217573757,1
6,206.71582544273195,1,172.9702755320563,0.9561715688742213,0
6,152.58393368354302,1,143.25897065637233,0.8174857139037703,0
5,175.40211776660075,0,276.926073212013,1.0,0
6,155.31025534735815,5,157.38391965304743,0.9545099223376102,1
7,79.73236283035664,0,284.17930008122147,1.0,0
8,108.94313377240249,0,261.14123854673676,0.6263510159614023,0
28,54.13185080352485,13,40.0,0.15661983600444584,1
119,24.781424328677062,2,197.94859684708638,0.0,1
7,155.03507602005396,0,82.34635358860466,0.9820150197186382,0
33,71.55138676836415,8,120.50068940293683,0.3564961183143418,1
5,85.78673450901607,0,213.0834563737185,0.6138048604739702,0
7,126.11811704706932,5,199.82399033631899,0.6167996056000344,1
119,18.949119404929547,1,135.63690185471242,0.24491118740487194,1
7,93.62611899507077,1,336.3534380386439,0.9969279161863324,0
6,66.94401446215012,0,202.57290869450281,1.0,0
3,217.230741765061,0,308.33386533370555,0.8554938137251858,0
45,46.22758214022353,8,332.1007125216905,0.19727977905650884,1
7,97.2419551515257,0,222.3462775289533,1.0,0
5,71.13199328784924,0,247.15042294743682,0.9845139178832819,0
4,51.53555424993574,0,246.20761782592479,0.67600339017547,0
9,183.71202076561545,0,178.43288501287412,0.9630392094153635,0
3,122.68013670358354,0,247.81436005102768,0.9535583388478639,0
6,63.41513284924483,1,240.20575492432883,0.751422673434174,0
5,146.4569106502158,0,365.0969851750291,0.7759640443336258,0
3,157.39104370460578,0,231.910995322466,0.9177273371794838,0
7,64.20642775517675,0,360.94002450894266,0.9739309272034686,0
5,94.05937419577265,1,369.4424617330087,0.6495681103485281,0
35,53.46254174349118,6,177.0170513997484,0.21738573986455184,1
2,98.69948607315747,0,246.68862963263734,0.8215135982882884,0
31,72.26112109588091,5,364.51783017654935,0.08835606944443751,1
4,153.69263439077375,0,307.87620786890534,0.5985468243883951,0
7,119.1073861715844,1,291.725648849072,0.8190290238097251,0
5,173.3000813137313,0,118.8942973346096,1.0,0
13,113.6905045139838,1,242.69396942479264,0.6633443663132084,1
8,78.96729384635975,0,209.06379131587823,0.65509863145423,0
4,134.82159354075918,0,308.61950934280134,0.9850231646059419,0
6,141.9669358755095,0,321.6982304153989,0.8277845926388562,0
21,10.6552812390346,5,207.73949785310643,0.5745238191201117,1
33,5.0,10,143.52902450744904,0.3778710859105897,1
5,163.43573020274746,0,168.74900774147295,0.9248280797320803,0
7,46.271613847901335,0,236.3266339306399,0.9507451372905193,0
2,143.79225099004776,0,206.13099147116614,0.7848910279003178,0
38,40.59449536193838,10,92.15242449728423,0.2031553560115026,1
9,101.42057381619536,0,342.45010467148956,0.8563788251680559,0
101,19.086421782974227,1,169.10183716904692,0.0,1
5,73.08992938001421,0,332.89377170734934,0.9604516149467041,0
3,140.76540691937143,0,304.1990860709608,0.9258839000213354,0
8,95.27190235657658,1,232.95482347277434,0.9152082161677955,0
132,2.0,1,103.22226499745798,0.12515530365992197,1
1,180.83696420411522,0,146.80423347692906,0.7815141131207131,0
5,109.24176162248914,0,170.7804808072907,0.7985622628780965,0
17,100.94554996902953,8,271.7857999510603,0.31765454780562746,1
4,157.65978584431946,0,307.73840765503576,0.8236857458239322,0
13,55.064980694953206,7,224.8676923264305,0.028530933316993856,1
4,135.91876988180996,0,276.9462276356656,1.0,0
36,66.08493975234751,7,232.51553118698806,0.2685333876789634,1
21,38.438305516778264,3,175.98083590105446,0.5550917950708222,1
35,76.30648768421665,10,270.9121722584192,0.41157053833720675,1
4,115.68577975173719,0,124.72918919698422,0.7752351639101933,0
14,73.92799023019954,5,188.85453551725485,0.40250525616464844,1
3,209.20336562704446,1,374.47188231013575,0.7411065776922876,0
9,137.00664168409264,2,214.74738010212192,0.5001644065729938,1
6,67.9906940754839,0,202.10780480420073,0.7464459756876523,0
11,91.90965872453485,1,314.67760392417426,0.6772592641841028,1
8,117.2142908987407,0,416.4453021667118,0.7943834570178433,0
71,25.454096523015988,0,103.9459265915521,0.0,1
5,138.76219648616643,0,210.52418238675133,0.9229269855844567,0
6,148.73075341127304,0,454.18680500419055,0.7301009808548052,0
42,93.25535694876157,10,40.0,0.34370057618871264,1
4,121.51192727810104,0,131.30655451324483,0.9028775103176073,0
110,22.53301275107855,1,145.10197119445107,0.25848946099140874,1
2,74.89784000058536,0,223.37233274347028,0.817345092297569,0
6,96.84780080076254,0,268.7491249428738,0.6952280722652028,0
6,101.31095677654626,0,186.23711946849681,0.849828978783216,0
7,89.67665327469486,1,171.61386640845512,1.0,0
18,25.74779928090164,2,182.49739594036538,0.48810315492489725,1
3,45.79091738702993,0,248.97896501087496,0.534603624130651,0
4,79.33889042811207,0,235.11042696139484,0.675860101716515,0
3,169.35812919685083,0,376.99349031395644,1.0,0
3,130.24521001025457,0,289.65742084342304,1.0,0
8,17.76321016707268,2,300.47253905601326,0.6127346102642404,0
4,106.45891936780022,1,338.8210837674324,1.0,0
6,109.2216560029873,0,269.8428237635851,0.7126651974180773,0
5,60.28660333793703,0,165.50039263921187,0.8954842813253866,0
3,160.97166730874596,0,182.33298936860703,1.0,0
39,61.43620380661707,11,53.8491171496471,0.5377971203517304,1
2,50.1794001192757,0,305.91556178525354,0.7401632529286734,0
55,25.57749039149585,2,138.77229902319246,0.05091426682709846,1
5,147.0155825199491,0,278.22763231091244,0.7607473951698879,0
7,164.52208265115772,0,406.84127967627614,0.5410311395053116,0
3,131.5292209376361,1,307.1418576484004,0.8954586794557812,0
11,79.80028918817601,6,134.8782776102546,0.02172854219087858,1
6,124.99586777273092,0,122.07289995451083,0.9975553933010736,0
2,124.29114876838689,1,281.53486660725656,0.7417616358189209,0
5,90.5155166663562,1,60.0,0.9398273668377786,0
34,57.64840219322407,7,146.11726922660577,0.11856328064964244,1
6,82.99463212507474,0,169.8536055010607,0.8206181178854314,0
7,131.6809965621669,0,320.5694947423031,0.8528862510496857,0
2,157.15023324504574,0,169.84404281738043,0.7573884098868094,0
34,5.0,11,116.40581016964617,0.35113635382466296,1
2,190.12070661674733,0,221.9015573457488,0.866036038683654,0
19,81.7643114672088,4,259.19348245801814,0.36040826447891056,1
8,101.19001731141124,0,300.1751100493496,0.992384763759405,0
33,36.97275169055562,4,179.03191042487808,0.2758606356631443,1
8,111.88472651749586,0,384.74310050919007,0.6492879549553929,0
5,144.66270483879413,0,319.9304094481765,0.734837818338891,0
1,163.02369061855794,0,285.41446182632814,0.8785841496872384,0
3,113.01824141804363,1,312.883756408835,0.6222139626957679,0
9,159.41263588303536,0,275.79144458107004,0.9051683125019998,0
3,65.64037745563753,0,148.65517230680632,0.9345935091909658,0
38,33.496889079998205,12,268.1876602953531,0.06384328995291932,1
6,121.30465353719543,1,257.9802085861003,0.9759564574269153,0
43,24.598886387764914,6,180.9614602496662,0.4910992553509373,1
19,70.01782603222634,10,177.10744226268892,0.011951976573825851,1
37,33.164501551489565,7,133.06915202293615,0.0,1
12,94.80996150100185,2,60.0,0.6099184106590204,1
1,69.71931036271432,0,155.76983100956463,0.942454488749867,0
74,26.650362327976357,0,150.10498004681762,0.10031415628988963,1
42,46.139737292727155,6,132.5465968477431,0.3368579788045218,1
8,81.98126832550551,1,282.65879404243185,0.6367442387897833,0
2,59.53493573485137,0,159.37908018343919,0.8199525690630519,0
8,139.81319884951918,0,464.7540745566102,0.906014673457466,0
2,64.98554619354329,0,236.7650004589479,1.0,0
6,89.28397100252762,0,233.05520857120754,0.6941868232663505,0
2,16.303512372336026,0,352.179614616538,0.9331554754058309,0
122,15.451525521232433,1,112.39339324937052,0.15343071887049586,1
13,117.61125863930026,4,229.315528138683,0.4027218704386516,1
3,47.46929120767294,0,172.56189005212542,0.45701239688092377,0
9,133.72754252559045,0,194.08684934568896,0.6679564344194855,0
6,119.22513969170197,0,397.61810399641394,1.0,0
4,111.66327242095159,0,200.28893298502032,0.8268922478166292,0
0,53.54389411082504,0,146.84060182578673,0.8091686674926547,0
5,83.65008347272602,6,158.72848573268956,0.4640461430168013,1
16,26.93781646281908,2,198.14183172290132,0.408230564244617,1
40,33.56963729562149,2,137.10756241593478,0.29765195120599974,1
7,59.5178480642504,0,240.6539733389377,1.0,0
4,93.79861941693603,0,367.11603791195057,0.8894761619948961,0
15,110.18252901145063,3,256.72708533082124,0.5218550862164504,1
18,102.94117324864902,2,284.67480863866325,0.26508896488891975,1
7,136.1026148892276,0,273.5189611084941,0.9099220249711868,0
4,133.36996938294408,0,284.0175713962872,0.7796184717736054,0
3,93.74674889719437,0,295.9634455682216,0.7158944355307838,0
7,69.08169666118161,0,246.65481403660056,0.9042595325144186,0
3,175.0085865162179,0,332.08000525216687,0.9498666600297989,0
7,101.56981278340643,0,241.15489699501313,0.8673622629463937,0
4,157.5624138765728,1,168.7887113715663,0.8680885863460259,0
4,143.59864536774566,0,326.9590713225007,0.9016623775116034,0
116,27.890770309541036,0,99.98782540297968,0.13102960283422097,1
3,163.65748350712124,1,217.27747634264685,0.9854567406638474,0
5,114.14107955067256,0,469.1228379728512,0.6605292291423062,0
7,143.81163048425486,0,382.4543644202594,0.8250378737290727,0
9,151.6896399559857,1,212.48771925351448,0.930656546833633,0
2,194.115949649031,0,271.56330345668107,0.6757898344820082,0
5,136.214521655745,0,244.02156172535726,0.8890242073875986,0
25,30.74312264365545,3,135.34959938689047,0.3370032278833873,1
5,105.44220908591365,0,278.7915998315776,0.947546730394859,0
4,134.99444856340074,0,135.26997849406874,0.7812442210430799,0
6,112.95095439690334,0,131.6413823191823,0.8839518917291921,0
6,108.15272379800004,0,360.45349424346455,0.9261838956140704,0
2,89.18641946594747,0,240.52441845559653,0.6237996322768478,0
4,57.703165351608604,0,175.28401537884272,0.830525078001848,0
3,193.35370131511237,0,181.9815543380148,0.8195544726986614,0
36,45.40793706381332,10,143.1505309758464,0.3570613979988566,1
5,94.14108639505362,1,228.5786317147716,0.9673400998491452,0
2,139.39497384882205,1,251.7481819661275,0.9589647967337169,0
107,14.982293866659454,2,141.03168922432155,0.0,1
19,121.46637411698802,6,293.71609210824386,0.26054685651261394,1
125,11.516609441464679,2,159.97962150872988,0.09465955746426429,1
52,33.286516963110365,2,223.76818100637018,0.09954932342935172,1
17,66.13753127139617,6,252.23099631581726,0.36175785931857884,1
31,51.14077773294024,9,160.39191011694126,0.31459424528886265,1
4,173.71197668758268,0,156.36633378535817,0.8718971865462525,0
3,77.97825960483581,1,250.68114744843953,0.4613848613146431,0
11,121.53934378029426,0,202.89463440149078,0.9906922566607125,0
0,135.74134091458302,0,200.18725896284607,0.7159145219979696,0
43,13.644595095190335,1,195.69466682008104,0.12630784727038918,1
38,90.54914982840086,7,120.5734412509199,0.5829369178931036,1
3,147.20667228021708,1,343.339822759279,1.0,0
5,152.44660126106635,0,335.3477261011954,0.7144643507174341,0
8,134.00566432923299,1,217.92547258318385,1.0,0
4,61.46590754255131,0,89.8016011140227,0.9667751048793848,0
5,129.2096631472211,0,234.8838780428035,0.8618211177523882,0
3,127.81584702994112,0,285.8788570365986,0.8646099101323259,0
110,17.352738931702383,2,40.0,0.013796500591766703,1
5,146.18932140385718,0,284.4707208530054,0.8521448875834128,0
2,105.66553306278082,1,86.17543541678373,0.7798055653886307,0
7,105.12100946459877,2,265.44384796763654,0.9969636866463186,0
116,9.599235751544127,2,158.75710757818493,0.13823711542804673,1
5,182.31864883981137,0,326.2089868281441,0.9328309650922912,0
6,173.03387697913658,0,275.91657456400713,0.7699269285359727,0
3,84.32389907113841,0,147.504152442982,0.8600889318934426,0
121,2.0,3,95.82966433506844,0.0,1
3,48.49423180529847,0,237.43156297011473,0.7909985566491172,0
4,141.5884281725255,0,302.7151351273423,0.836010452033691,0
24,31.965394664818955,3,170.1048833991761,0.6178850634611707,1
32,48.30228439918364,12,40.0,0.21797977971647023,1
7,117.12562851149117,0,324.60852040421076,0.7635637644402923,0
2,115.09268558717739,0,445.99086301971454,0.6039212709435658,0
9,148.7903265054545,0,290.3484081771427,0.9978533718610548,0
6,22.831222832413758,0,217.6791490915018,0.801305095501858,0
7,79.76241077659543,0,175.02282399001757,1.0,0
43,57.455282271211544,10,221.2409743070484,0.07543654563381699,1
45,36.48718259486666,0,149.97239751977082,0.11879711388701647,1
3,188.82595657417443,1,305.3723637306054,0.7053150588911179,0
18,41.83437533745817,3,162.59169326689127,0.4365597547462056,1
7,166.26290474073036,0,185.3290370697257,0.9432140366157344,0
105,23.077196350393066,2,84.75197610140224,0.12675372253104375,1
6,114.65118979696646,1,196.15138857912052,1.0,0
5,142.1685830934153,0,240.36327373989266,0.7944819413549304,0
40,16.43212754340122,11,212.64521141084523,0.639896153285889,1
6,132.07509090702973,1,200.47028380988448,1.0,0
31,62.40710822748305,6,260.9875719517557,0.4657833909966557,1
58,18.736108373285038,0,228.614921383941,0.0,1
2,138.20671155718432,0,179.36355497785271,0.8124127432822659,0
4,99.90549408739578,1,195.17623815237994,0.9311694120866283,0
135,29.89653504695901,1,111.67513922267545,0.06954837115302616,1
6,194.49932452182503,0,251.59506207523083,0.7098896241705039,0
3,167.45175424221327,0,324.61372734320776,0.6949584084719064,0
3,131.72424183885772,0,317.54500506946596,1.0,0
7,115.78956801680239,0,303.70802076927157,0.6827426835736664,0
5,119.53305797335938,0,283.68597706646915,0.9103118860179789,0
5,122.99569903924457,0,224.5796217437932,0.7865634296891783,0
5,177.8572665457564,1,287.60915651045036,0.8613637324752811,0
4,121.50882918604253,1,265.2887806327929,0.8625006955663728,0
5,100.12517447271767,0,244.41707791919177,1.0,0
5,89.33252828956167,0,267.0930866662731,0.9342795345471202,0
2,134.05683075171834,0,298.09932662222695,0.9519520683675814,0
35,82.80538410128241,8,250.83442043817203,0.40515518014046015,1
1,134.91096486058436,0,171.27111815177054,1.0,0
6,152.2352598857895,0,306.36888413813136,1.0,0
4,118.46914527491553,0,233.81754918276704,0.7722477388479201,0
56,10.52917065407211,0,252.04534208106872,0.00161799917668584,1
4,64.36873811866883,0,161.02465070887388,0.6983487003117103,0
7,67.30237500504326,0,255.71873779059592,0.7145117128004151,0
2,139.62246408538942,0,356.72985559749765,0.875343452786105,0
41,40.44852902192198,10,153.02642353263337,0.11296435779215855,1
8,119.62420357043848,0,194.75498721065048,0.862703375269965,0
2,118.93187427404611,0,288.92283486307184,0.8101528523745506,0
4,149.58231332602926,0,277.7061690229684,0.8009971306595579,0
9,156.41227850105517,0,333.9514668655032,1.0,0
4,136.6305295767852,1,152.29021618965575,0.9857616730070843,0
25,26.350735615674097,5,253.72019857016068,0.24759030943184246,1
3,172.3496725758444,0,195.08231914903448,0.909925824401688,0
60,19.38647593297675,2,40.0,0.012242109435941588,1
5,141.35029383942407,0,224.5097477491387,0.9533934572128788,0
5,159.83889959053238,0,246.03496379133085,0.9981407202169156,0
41,27.168891044511554,12,43.65766997040596,0.0,1
11,93.85810868931287,1,163.52150813020194,0.9183788153112306,0
5,160.34586898492933,0,205.88914572840142,1.0,0
65,8.149263761787244,0,113.14993505860603,0.0,1
6,94.61256792786823,1,365.99027289530636,0.7592692849843529,0
6,171.47451593104012,0,303.1879956916655,1.0,0
7,114.4270022212824,0,256.46020199579556,1.0,0
5,71.97403960752598,0,259.92635773676324,0.7734039759603695,0
124,15.217349395114388,0,172.153047048989,0.036764340703833,1
3,184.99702274800606,0,127.32924681337514,0.913213541191445,0
4,116.63241762224733,0,136.69386776102576,0.8174628297618768,0
55,14.848971011173731,0,148.11779631427996,0.0,1
7,119.79045814433071,0,251.9151858393553,1.0,0
7,119.41680172987184,4,213.78407205232398,0.6366957980769125,1
4,116.9410771428825,0,415.7327434620247,0.5642667787584168,0
7,116.96246667743813,1,259.9488015725394,0.9272837875914766,0
58,38.18070260754599,0,204.25577301606108,0.031102333339741505,1
4,155.8754316006574,0,239.2099052192093,0.6696577336964348,0
6,111.50870478326506,0,213.1087721499674,0.5985062944281664,0
4,125.70841110058895,0,87.97306950492899,1.0,0
8,151.859481312053,0,78.91488110226717,1.0,0
111,2.0,2,230.41649804959704,0.21283481120261896,1
56,21.251123749666153,0,194.9957464644369,0.1533024820565857,1
3,87.8875698090642,0,204.3182850538081,0.9178419645168486,0
2,65.36617778439775,1,263.1337713174014,0.9322262636350821,0
7,168.03192361088367,0,424.1408147614138,0.45599051299763943,0
6,159.74896302519602,2,102.84092991114413,0.7358002912975382,1
5,167.53496058028512,0,114.43392546317332,0.9257362481740686,0
4,68.80913745766124,0,118.79814443454136,0.8808915665879755,0
6,178.30814313532449,1,272.1152458843768,0.889181216361525,0
118,32.46887949815184,0,216.2800363566024,0.110066204863275,1
9,99.48741915120928,0,60.0,0.8833495330104467,0
6,85.28432898553005,0,169.11977673751056,0.8611623196293225,0
6,103.8148213151791,0,312.6973739795053,0.8347424753619498,0
16,8.0,2,150.32376516082087,0.23224989440076804,1
4,154.77991501706566,1,154.20085373287998,0.7878018135123187,0
5,103.44584208667652,0,306.04420686038594,0.7994143043943607,0
4,102.4579588055291,0,171.28724611957296,1.0,0
11,123.75275684562327,0,160.89153500031335,0.9627910155409007,0
6,152.82135465123795,0,254.3777537384809,0.8265896153075222,0
32,66.7233514569743,7,162.38788901860838,0.0,1
3,92.49484497687257,1,207.39056233332715,0.883104872943166,0
7,127.80862040063082,0,60.0,0.7894879666406089,0
8,104.40522931120853,3,104.79198137131205,0.7221280870975149,1
112,26.457205512474896,4,160.4185321393927,0.0,1
3,191.91464775122108,0,253.47692240544455,0.7724810432345434,0
7,116.30692370727868,0,209.62578072411742,0.781433134001371,0
23,54.450610077858705,7,353.724102367278,0.3131359509429634,1
3,86.09821835329258,1,225.1908807316388,0.9677857978917954,0
3,30.97813998149162,0,222.37355793493023,0.4952532440146543,0
7,149.99679167401013,0,161.06221490728723,1.0,0
1,127.36180410014293,0,213.19564770714794,0.9054439391496251,0
2,85.00038837740269,0,279.8671468366603,0.7626470083826333,0
6,104.71320626414136,1,284.9874689382833,0.8121446839087797,0
4,74.8731853274287,0,301.3510754147789,0.7975426322598262,0
7,135.10764578949514,1,132.68554058743769,0.7862116995260566,0
2,144.9491456825942,2,211.8209021962253,0.8277783176278429,0
8,141.64911135390142,0,275.8981317262929,1.0,0
8,102.18334683214199,1,240.08455724591187,0.6947105281350219,0
7,79.7719609689146,0,259.6201668798453,0.8442588555142466,0
4,106.1560059191481,0,300.29682048210515,1.0,0
7,88.54257597768522,1,364.54858109366427,0.9197635784755821,0
31,34.006823044711446,12,226.7983856890777,0.2737222602437701,1
4,149.85508850988828,0,60.0,0.8296183921461516,0
17,45.58181703186229,2,119.79413798831577,0.6153748491099718,1
129,29.6334546949809,1,155.18072479606994,0.006637108247455537,1
6,106.01996419976999,0,221.23077070673662,0.689033249486383,0
7,136.73579339392052,0,217.7259795041092,0.8387704938969005,0
4,127.8321670514585,1,245.56232509970795,0.8004234382665343,0
9,121.14942314335269,0,232.00000360511046,0.7377663991737926,0
3,117.1115491249348,0,144.15652512304615,0.8767136321638198,0
2,129.3513709930942,0,189.97024152792332,0.8692190698911508,0
9,90.2756838306819,1,88.19313044539122,1.0,0
10,89.05168995338576,0,175.5312772881898,0.40316639591541686,1
119,20.64303685209366,2,188.30341848082585,0.08600918322049059,1
2,75.03684791852451,0,234.4036529889617,0.6099395326689308,0
31,20.574500258182773,9,184.18512425740596,0.40661321196849487,1
10,154.70902138560282,1,188.44702055728746,0.6927843735793012,1
64,26.592189191556066,0,122.80501373686968,0.0,1
10,61.87939471402548,4,240.7911001670314,0.17933396916222344,1
117,10.046738618207641,0,58.834161750146485,0.07213255782820177,1
5,132.62978359954246,0,302.3788541047991,0.5305620242689743,0
6,131.03820180856172,0,313.56509737671416,0.7331174221939774,0
4,133.60559760241347,1,364.6608675894715,1.0,0
117,2.160463778212054,3,187.3827153585026,0.000393679727626306,1
6,148.00792149523053,1,200.3204727655222,1.0,0
2,132.88366051459948,0,203.84813988927885,0.9846643957116746,0
4,203.96334693505736,0,178.04609247790336,0.8414961931523117,0
4,88.88872914029417,0,235.89053728378724,0.9006843061990653,0
8,74.92467689826053,1,220.0229411005363,0.6900492078619718,0
116,7.214639180423319,0,163.2086408233367,0.03623534214372872,1
3,45.406608661010175,0,189.10991111218985,0.8087265014577217,0
5,75.3651840060596,5,272.37916253007734,0.4291072178168561,1
128,26.327371941635974,1,40.0,0.0,1
2,103.63519741356093,0,124.66578935627238,0.9274896891828871,0
3,92.87883196252932,0,266.0059608863054,0.7478431264809402,0
15,21.037023728677084,5,189.79515783989416,0.7384248434671953,1
1,138.43011869662806,1,250.06424051448323,0.782760171542487,0
6,105.5115905141169,1,362.58454373451957,0.8640761336680354,0
45,23.91521377426607,5,185.13695203489695,0.40154098897504054,1
4,195.67832950997365,0,150.2599974745153,0.9490309179396235,0
7,166.81822136161486,0,313.80519570891215,0.761928702106385,0
64,51.67217253990179,0,256.943147252135,0.13260634202458316,1
5,43.00467230512054,0,336.6256149911674,0.7440238111170108,0
6,65.73861216593163,1,274.125108137689,0.8793890536432069,0
4,174.53066204295482,0,152.95305018123366,1.0,0
3,98.44327331717251,0,235.10603319098033,0.6931437188396389,0
4,42.77316932200677,0,236.83863994101418,0.5361045037392609,0
8,169.41318442814824,0,142.49304111237993,0.8581069552505898,0
6,83.41150777723429,1,324.14205562793563,0.689558205403519,0
9,87.85560865431043,4,178.24964487736867,0.562482662369385,1
5,154.70598552029782,1,286.8070395207212,1.0,0
4,152.90183571757626,0,230.10976069849738,0.747852634466435,0
19,48.72202237969498,4,299.5678994753252,0.22170140006575198,1
11,98.00052851383491,5,301.36091495465695,0.16879997387307363,1
13,85.4532165846631,3,383.6129126477766,0.7036807870120749,1
3,130.2186940546984,0,137.74036224067532,0.9445648164658298,0
61,22.050863173738044,0,83.21359713197147,0.13107804611795376,1
124,9.658441173758161,1,197.12582674526027,0.36926237079592716,1
9,36.575958772657664,5,304.2485672348097,0.41255963768741255,1
5,83.35934047467752,2,247.47525486003525,0.9026100444720813,0
16,82.45568547721447,2,254.91684601778718,0.3399413477184406,1
9,139.11408919327704,0,344.922729672028,1.0,0
6,98.58966284331457,0,230.1729176851619,1.0,0
6,181.44852437533876,1,371.2190410353528,0.9277811004873574,0
4,75.21612472352186,1,297.9997385592587,0.8496018512161151,0
10,151.35681052298744,1,172.44436865100573,0.9556675489988224,0
2,116.81772626846612,0,288.20489013908457,1.0,0
2,121.11089004003092,0,238.91050657523945,0.9412741124073403,0
114,6.438810037710885,2,171.42276643111867,0.05021654773785751,1
6,109.5203532185417,0,254.36231195715513,1.0,0
6,158.69992255269682,0,337.01673643955496,0.9031705446112864,0
6,127.64410858583287,0,245.02481904008766,0.7607519870995438,0
4,79.76638036253135,0,217.4394024449736,1.0,0
9,124.09762385258736,0,323.21354727867987,0.9419452649549123,0
8,115.57562523792083,1,250.67504636993712,0.7963901274218815,0
66,22.00914410852588,1,131.21704508234743,0.15974163659952384,1
5,77.03878938345305,0,199.5938580242721,0.8397046771327449,0
5,149.36304946250155,2,149.36450050630535,0.8040308350325839,0
113,19.90037777206961,4,122.29464256068539,0.19474131680059314,1
9,135.99158840561856,1,271.9213799506019,0.9757390541554016,0
59,15.714137308149112,2,218.15682021326606,0.12010551184815904,1
133,5.067565340161534,2,197.42549427146062,0.0013720952855767023,1
71,28.917684603908853,1,245.14194710476698,0.029060493634736347,1
3,100.6917388058525,0,209.67232376477753,1.0,0
8,115.1817395290102,0,297.18985148998763,1.0,0
4,121.27978042786188,0,263.14549007056917,0.7433260590826446,0
5,46.410097117701056,1,60.0,1.0,0
9,133.58286214137286,4,127.89574178565901,0.6013916631203337,1
5,134.70498915316435,0,240.77652985510562,0.6829898458119914,0
70,12.585293964569427,0,195.44396200806176,0.11850340506290143,1
8,58.5423041753381,0,170.64321184583372,0.7616982306359876,0
11,98.8272541819372,0,189.0125877780866,0.7192051480923958,0
4,91.60127426766087,1,242.27447653590474,0.7908144280371069,0
5,141.2148315819359,0,252.57048931906732,0.6888494218043525,0
16,38.18925858301757,3,220.16543629411908,0.5137160744669541,1
4,149.62857863847537,0,346.8796460084791,0.8915149035816039,0
3,171.86905957724912,0,329.2211735125856,0.7089407319220182,0
5,111.5133441678822,0,246.62748445115326,0.7515387534336248,0
39,51.816443756898174,11,264.1983133359891,0.7258560292966768,1
3,53.202936268044816,0,181.63250815927958,1.0,0
8,160.99860383216287,0,112.09776208644222,0.9386162151681119,0
2,119.28550686410769,0,265.05358760935036,0.8639776277740078,0
5,158.95581804870162,0,236.75501107068698,0.8960438218147746,0
34,16.21605987396352,8,315.7873646271977,0.05484788305768827,1
2,104.34917974052199,0,227.07366133575655,1.0,0
9,112.00140431537949,0,139.42711582289172,0.9042414432297056,0
4,132.6754752465341,0,176.38461564797237,0.8655568220886585,0
3,108.58113691794468,0,229.22376704294652,0.9260601864497423,0
4,142.2030825594659,0,337.4976579140128,0.8969791753972968,0
1,94.65234399332823,0,190.69590850984918,0.8231249950687977,0
4,103.37299252429727,0,177.8270880604377,0.6788455944556759,0
5,110.52587515826286,0,321.4204622468749,1.0,0
4,141.26572105810584,0,155.01376493126227,0.7244864823390961,0
3,125.50572066637683,0,84.75986000004553,0.7327096617431087,0
31,12.91615112492721,8,128.37164952361917,0.2582981589029453,1
5,137.13529844561543,0,230.10355372458656,0.7193798856570146,0
5,110.48898777356901,5,176.66867736878257,0.4197615901175114,1
129,21.779819219591168,2,91.24796423595193,0.0,1
4,173.86149857515107,1,64.0763751748533,0.9754162081181581,0
6,66.95455008854454,0,367.3999776203105,0.788844413771577,0
4,174.20222074220044,1,118.65968093589493,0.5996954828554599,0
4,104.92895039673462,0,267.00242921092405,0.8751511431394027,0
2,112.20104293028567,0,183.92734485642515,0.736391066164535,0
5,110.71429466788324,0,294.44603755268747,0.8680058073627536,0
4,156.1445480364898,0,217.85518818831298,0.6464423675583116,0
5,104.53822617969978,0,200.0760316988967,0.9726047356963571,0
5,121.18545970030986,1,409.0751892253821,0.7837210257075191,0
130,21.98706414515822,3,89.19442491984184,0.2006333472970431,1
4,150.32332037702892,0,321.9500714392977,0.7876651445233279,0
109,30.590882531579435,5,172.62883727217243,0.04412625351945067,1
9,173.0003366016378,0,207.35240667116767,0.8298721458371418,0
6,153.61130440460357,0,357.103447545357,0.6889471607947223,0
5,121.21429367937017,4,247.66216624986473,0.06605463518692602,1
1,83.86604052712862,0,324.8681319197073,0.7645475042792222,0
8,24.729639810858473,1,122.71391006396388,0.7022369015055467,0
8,153.86808844028886,0,333.18647460984334,0.8229537382641869,0
5,70.0928742183423,1,107.00796138767888,0.8889054178282421,0
20,98.78694793856306,4,278.02733314672633,0.10394221908329185,1
5,132.55234083961113,0,197.8732491239803,1.0,0
6,189.06220538220356,1,439.23442361454283,0.7393280387017502,0
4,134.1975041180843,0,249.91325050513953,0.7298900789292504,0
4,73.32212643518378,1,427.63566301679407,1.0,0
6,151.03950157227445,0,291.0953596180655,1.0,0
7,124.51202205669871,1,365.9989004050312,1.0,0
31,42.746237715217525,3,201.09363505258275,0.5360122746185773,1
6,109.40171942241781,0,207.48512319598825,0.8732678546211686,0
16,37.83878850213978,0,253.9394301468275,0.11489130665879257,1
54,3.4381382631788515,1,142.45111714197236,0.10900000323009468,1
5,69.97596868807454,1,192.36224642690283,0.8780440353344926,0
5,160.17635345216303,1,230.31254429702096,0.6832966336489401,0
5,46.00030164600255,0,262.508824667611,0.9491631881637906,0
8,125.64694504613882,0,79.1866527498842,0.7789890572153754,0
7,93.59710474049169,0,111.26519187591732,0.921053343184429,0
10,110.9431946764104,3,150.41775475522905,0.4220694108480967,1
3,118.80215724911712,0,427.2644331667422,0.7730642817552765,0
6,87.79710952075503,0,162.83048996687916,1.0,0
68,28.614234103466284,2,108.91320327573398,0.010893786791533027,1
6,132.02866643209725,1,309.0454164323438,1.0,0
16,111.18178744458697,3,287.37347782251686,0.37538432635001506,1
5,145.30732023193582,0,214.72097729920085,0.9758943162613325,0
8,174.64924581468784,2,164.87877556381605,0.8958979545206793,0
35,26.76583936398984,7,84.62234406025718,0.3812525228656583,1
4,190.2969496736091,0,415.81296054155297,1.0,0
3,112.70583244314105,0,337.4453360470893,0.7263459820711211,0
7,124.1334303368735,1,218.53440508591513,0.8292144252758213,0
20,40.47131181912155,3,369.84875666610793,0.07788422937996878,1
38,55.592297432356034,9,139.87054253150205,0.2048498489994075,1
6,71.85237591817778,0,182.46699407780937,0.8124537426699241,0
22,37.409291077958045,7,283.079893878189,0.30174933053732367,1
8,104.46231436912353,0,249.26559313026866,0.8917547440245114,0
2,108.68706278094936,0,301.2543226079071,1.0,0
26,33.54911687497125,0,190.8066395098452,0.3437117353395478,1
8,138.85469804796818,0,225.80579810748603,0.6614788361849105,0
9,110.20591849148353,0,232.53239712792308,0.8835385576730028,0
9,73.46824133598025,0,249.61576372523479,0.9823313946935629,0
3,119.10611947014634,1,440.63267271803767,0.9945576463346175,0
2,98.86360759808679,0,313.2519866575762,0.5223432321196981,0
10,37.98078511508702,0,283.81211779725936,0.88684056599901,0
3,55.45569003479466,0,256.8832581010069,0.9431818102169418,0
1,152.27071219979555,1,249.43513460454244,0.6734506984715881,0
7,84.97595049261223,1,298.0621152116934,0.6495040658664668,1
7,47.047238008056176,7,120.76022835435592,0.27391147786736714,1
5,85.18665234489809,0,185.52386804675726,0.8599558543296392,0
5,61.244731700824715,0,181.27149475518956,0.7553926879520164,0
7,51.700432041402536,5,132.41630549848188,0.4190489722886233,1
2,132.87301267612233,1,186.10451266576257,0.8572856208522035,0
7,73.50701421048817,0,298.94923729784784,0.9381391366890551,0
3,179.8180305077945,0,306.2521934187947,0.9526265755897109,0
5,122.01164941337872,0,279.4257920533891,0.8493239374859746,0
7,62.73182072348004,1,306.7370345053044,0.9823692794046239,0
8,122.53580250082211,0,242.10975378482465,0.6651435366980483,0
8,121.75645787242142,1,326.6986751603762,0.7270804325166946,0
53,26.50407388790057,3,173.50017146516294,0.0,1
11,134.1915884160525,0,122.63263261636698,0.6111080413155412,0
2,104.99510014476516,1,289.67299632665697,1.0,0
9,143.21221679839147,0,221.1997667690682,0.8048972547618254,0
4,140.72219736453204,0,242.16134550552584,1.0,0
47,28.161553983114853,0,113.23866577938685,0.10098748480918267,1
8,153.68153781957272,0,351.40551933630474,0.8078335808486611,0
4,134.40662406224692,1,109.05265264854444,0.9325822234809458,0
3,159.97733572420063,0,305.29648131076823,0.7213063724714112,0
9,113.73373379141123,3,212.5830212810819,0.21412256936408516,1
5,181.66096161453055,0,257.64853861628126,0.9058041727604763,0
8,93.87987641578,0,291.9506400076595,0.8562359419400902,0
41,72.17585555121778,4,163.47484346502472,0.5499109846180013,1
7,121.1207818865092,0,247.57616414748068,0.9368559801117977,0
4,173.01134992993724,0,297.76141230141025,1.0,0
4,156.91240590193487,0,143.9455595259779,0.9001073301128221,0
5,157.54910621541603,0,183.94259032966568,0.728470144428959,0
6,146.93278606516088,0,183.0638688308635,0.9866304425795175,0
42,35.80413153849955,6,136.0519147252999,0.3014906752239486,1
5,114.0198453582615,0,289.5572656955589,1.0,0
4,99.8844792353791,0,331.5132257034509,1.0,0
6,148.7733850197552,0,60.0,0.7113353002097696,0
3,99.09365127216066,0,160.6861416439039,0.9876350440277447,0
6,119.79039829012478,1,206.82302622860126,1.0,0
4,149.06623395502857,0,371.1782734758815,0.9229812767281745,0
11,118.5226155586705,0,156.5105524361722,1.0,0
6,107.72257093644454,1,215.32761674525938,0.7227614319079319,1
13,95.13763160040907,1,209.77398246720276,1.0,0
4,130.18416646775378,0,298.0017937400234,0.7555920680273002,0
41,12.604503098034206,11,184.32765452970833,0.08968558502018197,1
9,144.5227585295786,0,283.9225332492344,0.8775199354579458,0
6,125.22244556895043,1,234.69933290761796,0.9452469708114281,0
7,160.88499976520163,0,389.68432918082203,1.0,0
3,175.3463362135095,1,291.57019210017154,0.6465485553749845,1
117,15.319096776715131,1,112.91175532896902,0.12088442034763269,1
4,107.02484034902935,1,185.40334079734262,0.7453497366781088,0
5,81.02682867669995,0,302.82996989615555,1.0,0
2,100.91704514544347,1,281.11132674680056,0.8425207364975832,0
6,191.84484571789497,0,202.8405967965115,0.8780060828341908,0
66,38.75158231233506,2,149.87054854097872,0.12027514674792612,1
7,148.24972278142042,2,245.16813269963248,1.0,0
3,49.43316877934905,0,246.0318146921812,0.5271151645836711,0
41,49.83337358653889,9,143.48114832595644,0.4026107839417354,1
128,28.18243549934354,1,99.65451357068923,0.113748967187255,1
7,93.32961134306535,5,189.95733805483812,0.4424677786506406,1
8,173.28404557647983,0,238.9363940600426,0.9542301794235399,0
9,72.14258419241717,0,449.06373237761306,0.818052379173472,0
8,94.04700179978681,1,286.6995001229013,1.0,0
128,28.203833899137575,0,176.9626546901803,0.15635572427977135,1
7,104.55663643468947,1,327.82648850975585,0.972634270957986,0
4,71.90214783106512,0,265.0932169060964,0.7711297518026653,0
10,65.69389115566503,0,262.68815600361665,1.0,0
133,29.87558750411128,1,90.72619789485924,0.11467370823649845,1
7,158.13728079225393,0,323.90464324212553,0.803426219104394,0
16,96.86831138411489,2,246.96429516250132,0.7650076525800855,1
4,143.12130779548298,0,91.7422467684438,0.7041218665009406,0
8,90.70342113892428,2,262.91555960293726,0.7543955391874182,0
112,14.036346508422083,1,42.322416624667646,0.11368316566125286,1
8,149.68689948665295,0,227.23104469652648,0.8907681947512692,0
31,39.585750161520956,3,333.3326990411957,0.6646166992866483,1
5,115.04355990772477,4,131.27774964036257,0.6787361495288987,1
4,155.50393029341353,0,308.1823786333439,0.6927172553649,0
2,97.14557742218673,0,253.39251264394255,0.7418095231952545,0
24,72.17839403477882,5,184.28052675968203,0.3448816234162622,1
7,122.33833967480267,0,320.4517273114532,0.788700032655427,0
7,226.94039066656103,1,300.4734790972601,0.8375975108772867,0
5,136.32458721529852,0,207.3503327780173,0.9273294647998352,0
7,142.06842445779964,7,280.3061434850381,0.6061958269737087,1
62,12.039838998206164,1,195.6757798902636,0.07248246504755294,1
1,145.23089226997124,1,152.02562839777855,1.0,0
2,65.70857548644192,0,142.8521100134841,1.0,0
16,72.68458506862835,6,197.39189011189399,0.4091482030301798,1
4,170.61512202743543,0,224.84573918007456,0.7915659308833407,0
64,4.754954601986738,2,133.13349099579918,0.11883236022163167,1
9,100.1493525922844,0,228.19463433385954,0.7765048613430635,0
2,116.97304460454937,0,293.11021371774564,0.8469829930934718,0
1,164.54399135011923,0,194.83096380795365,0.9470202410984067,0
3,130.91731908355132,0,240.30384930333074,0.8793380642390157,0
4,120.65460159408043,0,302.66725926842514,0.9471486523564329,0
6,191.04374065203925,0,227.45813778565034,0.6972213231705383,0
5,183.7037451135256,0,130.01305137045736,0.7755625439981626,0
13,61.89682087406516,4,327.8957717605227,0.49298059400925986,1
6,123.03149057383347,0,357.01416029006697,0.6311375833748946,0
3,146.46525924842595,0,337.25480530509526,0.6783709491623057,0
4,98.08570551440808,1,310.2697477673658,0.8494970640071785,0
12,61.76384737442188,8,212.33582004657836,0.7369105411100655,1
3,91.52417543050727,0,368.5902508129641,0.8118940900354409,0
4,80.12830683524288,0,72.8378450721014,1.0,0
107,15.098323915552731,1,133.4053436189707,0.15286530543535384,1
128,17.309576558194713,2,208.72564909002088,0.1683478496099869,1
5,153.734642691879,0,304.89475462387696,1.0,0
6,173.5235513289751,1,157.90745966219725,0.924420941115334,0
17,46.761112734442484,3,195.35292890933343,0.11526079072201029,1
1,105.93708655574454,0,379.6794989153843,0.9314563158480825,0
5,110.40616491132657,0,305.72167563082604,1.0,0
2,157.3649411601287,0,236.9483784104625,1.0,0
6,120.73855588017142,0,360.39672781630765,0.8269397646101015,0
5,168.397121713697,0,208.35166406282343,0.9204364418079479,0
119,30.969871679634686,1,169.2387862406869,0.23105485540199733,1
5,30.074629537698332,1,223.21353193254788,0.6951274049753028,0
118,7.7232436777081475,1,184.81798921166146,0.1723146217653718,1
2,160.29789597372243,0,297.03964814363786,0.818488146642857,0
5,115.49177829549167,1,98.81059177439361,0.8503063283554521,0
8,98.34827055922989,0,212.81747029339502,1.0,0
32,39.65112897764525,8,212.12028695258934,0.3107262432520092,1
1,65.76416765974096,0,177.36957966947975,0.8904991573915915,0
17,72.37341092542053,3,147.1924031959277,0.298570265637267,1
8,133.27529547735455,0,240.1815480412327,1.0,0
4,112.96494826165718,0,204.7432519099057,0.9468159147886441,0
1,143.37668351278214,0,383.57131719307176,0.850468861834847,0
8,161.31375169351244,0,269.17065608795804,0.9838984905019619,0
6,174.5578813080094,0,147.97481902882666,0.8449298101978211,0
3,140.45738259960575,0,195.7659232447756,0.8982116724253608,0
6,153.96673526905323,0,328.81395429029976,0.7977677551325667,0
119,7.54867322671342,3,213.14827768155297,0.0,1
5,160.95335584935637,0,173.1063478859856,0.6751248812860294,0
4,187.77278229666064,0,61.88966510247077,1.0,0
7,104.22624284113054,0,191.4768121820938,0.7881436354250047,0
125,16.694756956374576,5,211.29210241392707,0.1257551180303031,1
5,153.44951275895622,0,192.42179666521423,0.8727078126935981,0
18,34.05105588541205,2,141.99004889773457,0.6059251047965198,1
4,117.57715686120004,0,144.58462421724266,0.9581385587346984,0
4,199.2932735139589,0,333.80324971621917,0.9968066353626688,0
3,153.16538821857216,0,348.062028336068,1.0,0
120,6.630468380752581,3,126.18676746691573,0.3024587020801681,1
3,123.28430892586418,1,155.27858259272983,0.8417885430151762,0
6,35.04201806951015,1,222.56951454827458,0.9519446350292396,0
10,124.41753846366952,0,183.58621849714012,0.6270080601088966,0
38,126.4376510581984,8,220.68589480260482,0.5532526230912543,1
4,121.52690469072276,1,171.06162476190082,1.0,0
9,157.44003484770306,1,164.51651905850824,1.0,0
9,96.37877477817534,1,271.8251321964138,0.781163814115264,0
5,35.09476062310245,0,202.79521790474547,0.7489103136629792,0
5,79.90834792484105,1,210.86110033061559,0.8731765213183496,0
5,72.26751593586907,0,308.1073944847746,0.8426190914422503,0
3,92.20684404247487,2,252.05424187969416,0.7535804954123213,0
33,52.9317540304565,10,258.4009268655563,0.5902966389912527,1
13,61.01211600097775,7,280.6013327161437,0.5732414549322068,1
18,86.31637909915541,5,190.29915138166766,0.20790931886955327,1
22,81.93944935175354,4,144.07711148246895,0.4477280007261385,1
3,36.93624519646381,0,229.1348052416006,0.8662463083441172,0
5,111.15357170703894,1,191.70896409183175,0.9102353673995435,0
5,89.74782963502417,0,346.14824706081833,1.0,0
6,241.0472526983972,0,338.3751050430245,0.9153245184611835,0
115,16.795976554971173,3,128.15834007477605,0.0,1
3,84.29948346658078,1,237.65555014810334,0.918684879838007,0
4,153.13041345498672,0,365.1424633818459,0.8855803013827411,0
7,151.86850240085167,0,68.4562333367792,1.0,0
0,120.86166565754061,0,125.19016975904081,0.7076634453942308,0
2,144.75713131943144,1,336.6437864947498,0.6150225576509478,0
32,69.38489894957034,6,260.28788581744806,0.2638757554100337,1
8,76.9165179967519,5,207.39027296143092,0.3483096353560629,1
2,169.5994287244924,1,271.7804567525855,0.8011559122753484,0
31,24.632772231212655,4,212.6654453681898,0.21404810414269845,1
36,73.69835396418648,15,95.8933136158729,0.4814979869882401,1
4,65.42123296519787,0,309.8045851155395,0.8790969674880824,0
3,61.37823352320608,0,235.2955037456088,0.814364732498833,0
4,109.04732010321355,1,222.1771079852516,0.5927234406429793,0
123,12.812167454093592,2,49.667685695029675,0.02880603111660517,1
7,24.21778339023202,0,284.74031717598785,0.7123960452667175,0
5,167.6908182841535,1,258.25808961602223,0.5792481363205813,0
4,83.38187036003005,0,284.1843850879553,0.7928244266150392,0
52,11.246112760236741,0,40.0,0.11732864257143216,1
5,160.3763095448107,1,236.3816934032015,0.9380312425106333,0
5,186.27607117914468,0,232.04382371522468,0.9127651281447273,0
8,103.46373979746373,0,259.2074236191022,0.8506702685299072,0
6,197.43695687357274,0,142.99417282358294,0.9498330276598913,0
7,168.73429057877942,0,299.4695229070379,0.9607605490889689,0
9,130.94137568802907,0,339.3594755875513,0.46810815454003685,0
6,13.34340749579683,4,218.9269599762675,0.2787470098936623,1
7,155.6453304596192,0,165.93204143452525,0.8147404326413735,0
4,155.41437382022121,0,266.37069890012634,0.7641012389300292,0
4,108.04935682626187,2,243.61460872996759,0.7491692287676718,0
40,27.73087650045729,12,123.10594884182288,0.0,1
4,113.92063844530459,1,339.43920235043544,0.7762781093039732,0
53,21.20564768777723,0,106.65596653966708,0.21576477423762938,1
147,16.375353745650013,1,80.64492530331896,0.052155091952084336,1
9,120.25947254194683,0,112.5664084151589,1.0,0
2,150.0811709262944,1,182.16510752211929,0.6262437564748204,0
8,70.57179687274383,3,192.2472107700306,0.6425619076185148,1
17,52.32753859787106,2,254.08492191429002,0.11241925555475932,1
6,55.23185831288057,2,213.39952157804163,0.9231511174828397,0
5,82.34489344034644,0,228.49734431907987,1.0,0
4,81.55235712668348,1,285.07120480862295,0.8992343806464571,0
7,141.88712575744827,1,281.2773059798846,0.9423805052627994,0
3,115.35970170964558,0,291.6070351458529,0.9720481580105957,0
54,19.071026951883592,2,226.85472703170686,0.14197932580961933,1
8,174.89348332560854,0,237.39825436665353,0.7521869790590933,0
14,96.17826686834063,3,259.9404327476557,0.16547462364162457,1
5,104.51899250090003,0,198.9493162846165,0.8946722462823572,0
5,145.58403046409555,0,181.72384870080919,0.7076071502506565,0
8,62.54964311279853,3,326.7039004414028,0.2987561652708241,1
14,90.36484323752265,4,275.9305191922744,0.5054072738904155,1
43,13.218541502604634,15,51.87268233983669,0.28487453940906143,1
6,106.6335850543234,0,262.5467724759541,0.933325637090282,0
7,125.80533323714813,0,308.625282133009,1.0,0
4,160.81820693440935,0,235.44178936457226,1.0,0
4,46.66173033951363,0,159.77024832051995,0.7846847180499248,0
7,134.08368558499393,0,403.6884651102419,0.816398155475108,0
5,75.66240655275352,0,347.2057620204912,0.8991489581536536,0
19,134.46627490113895,4,148.13419058542712,0.5444515270114367,1
2,155.43984003415105,0,269.38729272442123,0.7688437245745188,0
9,34.971942083119266,4,303.1128386965115,0.4848540988077522,1
2,129.1278150157974,0,308.69952124883906,0.9189259762243942,0
5,105.24422073605376,0,362.138645934673,0.8661482712024058,0
6,91.00464549914226,0,378.38282490677955,0.9011423897865442,0
36,37.55949493315698,7,219.59588493325302,0.2834199153132167,1
15,19.37555582108726,3,300.4357338843033,0.15466845800571552,1
36,41.93434809196044,8,178.77168068492617,0.8159581603914072,1
4,86.79301799764266,0,263.9203836138879,0.8621037459421166,0
13,122.21084683172238,5,96.72413454226552,0.7835744750555761,1
117,27.6865959587616,1,100.73169734673452,0.10996245308523155,1
7,128.8411729712542,1,277.41483415790594,0.7884578934892296,0
2,97.60840623348162,0,341.08243416475193,0.6211288408928641,0
10,154.99356796671606,2,316.3979114576175,0.8649709085995935,0
4,212.1427405011728,1,261.21967977259817,0.8281921148855854,0
127,7.881900769452818,2,131.40941412390973,0.18387363212014196,1
5,62.724741399257944,0,393.0457828304353,0.7100361696599135,0
37,45.24147373344965,6,124.795581720683,0.46274343656763983,1
3,116.10368309116326,0,233.04460549641402,0.8032746330494951,0
6,125.56432169025506,0,172.17594840469866,0.7719679196605956,0
8,104.89657787590275,0,260.1773893940004,0.49292029855615693,0
6,86.75023483032601,0,141.50836415383972,0.9658852597394293,0
3,153.37396577062188,0,513.2104574928454,0.7517131194580732,0
4,172.33277570274515,0,93.23066599500054,1.0,0
27,48.154450122429054,7,90.79958310182505,0.45300725170595124,1
121,24.721520716361415,2,152.01257339505517,0.1413857561764641,1
7,75.00719147602555,0,353.6554474717013,0.9611591297916385,0
5,84.93898799956293,0,169.25928590428344,0.8936178433946529,0
7,128.67737256592167,0,258.0429186603968,0.8387500314374523,0
2,141.6989678407559,0,283.28267458519474,0.85637048819564,0
30,44.88518717839113,3,53.566667030367,0.4266798820645068,1
123,17.71677844785499,2,199.77413044794528,0.0,1
6,78.22016971236707,0,202.32563462101527,0.8242542121613124,0
19,61.397185345815785,6,137.3702291439211,0.3659513794438796,1
6,108.91678921758422,1,285.8740249029079,1.0,0
7,136.40388121770303,0,150.20350867431944,0.6215330114381283,0
115,10.252365397448969,3,213.0023520738309,0.047700302706081305,1
6,163.16659736514603,0,250.00648578345772,0.9298187060257578,0
5,160.5585631185268,0,280.08354544137467,0.9205577172075978,0
2,163.35463848755654,0,414.3741829527654,0.8709628272918075,0
5,135.30644779679145,0,204.26967512353403,0.8456859708122213,0
13,83.90941939511936,4,109.2787811451149,0.4368767187252245,1
112,10.188324775668566,4,42.57472716712569,0.1023488939579224,1
11,159.45919683272092,3,230.5615399859616,0.5247166624743733,1
37,48.688558859551506,11,67.97819612445856,0.33404420012671127,1
6,110.88453113945029,1,146.89233992798853,1.0,0
8,81.23809359902678,2,161.01602445655323,0.14667957104504767,1
18,38.445963892417495,5,249.99552732567244,0.5797128725049324,1
15,82.21320170862828,3,168.5050310521113,0.47084842763588103,1
3,83.77517694120975,0,215.45585472566302,1.0,0
3,130.08962262400635,0,236.34193143124864,0.9271921318474805,0
7,123.46216808806346,1,273.2971658194792,0.5653795447011004,0
10,74.89946963098339,2,246.18109521191514,0.0,1
3,117.16934166971633,0,178.46459039379812,0.7781440021983141,0
3,90.66225801596076,0,166.18807531299095,0.9116001096037937,0
1,149.45674969033726,0,309.61470646444724,0.7239986828749323,0
3,100.13294191368301,1,170.81193714605143,0.7342712706479723,0
43,5.0,8,179.11573795348522,0.35879757107755594,1
7,94.76043832636034,0,374.90364632631264,0.7603948666283294,0
5,44.43363821340505,0,367.8654070155661,1.0,0
15,22.134894884835973,5,225.29070042791986,0.18138640202200748,1
28,40.9193491137877,8,248.68097638605602,0.31881913466726197,1
18,29.344084932365927,1,108.43338693259132,0.27474390326343917,1
6,140.5274525655701,1,253.82485983401622,0.9083658736445288,0
2,85.37650922258321,0,252.83634833240376,0.9923345420432758,0
4,53.69562358548036,0,347.87680570647973,0.798744640554062,0
15,8.0,2,186.22357193829734,0.5275301164211275,1
2,215.55058693487805,0,317.28832892125234,0.8206247875853726,0
9,48.79462220762529,4,259.960918462395,0.512113775428978,1
6,99.9370031894278,1,346.44949452365546,0.7499741698477863,0
3,151.40221712399673,0,193.34124578126105,0.9054708636344604,0
5,70.0490845215292,2,283.39386205704375,0.6980962166656599,0
7,59.985482307818536,1,314.9173103526898,0.9487486029767854,0
3,154.37768938316978,0,73.82721367579144,0.6595436910891194,0
6,138.33441014390215,0,228.4948688377804,1.0,0
4,161.79233217233428,1,355.44632065915704,0.8124587067183652,0
1,110.58571580559237,0,266.9484436291949,1.0,0
9,57.56901845212453,6,225.50414608362664,0.5936558357093633,1
9,113.424761425948,4,177.0347048433863,0.3114749379439755,1
25,100.20365433183285,3,209.54057503680662,0.2518065892220475,1
9,106.70242000760165,0,290.1692078379266,1.0,0
4,181.4480850674732,0,283.48790290167386,0.7027612106222381,0
6,152.27646021607725,0,256.3370921837504,0.8081339623394027,0
8,130.55606386622978,3,183.49243673121612,0.3019395477869976,1
4,78.65534749267594,0,177.5338218348536,0.44783710591095405,0
4,99.5894286371868,3,280.7982531768594,0.7965333714746738,1
4,78.25163709746795,0,143.12750852944012,0.9799503455047299,0
6,180.38335085546157,1,215.05632478247279,1.0,0
8,186.7255489080126,1,230.3655577015702,0.7678610447028899,0
12,85.76498727967304,2,283.1617285753402,0.8169534158846262,1
6,126.02094310242349,0,201.64806867832385,1.0,0
4,63.46219962234785,0,383.05729457500365,1.0,0
5,98.38211861271458,0,254.55589238190473,1.0,0
7,126.6084022378069,0,293.73160232661274,0.892764180637282,0
6,137.43415311743595,1,317.27257837509785,1.0,0
5,175.43865889544608,0,437.437667751255,1.0,0
7,148.49284874378893,0,233.52828919337026,0.9219421039933785,0
7,102.69515200570252,0,365.7223466367491,0.5911147433149408,0
6,62.12218013400098,0,319.410653995287,0.7844245589056489,0
2,109.36251482158525,0,201.49408480998068,0.8124713210586897,0
8,105.50289133043309,6,194.56685109537403,0.7507305346874685,1
5,94.89695083738475,0,385.9378410674838,0.8618231147516137,0
5,111.11514650298648,0,162.28331332367696,0.622606897099339,0
6,98.3558414452625,0,266.7326216209915,0.9918360119131754,0
2,91.25741104996946,0,242.96754275026348,1.0,0
8,60.130421706179845,1,268.9244973632592,0.8927583568159946,0
1,187.72787158436233,0,263.4992719956423,0.9745083850628238,0
108,6.257132913265417,1,226.122669336502,0.08221309306831143,1
5,53.36226528450113,0,258.57681562671246,0.6429792445935384,0
6,162.8867470433184,1,207.40341111167476,0.8453495122113609,0
18,74.37579619684882,5,136.57226194266954,0.5677547170073567,1
7,42.2173763717121,1,181.59134058687476,0.8551056886692552,0
2,110.62362368204077,0,218.6238584849823,1.0,0
4,109.09789053830272,0,148.86836049311242,0.7042805588161805,0
4,131.43484227193807,0,218.89484227892356,0.970028731795303,0
9,137.19063402435654,0,120.06483401064341,1.0,0
21,87.50197473166453,4,226.48954555419598,0.7606958604428082,1
27,41.797236624406,9,199.92745972914818,0.4758792317004272,1
5,131.98355728553878,0,229.40784427106146,0.8784637817312392,0
4,78.57251716834233,1,125.90338581763127,0.18118019129068758,1
15,11.906333748710196,6,216.53960964109774,0.6463102998748174,1
4,156.70743473147215,1,287.6625985408713,0.8306499428910983,0
5,202.83694482495835,0,293.512545250085,0.7420309247121978,0
23,47.268959733345596,7,273.33404128927606,0.0648619313746019,1
30,43.48702247669782,1,133.71964521588308,0.3833618474667388,1
5,108.455528884625,0,332.317153025584,0.6531131567977339,0
128,22.78059634019519,3,148.6284890003445,0.029334540549586164,1
0,165.82824598186673,0,277.034151170786,0.6974871040763551,0
3,141.75123640407492,2,188.72604263874794,0.5000209349958424,0
4,25.039232112548113,0,103.9010349138983,0.8559737388580642,0
4,122.63221983484543,0,317.57600403778474,0.702018015564371,0
5,157.6517916111882,1,193.5558447384015,0.4182060604032051,0
4,190.0833967356139,1,261.7533135914735,0.8875228845391211,0
4,118.35783335465598,6,258.56884702950146,0.2203042549928256,1
4,143.0605478334248,0,151.83364307979076,0.7653791267009197,0
7,80.39741195678586,3,315.9771926055688,0.5998975627337644,1
5,178.58874213894973,0,332.9816356705596,0.9320008994119601,0
7,113.73354105438708,0,307.64834344032204,0.8500027709840493,0
127,15.97589815084799,2,147.71144118641763,0.15865008013837933,1
6,111.37006532994872,0,328.56593163047944,0.8915904617244285,0
22,40.30900676740975,4,240.27266293003717,0.27855546312429086,1
5,113.82465238955817,0,346.86697274108116,0.6457116017348641,0
5,132.26492153389148,1,203.25804272006363,0.8611571843840556,0
3,118.24844322482083,0,301.29781116702367,0.9582033615511475,0
3,64.02976812137625,0,225.14389630121175,0.686055757435002,0
4,123.56022864994021,0,152.66175936093563,0.8345052920708985,0
5,120.46976788093622,3,375.3977899264461,0.6936182632590963,1
2,87.16893941294893,0,259.2665113679968,0.8492484291958742,0
23,78.45175331495344,3,210.9853369257865,0.2249363181791311,1
135,16.034312064166958,3,143.96283360440353,0.1800986496106002,1
34,58.09350795643541,6,141.81988215599603,0.431194840108695,1
3,124.0847702350426,1,227.591786950885,0.8017481728515193,0
8,74.92711864227464,0,397.94625462240936,1.0,0
7,97.73518947438727,0,269.7072871733598,0.9731296940144677,0
5,133.65215135173358,1,267.22038133638665,1.0,0
4,105.76617882879042,1,281.14295418289475,0.7886572483175887,0
0,13.708026563508877,0,402.54862071097676,0.8793920722617957,0
3,77.69112736422359,0,284.8055546932924,0.8879305584707109,0
6,91.8850488534213,0,205.8186281522781,0.9048357091928823,0
2,110.43147056864947,0,189.0571426032995,0.9266708445804502,0
5,172.1044084160102,0,407.98258028883214,0.9569457259359552,0
10,155.1128870486031,1,193.97181668392392,0.7919871916840668,0
8,97.20982934147055,3,332.8292586342831,0.9334373135967027,0
5,104.08163409194658,0,343.24463198814203,0.8126651946692312,0
4,129.0021867422962,1,253.70754919647118,0.8288116436199694,0
110,15.713980308211418,2,295.4234499088907,0.0,1
4,114.77788788384704,0,338.45651322671154,0.7935204583992183,0
147,7.4161380494576035,4,127.99920947614352,0.16660724460059884,1
5,126.40177261064366,0,271.3053727748558,1.0,0
5,114.93798620566136,0,307.31319199370733,1.0,0
8,157.476925125303,0,313.9241221092995,1.0,0
8,109.96923751470551,0,344.36484077028757,0.9102828442997899,0
7,131.4721570249041,2,303.35817258762427,0.932447351167995,0
5,221.31758835555354,0,249.62821185256783,1.0,0
2,134.63660657406527,0,242.40812319096938,0.853209161494946,0
6,92.86594143323836,0,251.81827977060016,0.6922635240511962,0
0,103.48017699190858,0,300.6516077695699,0.8838090051726638,0
4,131.3638484403812,1,142.94391127642288,1.0,0
22,62.91100478762819,6,139.82457518727603,0.36682143086876295,1
5,62.924227918877456,1,185.0602976188512,0.5573084681751871,0
0,196.85829657995194,0,246.09316711768156,0.8715944128945097,0
0,136.54875502268135,0,284.12690008133535,0.9980054983137745,0
11,152.50380746696422,0,249.71905764484407,0.8397233302712841,0
2,167.12508192119057,0,287.67213305327215,0.6938061367221089,0
9,110.1470510004738,2,123.83427879103056,0.6790128977144267,1
5,148.2270562544956,0,190.68506106768194,0.42294549037505813,0
3,203.2118257260864,0,202.92489677129086,0.9312013034721988,0
3,159.79020008350844,0,298.7767138172409,1.0,0
20,77.17016880728683,2,220.1104601578318,0.25677137942234235,1
125,13.55469781680731,7,121.48091899836186,0.04615548439001526,1
5,74.09356471206524,1,306.4450776941318,0.7042351826359641,0
36,16.240741605166672,7,195.73680445309543,0.34056427839055115,1
4,122.60918624002238,0,260.2788422350217,1.0,0
5,139.0121829256202,1,367.91875613451543,1.0,0
5,188.70155249287498,0,254.23724261045786,0.9325885857104332,0
28,5.0,8,167.28409502001077,0.2968126839358639,1
58,4.572854186862439,2,238.57070455565847,0.24376229604489008,1
5,186.83170758844412,1,187.2616181276114,1.0,0
21,72.65179130197616,6,394.2015150262249,0.3628079406235361,1
6,115.82010087212885,1,408.3079846120868,0.8426411233518097,0
21,34.840335970918815,2,222.53796766397758,0.48325148146022956,1
5,153.6413455975034,1,98.70581359970132,0.9769063046777529,0
5,108.63252408278083,0,307.3602150766953,0.9126655442834769,0
8,136.35763790321892,1,417.1127208665427,0.740701307502054,0
5,90.073453500073,5,359.5371996493904,0.6808796247069273,1
6,167.41984051441875,0,407.45091174974584,0.8520410745137205,0
6,95.92496627454373,0,218.74660776602246,0.929746779136573,0
4,130.8442130953507,0,185.69235551654182,0.9966624411160642,0
5,81.2059875691256,0,277.3556761801486,0.9720021097981841,0
18,56.908044956404034,10,275.6848044566803,0.3180060677125159,1
5,142.01646841782414,1,205.4755712386932,1.0,0
6,224.7158589156469,0,215.20921562863361,0.8530251418639251,0
144,14.09045416095052,1,201.03334770254077,0.05568536332839402,1
10,79.146801290014,0,217.84872354516503,0.8624158943977689,0
5,117.70688920848542,0,288.1177878670654,0.9471854777853608,0
2,139.52614118946397,0,271.09161543691016,0.9485507526697026,0
28,104.96695761084041,2,262.14796691688764,0.0,1
5,174.7526434177346,0,337.7335299541686,1.0,0
5,78.48589257543173,1,150.21293865740483,0.7028875063953877,0
14,105.54188876585164,4,163.65243889038578,0.7476723700473544,1
34,25.86889086696552,7,128.29734845381157,0.7290392990216805,1
5,157.60934765919828,0,355.63584304414525,0.6090157741458283,0
18,104.2998659441019,3,129.22364402988572,0.4445139242736087,1
2,176.5842618932473,0,317.718017480854,0.8822775200272888,0
8,178.7095550558964,1,219.45259073638246,0.8785291989360617,0
20,117.8042181354179,5,212.82450941053975,0.11695729511323082,1
19,34.50398149544741,1,265.5954290371571,0.5273114879703548,1
7,197.24759390791942,0,119.8761882041174,1.0,0
3,181.09163454304968,0,255.19519303553588,0.9149840984646717,0
2,201.1511616232196,0,236.65293784486843,0.7172606340067553,0
4,94.60840328203633,1,193.18358542985553,1.0,0
6,140.57634730072766,0,309.4482382861726,0.7718818345490789,0
64,4.965107429618068,0,104.2500618000509,0.11897823004067841,1
7,50.169555106937366,0,220.91681669542703,0.7590484616875496,0
4,61.20229953885414,0,188.92944773835717,0.8545027157330605,0
2,100.34532730103267,0,347.6023577655532,0.6016595881949649,0
3,137.84448609885425,0,328.3851694313216,0.7527288456070427,0
10,170.32863739393926,0,284.8347875802381,0.8320217405935391,0
6,143.1384069729396,2,305.20781720981375,1.0,0
120,25.077149270365112,2,99.03204256898448,0.18613516952983034,1
15,109.43320398657646,2,260.5917506455438,0.6281183467760955,1
1,67.9176302543374,0,270.26541477373115,0.7388191709870029,0
6,158.33765900610973,0,214.81754665392683,0.6641969685695654,0
4,84.27183081992227,0,211.67703626647096,0.6544893784171109,0
11,93.119669220719,0,60.0,0.7241164193473212,0
17,59.82714258729963,4,240.32330459298282,0.7074908975374199,1
117,3.649952187288499,2,145.363186889168,0.2648181336808476,1
8,55.350215822042124,0,143.18790182229213,0.9276388079566751,0
7,129.32925374179473,2,293.3944795852028,0.7016993722746047,0
3,141.1224348948808,0,189.20032842414273,0.9938336129838675,0
1,115.98716904833064,1,316.4328196668635,0.8105219453167013,0
6,74.6201605641327,1,209.4275842415428,0.8863013496643842,1
9,121.4426448278302,1,393.7986063345118,0.15317888190171425,1
17,78.65384435526225,2,284.8552211822131,0.5510045274818157,1
8,163.57084549788027,0,259.02274617494777,0.8408971743650429,0
6,101.10421961600255,5,219.27739231606876,0.8079559950537885,1
4,175.4272401298411,0,269.82895819354064,0.6234796080606063,0
10,65.94456323682968,3,110.52068484990431,0.5807760036395568,1
4,99.15234028265053,0,197.78136740213162,0.8778038811121259,0
3,102.8488196313523,0,287.2373215573127,0.8796989056034077,0
7,116.42224267268237,0,301.13522590720993,1.0,0
6,143.14586689968198,0,219.77469689856852,1.0,0
5,178.1772958523964,0,257.10998275422764,0.9385767535392162,0
2,90.29283594820104,3,301.0685345089925,0.7879078332113465,0
116,6.786578323560093,2,176.3492605101906,0.04538662964963606,1
25,26.91953759442886,3,297.7801937517158,0.33430761822254834,1
2,198.23497118438578,0,335.3007163223486,0.8060071602837262,0
7,172.3751843888045,1,143.08800756826366,1.0,0
5,136.75402400530564,0,220.07099390798825,0.7447997363469119,0
5,95.85495335462281,1,265.5091041127084,0.9010306078283277,0
23,15.631010103499763,5,101.13501581396989,0.6736815536747961,1
6,115.68510356840214,0,297.1561946032887,0.8781753498916096,0
7,113.0140860271566,0,102.51217836068192,0.6824687008119813,0
16,60.704084244772915,7,166.91592114367464,0.2727214383812156,1
5,135.2781915088796,0,317.36315566389266,0.9089486080540744,0
8,150.30181955328516,0,316.16431807606915,1.0,0
5,126.61827624843055,1,162.4360008930771,0.9218304739613146,0
9,69.864883732549,0,191.60869000277427,0.9983244157522098,0
6,133.02748176101716,0,119.12130840645546,0.7604359029611426,0
6,139.47882116679867,0,220.2844469878699,0.8130232534485353,0
4,83.75734383866832,0,238.86546773739028,0.6770258398846937,0
4,108.49139606746627,0,284.5387779311047,0.894508043917824,0
122,10.04976703304023,3,195.24440433068972,0.0,1
4,132.2242541327942,0,269.4639328175651,0.9215422256451621,0
6,114.43248624215309,0,264.8069258260918,0.9461565760698623,0
131,21.82236941231154,5,135.25055270005123,0.0863569779621912,1
5,171.75483054794205,0,267.9095456939906,0.8564280813400107,0
5,75.82567538462567,0,337.9861331256391,0.7744182783237284,0
1,68.8425578303642,0,228.9221444742508,0.7100964465489802,0
6,153.75384129641094,0,137.25524409428306,0.9259544536195451,0
6,105.99105421335709,1,60.0,1.0,0
8,123.46898126962185,1,167.5889983682199,0.9090941228609869,0
1,125.78776710687801,0,98.30576167325107,0.8007833676340417,0
5,61.20378779968345,0,430.0970890392404,0.5668824044080738,0
3,140.50211946793104,0,248.12426464600782,0.8870672361158174,0
119,27.83739598119304,0,105.83452800096684,0.0992135118708852,1
0,144.77169722430642,0,271.1098338258404,0.884773914590805,0
5,113.9144896765754,1,175.96076793304996,0.7042606179015072,0
2,64.55665771879514,1,264.6814074851484,0.7376880754658233,0
6,118.66137901764384,0,370.07068690494947,0.993315819240072,0
7,89.68968129704272,0,235.62416646714422,0.9832721946618294,0
38,73.8802123523425,13,230.10086437384297,0.1647192208795857,1
0,37.53515615349684,0,342.24788046615413,0.9781854472577246,0
7,199.76604254983167,0,346.36430758222997,0.7763197975915048,0
4,99.66150691642645,0,277.3402643032681,0.7050120666495971,0
140,2.0,5,256.7172039602013,0.0939179590857781,1
3,152.79994112458832,0,224.6576537843281,0.9940784896641732,0
5,112.26114664304663,0,168.77717864959865,1.0,0
127,11.776278111072848,4,226.34349989319452,0.0,1
112,21.515510625705843,4,132.57171324385604,0.1634340401635054,1
3,75.86655157373251,0,168.69434608179142,0.8862712705274018,0
3,181.87059035439253,0,259.2719564560479,1.0,0
57,2.0,4,165.13087881786632,0.16867689068693698,1
10,136.14327360985612,0,197.1012931571365,0.7865485370422496,0
2,120.82730370780226,1,306.7380469111317,0.7714293178670445,0
7,130.067366908258,0,396.5832713174613,1.0,0
5,144.0205137745537,0,289.48486450398957,0.6713826171497697,0
22,33.64011187256619,14,72.98314773184478,0.1471451816925658,1
9,208.62641392527775,1,316.95162787281953,0.957179449375753,0
7,33.45069596023756,2,265.55420699417385,0.4949856558800073,1
7,142.24518462643758,1,215.5953234049625,0.9157557241803184,0
4,171.09120545568433,0,337.92813806885357,1.0,0
5,128.18458771925114,0,409.6184234296659,0.9188560101464998,0
3,72.28714717060568,1,394.3124575328196,0.9293991850752005,0
7,83.72989522712447,5,155.66502177547076,0.4143369601080201,1
35,63.38833349547322,3,259.82783111514357,0.3045067623391275,1
8,92.34616905419918,0,129.02226246387903,0.9897824757090407,0
114,4.796982642604788,1,165.16020712535536,0.07826092116861615,1
7,159.79706141089406,4,222.7891906234146,0.836399202165035,1
123,12.407258175396633,1,105.46246025116554,0.0,1
7,189.5508661807115,0,191.82182163491044,1.0,0
4,73.68300191075959,0,413.188515866442,0.7470565657460049,0
4,117.53294243852929,0,335.45389197226996,0.8528091392221029,0
2,204.93425155121838,1,188.73775454483243,0.7645116294886489,0
70,20.80157857674901,1,158.81390878044988,0.1446508246448807,1
4,68.26565342498411,0,372.2217300431907,0.6140419292315541,0
4,132.04068521409835,0,297.12634534112897,0.8538377795998174,0
1,134.04067684228536,0,195.3917684523976,1.0,0
3,105.2889773024596,0,298.4879729776792,0.8017689468933386,0
4,154.99160369587753,2,236.95694613321447,0.7749211481122962,0
2,132.297232952379,0,246.09294358391233,0.997128735461834,0
14,84.30050790755597,5,209.9486852447833,0.44740827973265995,1
5,78.28166986774366,1,257.80558340240344,0.5785335807060294,0
3,16.595565608008922,0,346.923613360016,0.8835437086104209,0
5,102.07546817989507,0,277.05025156791083,0.7300180209283834,0
19,45.18753553685544,5,181.7205490319314,0.6242585997304518,1
3,100.45949644645808,0,360.3468271610917,1.0,0
8,89.45447292181254,0,269.3699806044245,1.0,0
21,71.27884833928225,1,297.862960864849,0.3548480443325022,1
45,40.45613912621818,9,239.63762090356622,0.4285676558367188,1
28,57.79329039868112,8,150.2390052451006,0.41114769315279176,1
5,144.52309758361963,0,303.0806116124405,0.9037152317961479,0
1,133.5375106150299,0,368.00750349526913,0.9219708245236361,0
46,5.4486819363657935,7,139.99672428624513,0.3901076515964314,1
8,126.22442194726328,0,195.59149922603447,1.0,0
11,43.539395444785,6,289.7743900589818,0.48808783633613967,1
2,151.55096937519434,0,295.4065438449269,0.7288394769631683,0
5,143.22120874839766,0,326.1928226398129,0.708178965547507,0
7,113.56446318726972,1,276.65763752448225,0.9377261642754706,0
12,125.17500858506237,3,185.46311769129403,0.24096942332170232,1
49,2.0,2,115.62088688422321,0.1869439702382808,1
48,5.0,8,293.0571009594834,0.37644952779210467,1
7,40.72106791879274,2,260.5879357357354,0.7614822448232025,0
15,91.977321561473,1,237.89740198642073,0.0,1
4,128.95466430237684,1,121.8679004309029,0.7358991410739413,0
4,89.9307645171654,0,324.5970926379209,0.9468978615422494,0
6,123.30843730727723,0,261.0820950807817,0.9578253170652068,0
7,138.35790132928315,0,298.1954546681407,0.7900734106494373,0
10,85.6167470564901,1,351.1780127190995,0.8319177213925902,0
4,73.59638942788018,0,321.1424906534605,0.8406818940615561,0
12,175.9667807815921,0,203.7555035026086,1.0,0
20,44.613746485897195,3,252.57309607817228,0.2542381881807618,1
45,21.96176327368229,3,200.31769815104497,0.391714488516304,1
7,147.116903878397,1,314.8791389158332,0.8617193953263046,0
2,155.67958958906317,0,312.4993622425662,0.5639121209919515,0
4,79.30808814419093,1,215.94100270805632,0.7915136599519759,0
4,120.95046437397592,1,329.10973227779175,1.0,0
18,20.927739468687335,3,153.71025623087115,0.2976207086336189,1
5,176.25131031400636,2,238.26836135780766,1.0,0
12,151.0610054727909,2,122.22884448806631,0.8674351449091556,1
25,83.98131624630165,0,258.07509177343434,0.26402740635634275,1
39,41.66319502933837,4,194.54206946538196,0.21848463866244297,1
19,33.084251745925094,4,170.55231092989868,0.3011961766687925,1
5,163.369981999767,0,272.0384030540173,0.5458608836207383,0
118,2.0,2,196.52881307963978,0.0,1
5,185.3180353270888,0,108.02443823888271,0.8171362832678246,0
4,147.20908120680008,0,229.84991908618136,0.6741999167287186,0
43,18.147646244846236,5,40.0,0.21027450069889916,1
2,150.96066041569955,0,346.15450629821646,0.8923533002843389,0
64,34.75010776616624,3,323.0672864479038,0.0762872350021835,1
102,25.38529885690417,4,164.55190207242586,0.2194695296540321,1
5,152.80564545434265,0,318.6455195421327,1.0,0
2,104.87698286654475,0,423.15374398345955,0.8030653594600861,0
7,88.75641029302072,0,212.74415978230033,0.7015112608541286,0
6,102.50956480655616,0,187.69241767756893,0.6568677266148969,0
2,59.727654201604885,2,270.63409894032094,0.6269383657417087,1
14,106.30493485941929,5,297.0564497776411,0.5247426202451353,1
4,131.42504810738848,0,293.71851581714196,0.762747639510197,0
4,101.8555585726771,0,141.64821026769874,0.8429609400562743,0
5,65.01005342700346,0,197.52795357283566,0.8896906653110086,0
8,182.78230990586988,0,342.8408762520847,0.5671403204073195,0
1,53.26604241123951,0,406.42326126853834,1.0,0
7,155.54093912586174,1,279.5486365251431,0.9250465157428506,0
3,152.85831136217695,0,211.1386300457614,0.9265529787950839,0
4,172.41827770790007,0,293.2187806497855,1.0,0
2,103.22311720101501,0,243.6499322874919,0.9505080900973455,0
46,68.11091746954794,10,268.4356439985452,0.30952017509867763,1
5,72.26131056622972,1,301.79562494636326,0.736593842394716,0
4,115.96143361501647,1,169.26134561271311,0.8030102216512106,0
37,52.756945330846555,8,171.07006419718442,0.3741515383139523,1
11,83.61120622175591,0,207.4386129969425,0.9537242932434453,0
6,93.70128404051482,7,329.5964960029953,0.912901656112268,1
6,93.65486183835972,0,204.20488045164987,0.6910934826238659,0
114,2.0,1,161.00165878540503,0.02630518885082699,1
4,132.61998862272856,1,415.6749011980152,0.8447564237614152,0
3,87.78921806809869,0,448.5239239667947,1.0,0
8,147.12799779589287,0,191.25405888424535,1.0,0
6,123.77799191617858,0,313.26992232285437,0.9689748435979416,0
3,110.70371381052048,0,326.5114521917441,0.6952178607586346,0
107,15.537364787040547,0,148.7948836619938,0.16615168491383164,1
3,142.4974241178037,0,252.35440256159887,0.7363664014643405,0
114,11.890311271410535,1,188.32407906798466,0.020882658163371925,1
2,153.2115980485958,0,153.894533577466,0.977851358735237,0
3,93.28954450435829,0,362.84303210749204,1.0,0
8,87.41128990009518,0,276.7835673898016,0.9682719113975203,0
123,24.83533510538766,2,100.26631499946168,0.1850139878110145,1
8,91.7282793020912,1,278.7186552446399,0.6861330985915272,0
3,184.7710259267013,0,320.2807555076181,0.9834237506748149,0
3,128.0552755196569,0,264.0193108166169,0.7490264284164855,0
125,5.236029715715608,1,222.31785290922582,0.20601619412962124,1
4,152.65621838246147,0,236.99766157137213,0.769712714054871,0
5,127.5443821612477,0,373.46600822576056,0.5778854011392631,0
63,41.01354302361621,0,213.53220178745212,0.0962818870758838,1
11,48.28887652787809,1,138.97259224895032,0.32088870754531434,1
3,156.60656745827936,1,214.34789585189992,0.8872324910435373,0
8,177.50805229427448,0,357.2492334337838,0.9455095759660903,0
5,132.97422621516228,0,303.92902429096125,0.6555118432167604,0
14,76.55025025719337,3,89.79339478330755,0.0,1
5,117.44255567924547,0,269.65538141070357,1.0,0
1,152.73131243048778,0,249.16299666064097,0.9826998402127696,0
2,97.26251398024115,0,312.5194199509428,0.8885686615236222,0
4,115.01285697129069,0,246.17849011192757,0.8078713408980512,0
48,5.354373482841444,0,111.80714895604093,0.06020699622297702,1
2,82.84132599068624,0,237.72585060844023,0.8033185143168385,0
5,168.9364018144658,1,297.14178598017196,1.0,0
64,36.12300949933055,4,73.62428639933371,0.1076289634006981,1
8,116.4138868840546,1,256.5783591405834,0.7314632731168883,0
0,107.38368468213226,0,249.2333581172638,0.9922749668042122,0
7,92.84242409178266,6,133.4131268220001,0.6863920555055574,1
39,39.64746246028561,9,40.0,0.7427319470087893,1
6,41.2600254876608,0,254.16215470972497,0.9592602801376041,0
6,76.49201279980107,1,240.88576243353978,0.7608941802491797,0
3,193.41288544749284,1,113.2851326006803,0.8362148610174794,0
16,70.22234834441574,3,197.75313740395111,0.3594066503917524,1
4,106.3147481681671,0,163.3760400720803,1.0,0
2,115.64969182008883,0,265.1545190276815,0.7655762725287574,0
7,122.87766809957881,0,269.1854567280044,0.7372446120132559,0
5,138.48424937156094,0,275.66773741162996,0.9097869096403659,0
6,179.48545736396156,0,318.82126442737166,1.0,0
17,63.54202197146583,4,96.02253457926561,0.404185623091727,1
5,163.02626583404566,0,296.54616892737135,1.0,0
3,32.36756683395457,0,173.94911476010316,0.832566619208606,0
4,139.67308840661264,0,191.5511439969885,0.9656071273625861,0
7,99.39488395887315,1,340.4041208804119,0.9875795543625585,0
2,134.8421011531893,0,299.95063840997,0.8026986204995481,0
9,146.64346597033867,2,374.56402976415023,0.8190256031268925,0
2,99.51331101049182,1,271.44931972025717,0.8755608784631231,0
6,128.94034698127314,0,130.61822448129152,1.0,0
5,84.23605867950076,0,390.548558392349,1.0,0
5,118.27495940266064,0,325.58598771612185,1.0,0
8,71.58978241939054,2,121.19042509876414,0.4239420379710932,1
30,50.73113906178166,8,97.58597202966315,0.6444610246316749,1
103,13.81912864026242,0,174.0140103329852,0.0997525848113763,1
2,74.65948292406172,0,276.97475468291157,0.6983899287009161,0
6,35.10651065900033,1,171.480248536912,0.5275442849989868,1
10,84.51598049359153,0,273.651806675559,0.9149397487000263,0
5,147.94962997077658,0,307.1361297959402,1.0,0
6,137.7509183457494,1,217.57732626729754,0.8448117070624959,0
9,229.83343781626976,0,176.26500979967037,1.0,0
112,2.0,1,219.81099316935348,0.24908063552753945,1
39,50.184743591143274,7,191.82367105898214,0.4008022178384174,1
3,149.23697615656394,1,194.02993708971275,0.9346024083806856,0
4,127.02483522499082,0,201.6206228218079,0.7128430310053837,0
5,172.4288387901511,1,188.20694021248377,0.8499912571768293,0
8,148.3513218663297,0,379.05901391216474,0.9566359090078173,0
5,61.64385496713935,0,210.3506445610434,0.7122242171232817,0
42,37.33443974054035,8,211.37725736879005,0.0,1
5,86.43592265904915,1,166.05852439201516,0.8677561001931124,0
10,152.93869034770086,1,194.14199359946724,0.8024185121310322,0
121,24.257726549137114,2,186.17452193203604,0.261678594761288,1
8,80.10346106370537,4,224.3767304805369,0.18992645027502372,1
2,106.73656236739231,0,232.10642568093962,0.826587383851949,0
34,106.1691810805399,10,107.79447677488517,0.6737651215658454,1
124,20.148358970046164,1,187.12431866047248,0.0,1
65,18.79736070088385,2,143.08571826706793,0.10145467489245738,1
3,215.63316301143908,0,148.0132194375108,0.8724402909753277,0
35,50.57691300892375,11,97.594023656296,0.3579753575717583,1
113,19.13040106122697,3,138.29355245718975,0.14243033088999832,1
7,125.532668154194,2,60.0,0.700966569467916,0
5,77.95656220892037,1,110.58097912054343,0.7980669135815629,0
5,148.18137260663298,0,264.8822794280102,0.9028182575903415,0
14,75.44843799900836,4,327.98013178824726,0.30572524237431925,1
6,116.88786531585434,0,320.69413191492924,0.8712653718080046,0
7,81.92687406823772,0,330.64933567674154,0.6991079078210358,0
6,215.5744042243715,0,345.5122490747904,1.0,0
5,87.91341255409431,0,152.5029594723115,0.8005175035193648,0
6,74.42327115307093,0,411.1052085373706,0.6473081893676373,0
6,93.6059138952513,1,217.28826269766972,1.0,0
1,111.8557237888532,0,379.2744741228648,0.9348938598947429,0
2,100.28609560096591,0,287.7053306304609,0.9037390461727766,0
10,118.8769871692256,2,167.5968704851252,0.7783473377992721,1
5,173.00937204265617,0,285.19033174206663,1.0,0
5,162.3517490961768,0,276.37002338046466,0.7657339053785017,0
8,131.2034396794753,0,375.4200467361958,1.0,0
20,52.933553246308776,3,183.3424529146546,0.10454188154485587,1
4,177.469034191736,0,163.284110658552,0.8608673318535838,0
12,61.235426390399,6,150.6218456287662,0.5643933187952992,1
8,87.18576539921828,0,241.0954898342378,1.0,0
18,75.5524738179085,4,60.0,0.45779061062300297,1
1,133.63969782668897,0,230.8810637849161,0.7966012471924816,0
4,41.30313322605032,1,371.0472686684961,0.6761996455405993,0
10,92.0309855160682,0,255.6202431880284,0.5326719458955032,1
3,81.03496776234888,0,188.50496397606642,0.9543377849965795,0
31,5.0,7,252.98624985252093,0.3080700198716489,1
3,115.59797378234771,0,253.9643220351995,1.0,0
8,117.15636502329012,0,190.89720161583853,1.0,0
6,134.21210967450534,0,174.1478128928061,0.90808112025919,0
125,11.152129701225991,2,132.04994776651142,0.08621997597775696,1
3,105.05164411592439,0,253.6786733093255,0.854405932298714,0
36,5.0,8,130.00189914072791,0.20387957149324765,1
42,6.941311488404959,11,220.94019032767613,0.16108934045910595,1
129,16.734865801067876,1,120.87438473480346,0.024972634072638136,1
18,69.71731975064097,4,288.15410372699273,0.5654305640102731,1
9,169.31153614185672,0,143.9477496846472,0.7341412997182967,0
12,98.23468704818136,1,303.98388403380505,0.39964778528913275,1
1,116.46198430281179,0,259.09854687284866,1.0,0
4,89.77790012951263,0,265.4157822017684,0.9156960455165414,0
116,11.810879323439655,2,146.6596418213077,0.22628176615782697,1
4,26.997718971135782,0,438.26709373988,0.6702572915962169,0
5,122.08323378097714,0,117.6626378528083,0.905877504039877,0
3,168.2288328387316,0,125.01232720472926,0.826213393129391,0
10,51.60753770585272,3,263.5777312213035,0.5451924811130657,1
6,122.98593292841083,0,425.33379960562667,0.993956789546217,0
19,111.18340635912742,6,262.152922827445,0.5859814020390761,1
6,98.18131027276667,1,326.2505041058585,0.789445423835297,0
18,68.88000656599768,3,273.0602574215952,0.40498496983357607,1
2,72.35686904846327,0,351.201276569795,0.9694551133166122,0
6,146.96880588068635,0,220.52442655119575,0.8984638468068415,0
5,68.59274717021542,0,316.3110784659814,1.0,0
12,116.0911336431123,4,196.0805466219186,0.3079387115863599,1
144,7.9155236271203915,3,133.2491507561333,0.08057084325461429,1
108,2.0,3,47.386490356521016,0.126047877311011,1
2,121.4954134828099,0,226.6419461638158,0.6828230724270464,0
141,19.343215593841272,3,165.3585691841608,0.05729716412320035,1
5,109.23527346132536,0,256.1604490654355,0.9372479063255965,0
48,2.0,2,209.96499026057083,0.05663572932413958,1
7,59.68334792497415,5,226.75850610218987,0.5977576092928633,1
9,152.04578036574776,0,304.3411803251184,1.0,0
2,108.02088386782852,0,312.0546110487231,0.9760926950089818,0
3,122.35041773215606,0,207.43450883876704,0.7495392928991329,0
6,55.53914507683657,0,238.39402532317794,1.0,0
7,110.55674981641475,0,109.12866059952808,1.0,0
3,110.39155596160185,0,306.4134560272411,0.9147986322576501,0
6,126.60169495143484,1,224.9148262760825,0.9705485720203673,0
23,86.0400160730438,4,145.72124163598355,0.7037268274104826,1
4,85.23532485159541,0,319.8629227737643,0.8409853165345613,0
7,142.65283614617454,0,375.43011953994505,0.9067679239059967,0
50,41.447313817033084,4,254.8447818335677,0.4041078780230272,1
7,103.98371662958294,1,261.9209632012351,1.0,0
9,162.86956608712939,0,278.3027631761478,1.0,0
5,145.28913643117053,0,278.50637393698224,0.9836961871431177,0
3,100.9675283899698,0,335.7247663740182,0.7562612864741783,0
7,172.2333266775409,0,122.85369599077825,0.8632052625068279,0
5,146.5392765165319,0,352.0800186333629,0.6281666817651094,0
9,133.16759310964642,0,382.33372286213705,1.0,0
124,2.0,0,95.44606330381517,0.23044442589131955,1
3,110.72877888390548,2,396.55502838880716,0.9285022454177166,0
6,96.47581138913262,2,369.77576413683556,0.7882411004286118,0
4,114.47649826098375,0,310.74124982067207,1.0,0
41,30.165297450398306,11,254.48795870029315,0.37517645682693607,1
9,106.62739877061061,0,289.92522985853344,0.8125976480884985,0
60,15.334807360798488,0,137.2222565521698,0.0,1
5,93.80609538322292,0,191.6484266432752,1.0,0
6,96.02481673942623,0,290.4173518100096,0.9035857547891021,0
4,154.19709577579215,0,287.16513847371016,0.9309677724901028,0
9,108.32555307936559,1,237.4643741194567,0.8033383379891708,0
35,52.62080221775373,2,146.77391942954128,0.607739172168877,1
62,37.67677629635435,2,215.09933984203195,0.19358848632817946,1
6,119.27125449557052,0,339.71387166044815,1.0,0
5,161.1856237886906,0,209.9019358921117,1.0,1
6,86.6055935545866,0,245.96805180853457,0.8394744611419971,0
4,91.50567886930283,0,246.38417345575436,0.754671998632436,0
8,95.03837950750612,0,223.66593781523667,0.9633080525106505,0
62,25.421122538640816,1,167.31474708804674,0.3095027117253473,1
52,42.43862985439947,0,40.0,0.16730725299617355,1
4,104.7249444230466,1,87.65969391957881,0.65773870882208,0
7,142.6902080640976,0,325.59903793814175,0.6165405579005824,0
5,112.58825066469261,0,199.99688338733554,0.8860186468014118,0
4,98.81663642725495,0,306.6302725267729,1.0,0
4,158.17080744000435,0,101.12858442427283,0.94380022041609,0
11,36.548332251642805,0,182.6957960778055,0.7502952237228646,0
6,68.28166077442734,0,242.12618612850227,1.0,0
7,155.93874578582123,1,266.8607506125424,0.8842363117516833,0
33,47.40171069140712,3,244.08172542935296,0.21173290688791746,1
3,171.76786430802952,0,293.99887180880637,0.936902385577352,0
6,68.97197031164039,0,132.28177163319006,0.804820481668078,0
8,171.6919092436455,0,340.75924069851305,0.5330593425089049,0
3,127.84598422615312,0,241.15370111873597,0.7775134047613812,0
5,142.5208657962127,0,264.28132911186606,0.6101602224210899,0
4,127.15990916131564,0,261.5578727382832,0.7287027214087222,0
5,92.9832457209687,0,259.3143342009668,0.621162436740293,0
2,173.5389142640592,0,395.7709209906959,0.8159737196517401,0
112,12.412955374954441,5,155.1955281821438,0.2205766223292394,1
7,135.2221405254149,0,213.97667219873392,0.8219816333224627,0
4,152.1287387650111,1,75.48678262610349,0.8625221525670512,0
6,117.39112519275606,0,208.9591529107798,0.6676118394932874,0
15,71.78826488443951,5,182.07660326058053,0.37824696058094975,1
3,75.65461984599685,0,157.42713670858154,0.8414718544252981,0
6,131.09350249600956,0,234.50640010626068,0.9005361443555716,0
5,146.99493427883385,3,344.14839380132054,0.9444002658851189,0
4,131.86998150346247,1,230.6323870090904,0.6830127796332697,0
7,60.127460560554816,5,275.8058273762907,0.7258304486898046,1
4,138.89402203505426,0,215.0152012281976,0.7662664088028012,0
3,180.3321116543856,0,164.41828972872094,0.7202558970063122,0
5,173.3200611321126,3,227.69231351936483,0.6893951574120514,1
6,48.137663067265485,0,254.17951879570484,0.7536227963641049,0
2,158.78797440178894,0,291.43292454688094,1.0,0
14,135.7919698772348,4,341.80846447328025,0.36793290377638854,1
119,23.488346605529056,2,197.53748044563596,0.0,1
4,79.23647179726436,0,351.1052762727434,0.8811668564833727,0
43,56.19226170085137,8,249.57284078808993,0.6122649470503818,1
5,105.08775013692393,0,340.61438436074866,0.7104195879508494,0
5,201.2251212725689,0,284.05020794358194,0.8128010678283626,0
27,47.06805274470719,4,267.1991430080863,0.1629112546063665,1
110,9.389521962091724,1,158.5132086110104,0.06923639865721795,1
8,172.68414097617878,1,281.9171337867998,0.9290457279899652,0
6,97.72239401092095,0,363.576637762353,0.9809823271829484,0
2,134.51450698447456,0,257.04324255262486,1.0,0
13,57.90472876153423,3,254.66237151527847,0.5787399896972102,1
6,108.70376495859838,1,195.17449239543475,0.6947712297935253,0
6,118.27634374341066,0,401.9193369073063,1.0,0
2,133.15060359840342,1,60.0,0.9120484121176429,0
5,75.65556208431657,1,287.6553536921845,1.0,0
7,106.6814744755215,0,264.43926639378157,1.0,0
2,53.82900486344042,1,235.71229192942792,0.9750834942725013,0
1,212.63268044803837,0,267.6362170471701,0.7987937747311011,0
20,40.58317809505495,4,158.40559340756417,0.5154983109024629,1
5,149.96257191804287,0,151.96642890743783,0.974078029598008,0
6,181.83054954869826,0,364.1341769553934,0.7242817236798815,0
4,72.69475698755929,0,174.41395653952364,0.9889834049725339,0
7,132.96211165744282,0,245.11046747536392,0.9229115192975016,0
6,173.14441085681128,0,163.16836125812856,1.0,0
6,163.61499013988316,0,186.67580014110192,0.9703369562454967,0
6,98.1923652442495,0,229.40487483927092,0.9314775398094041,0
4,138.4304200767644,1,241.06468009246197,0.8645671710874717,0
5,103.47987546090303,1,405.11185381786925,0.5997132333522172,0
0,150.9731312440146,0,331.2955974610852,0.9316482633220399,0
130,18.55938639167547,1,40.0,0.17717930320115244,1
1,51.40338886431407,0,300.4000473074387,0.7885555068436179,0
4,62.93488928222716,0,331.0068540839454,0.7139294489835086,0
138,6.395176291916283,0,209.90923157957906,0.07653394437592329,1
6,98.52173765613266,0,219.96575706040397,0.8949124404152939,0
2,120.99112578729589,0,241.209503220127,0.8679354488471901,0
2,123.82427687940886,0,251.848174955556,0.5587911331854706,0
7,190.6206540643744,0,293.8890863510035,0.9738447390953071,0
111,2.0,1,213.25576273252625,0.250914781711468,1
3,39.91988304608094,0,211.05652567642798,0.9682835750091454,0
6,124.00248266764476,0,231.07995148950795,0.9668016250856243,0
4,73.88703665160048,0,256.8016556719356,0.7396966701972248,0
10,138.5405826963401,0,278.35846500900686,1.0,0
3,121.89379791550449,0,369.2246171467917,0.6092356966638194,0
6,69.81619588443013,0,296.26555103419815,0.7590829661842486,0
3,131.11843409482228,1,286.5242542621437,0.8528226288848307,0
8,146.47548794603424,1,407.6662277627956,0.9899841276661717,0
6,141.02553495802078,1,180.14065019535371,0.8030584029165306,0
4,125.28879429229768,0,224.95817694314084,0.6046200315137746,0
12,42.66488825962806,4,270.2639071839553,0.3554704827259605,1
3,123.1875318648384,0,398.4175126774071,1.0,0
7,97.22404730608112,0,60.0,1.0,0
9,95.15050504269637,0,231.69287324893102,0.9909483354333134,0
46,8.192092432598232,0,179.06042438180316,0.0,1
4,141.9302344361895,1,263.5634299221724,1.0,0
8,136.1939142682217,0,177.19856205701257,0.8829932647795211,0
1,195.30780949879224,0,379.0386639609455,0.7288841546351867,0
22,27.000220291556428,4,152.32869477741596,0.3985598691071662,1
3,146.264885529967,0,271.0135518421817,0.7377442026949897,0
43,37.25604608368032,10,149.97711929377476,0.05898956018882813,1
4,82.5780482410129,0,241.4732310234608,0.9930105353206354,0
4,155.28076930135276,1,233.27672884119508,0.910112025366459,0
56,2.0,3,117.62452152251299,0.009611409812427,1
5,75.90130041418784,0,208.99970168314158,0.6992125833515712,0
2,143.38676441027133,1,300.15861179569225,0.6261302391048699,0
4,197.73425137025188,0,271.9744563158601,0.7395698453815452,0
61,13.813538392421798,1,148.78725178844377,0.12445697580600312,1
3,173.7446681402876,0,305.2561234738487,0.9217711430568994,0
106,27.416063985266728,4,144.0992105436918,0.0,1
2,124.56305725806845,1,282.13012028428767,0.8862136930540171,0
5,94.60130429826165,0,132.26809931923907,0.8878272094933198,0
136,21.307439591288638,4,135.474230414304,0.020239502725719994,1
1,144.7063351429376,1,387.5535515695701,0.7341025918621845,0
36,23.110065212705955,8,286.44308644277163,0.4129649662468184,1
9,181.7867448627916,0,177.84417797773972,0.7852954312303313,0
10,194.98079336417237,0,404.8307060756542,1.0,0
5,134.60718028282312,0,329.7839267922232,0.8757392281581026,0
112,2.0,0,94.23987118804779,0.1256271637533215,1
4,92.46358155635437,0,221.20015233832183,1.0,0
4,124.13854313761455,1,409.0349083439456,0.7819415647198976,0
35,5.0,8,309.5034735310052,0.45487033358686263,1
4,82.75657493915779,0,188.48061939719835,0.6424665677817779,0
122,2.0,0,68.80831388468444,0.011011020616983093,1
4,131.50831568474194,0,291.3461240808462,0.9140787168624066,0
33,45.60695094105418,7,92.67528684840693,0.28431507359619684,1
3,30.519706960434405,0,229.10083650634766,1.0,0
4,127.28568362505536,0,357.3461048475648,0.8265534546114922,0
7,126.14424962609097,0,375.73548354422957,0.8951560145578509,0
3,124.4849067480115,0,187.05354675774583,0.994394190776919,0
10,110.90606813456675,0,189.03868378852354,1.0,0
113,9.957101417437336,4,104.8878539646357,0.11332033958243411,1
37,26.890736036742105,4,286.8993766199528,0.16021407962909212,1
11,134.15239120779134,1,405.81712448999804,0.9528588959092448,0
0,149.17415280548303,0,304.6335461026162,0.8740965287697233,0
5,100.0476791508339,1,208.61312740845594,0.8658425949412253,0
7,161.59307736713805,1,354.0123340891734,0.5635383034818132,0
9,48.9145766647517,0,373.8368011215198,0.8720909211707644,0
3,158.0130282295576,0,196.91621107650096,0.7405299334676251,0
30,52.98778996030296,7,277.6549547169951,0.4571261280151215,1
53,37.4990036323392,0,55.928482078887704,0.1168047065998523,1
102,20.365240446472676,3,77.5377961505086,0.0,1
127,11.985044347289069,2,130.3203614882324,0.0,1
7,132.70245111426695,0,172.39731742678245,0.666271302176021,0
10,104.80053982224098,1,238.65619473738306,0.7991317608733653,0
3,145.4862378773814,1,60.0,0.9301132253514687,0
5,70.0809104692834,1,284.72584100566826,1.0,0
25,54.87302081853335,10,284.7624049538156,0.26621218985924644,1
6,128.41595208382893,0,367.61976562944926,0.769906276891085,0
9,112.68956322326038,0,167.6762967629376,0.7436594911818027,0
33,47.47550409049847,6,222.92644147412437,0.2672919709987524,1
3,71.20602353178086,0,281.72076312296525,0.7705907073111916,0
3,77.33674491312672,0,265.43138654399405,0.6449144731816743,0
3,159.63302071824157,0,212.18796535162411,0.7755302412886249,0
7,166.5656443896922,0,161.05050145930744,0.8834710316818212,0
2,195.81160171390204,0,214.89398951240688,1.0,0
7,59.71576815994545,4,205.3873501553179,0.8445096860012171,1
117,2.0,3,209.68083371927875,0.0626480859587854,1
4,148.51772270134438,0,264.3542897655064,0.7868095300559357,0
10,136.75725829312682,5,193.752652482678,0.6643623552254095,1
5,156.15901066135316,0,209.9757651070084,0.8846126386384594,0
4,228.26002869852357,0,228.44292929455875,1.0,0
4,116.36794991926523,0,402.63450651555763,0.9139892413122572,0
3,101.998289679407,0,263.9256665099644,0.9009346038268451,0
2,85.72535106187648,0,258.1456809996803,1.0,0
72,20.02981718643767,1,140.47202047018826,0.2356646948269407,1
7,124.8517595109737,2,357.1356630812788,0.8230750442115853,0
102,7.950180839653194,3,154.7269307715809,0.042209649011926524,1
2,135.333122343839,1,315.0017257512101,0.9655882752266858,0
52,23.466183157339767,0,113.21118292337984,0.14303827876614328,1
6,95.34921315659209,0,212.83367377278282,1.0,0
38,52.7897695230002,7,175.40485600508964,0.33857515687284323,1
4,77.91268815021637,1,294.2624395331173,0.849952217203753,0
2,83.60888972122119,0,300.8120516732538,0.8533484945187315,0
50,14.831667395503116,0,94.34685376831762,0.1094015418905656,1
21,59.40852461130998,4,255.24985864639308,0.2582005855145267,1
134,13.323402048270784,3,130.36878392345176,0.13608548864213585,1
8,80.29958715931426,0,303.295493547831,1.0,0
7,141.78922205009061,0,154.53549757959155,0.7329234840717381,0
7,135.60982413704895,0,279.4246605049892,0.6303441957178328,0
5,120.66341069735816,1,194.6251873024314,0.8341496144964198,0
3,150.27015654479683,1,257.80035866222073,1.0,0
13,62.63707915375493,3,150.62090909927122,0.3368666002088148,1
1,97.83260870467294,0,77.77336763830505,0.8094387549643454,0
3,71.19471962309505,1,393.5087860884202,0.9614906335942479,0
18,65.19443682134687,4,232.3285902675339,0.665089585234852,1
2,95.53051721205185,0,285.8914817988341,0.5275315666459408,0
8,89.01512864751619,0,253.27621567152147,1.0,0
3,131.27310471464924,0,88.08641475116879,0.8176980466493163,0
8,79.65359097713387,2,288.2552781275103,0.4297602357536729,1
3,104.82895557123138,1,177.45741565102392,0.8555416638874646,0
4,181.8515475433027,1,524.3677090278208,0.6848801490269034,0
9,59.806645662479596,3,353.24366654191164,0.5095001328183282,1
28,31.046754372648724,9,176.74838063833423,0.2040697783899226,1
31,92.06013816579078,7,221.50050035258707,0.12568135315745377,1
53,6.962974204516364,0,142.3040549535194,0.0902303769691141,1
7,60.28021822334015,0,277.6735604556051,1.0,0
8,72.00611320798025,1,196.19318477182486,0.043567860082482854,1
11,173.58861236386707,0,128.85331806354495,0.7785531047204574,0
4,114.54652844275908,1,391.6654501158978,0.6253417081928119,0
4,104.29447696121946,0,372.807118344874,0.6824264222005774,0
6,108.81213528725435,0,181.81797613811815,0.6697195980554702,0
2,112.84577431061132,0,246.48938407316768,0.5546190962846709,0
2,106.27648643164886,0,208.964079292598,0.859010216500645,0
1,102.90872641230166,0,164.58908415075518,0.871052631998185,0
42,20.110740176101725,0,137.9962371145366,0.049829395900832116,1
7,76.48195017045605,0,307.9146396946828,0.637851626456252,0
0,49.34043617762639,0,320.01487845500094,0.5046908549663243,0
4,86.35545466015988,0,174.89859757658076,0.8475048325398316,0
4,59.26173741248533,1,295.64135348886305,0.8244183759205338,0
4,93.17762643606213,1,343.7459495631708,0.9198049244640474,0
6,80.72014352782406,0,153.01644715358012,0.8890338364259199,0
5,91.05630176033581,1,102.34792851588298,0.961031885388141,0
7,93.16220191669007,0,309.7431397528892,0.6667403311835384,0
7,75.84656166922555,0,197.12281484870513,0.7483845046591481,0
132,27.6863598118237,0,151.45094899613753,0.12493373770356307,1
4,41.883208298177344,0,247.18233694202246,0.8531203995882247,0
5,116.70559183271354,0,340.75215679298697,0.791371128032157,0
31,38.00379484267807,5,144.29176939511788,0.0,1
6,116.54058810536223,0,138.82843692881048,0.8382194904490566,0
4,118.57013233108627,0,123.05335082627367,1.0,0
6,110.44798147686205,0,196.57461356957873,0.7635230632042932,0
3,83.00944315359004,1,343.88240941379416,1.0,0
17,53.35918309684581,6,212.79423283172153,0.42060108453866596,1
5,69.40554546325569,1,345.65987288309003,0.9176358677705863,0
11,118.09725103021447,0,219.9853700069184,0.5311395240668484,1
6,101.762911524992,0,261.7818085219983,1.0,0
33,60.43006897253207,10,151.03329310089103,0.406869371681921,1
3,127.10880912161049,2,273.12161909360543,0.46448648944285703,1
27,51.25648632980167,7,68.89942168982294,0.3401067827351461,1
7,135.48893484501403,0,341.3202819151052,0.8543323149265806,0
7,72.82119501675737,6,236.13225552205066,0.4592412981005886,1
4,205.68836588311007,0,376.7468114175109,0.8846698938485611,0
6,108.69720835831926,0,215.27155623849086,1.0,0
8,104.59821320262513,0,284.528691519037,0.7149593976281049,0
5,90.03199906719327,1,317.0623926989834,1.0,0
4,119.1597055949345,0,260.9465835565019,1.0,0
6,149.46684121459435,0,314.6145521267279,1.0,0
5,39.723144619993676,0,302.6510601480844,0.8982314957845534,0
7,157.62935841434924,0,237.1333760263526,0.7906657693003596,0
42,6.001399046091142,9,168.21896154889512,0.11644925195410637,1
5,140.83069045517337,0,267.0386822515416,0.7691243349408959,0
136,14.905898250085789,2,182.59052570244802,0.13129920613744592,1
2,170.48192423616018,0,223.57575865331935,1.0,0
4,107.13512376757669,0,99.48556291284434,0.9042322375641342,0
4,182.58531031426446,0,341.21157303265164,1.0,0
7,161.99129229608113,1,366.61898913676356,0.81359138304665,0
11,50.09523464333846,2,219.52657397228816,0.22167196526365696,1
4,126.89075648535841,1,379.0040725557126,1.0,0
130,30.03000853731089,1,214.78330919196083,0.06032177887493569,1
7,167.64019793861482,0,235.88852393490086,0.858528592822698,0
5,87.80906594295118,0,249.74393153127707,1.0,0
3,116.02485372684693,1,305.2337730552068,1.0,0
5,135.64107420542382,1,299.37740074060764,0.4106364215647234,1
6,96.96973441965807,0,230.5482743444295,0.9842840889116513,0
58,24.308305248026336,1,136.94269776819496,0.0,1
6,131.40819771600715,0,221.01480480285616,0.9130456328530252,0
3,111.83215828100387,0,193.33105864042383,1.0,0
4,94.81871162751177,0,202.93891792600945,0.739269228253816,0
5,88.23216863156394,0,315.6986174658149,0.5585816341460819,0
23,76.98872597147906,3,238.74414166839878,0.15520496273419845,1
6,126.48210649163457,0,208.88053122085552,0.8125490525382647,0
125,10.157731940117586,1,69.98125866802361,0.17587589652051738,1
111,17.276318950365074,1,87.58680854556896,0.2518520286531542,1
7,115.34777288213392,0,186.6363958046138,0.7856293169769045,0
4,102.17463027487949,0,239.96288205550383,0.8886596290431735,0
5,177.31116703057165,1,255.99810211826338,0.7196207260448164,0
5,65.48416529199821,0,288.1692105685285,1.0,0
6,123.07580352163717,1,94.85032446687286,0.20087004375758374,1
4,102.43734193085633,0,104.07221584213771,0.8972204678815168,0
5,136.23460762703013,0,254.21479580215038,0.7298172448603303,0
11,128.04229658270089,1,316.81790558997784,0.9108029278270574,0
1,148.25949652675024,0,147.2954879062674,0.7686112255116552,0
4,122.68697486098488,0,241.4303415614926,0.9172481762307735,0
10,123.43481551186119,0,275.6636836443781,1.0,0
5,148.37443787546388,0,366.04378269430305,0.8678278550249662,0
6,133.66079461475655,1,318.9554234271196,0.8755760424031752,0
5,109.74013936927153,2,146.43430047384035,0.5788124878328145,1
11,79.72652143543614,3,274.2608501743013,0.568485873801828,1
3,74.88399868847365,1,202.46808497056097,1.0,0
3,117.28502858628957,0,195.76339702717613,0.8212861325797648,0
7,78.60684198021829,0,201.3638233630466,0.6767433041013279,0
13,114.09721933405834,0,218.56072331331464,0.7388129656795669,0
1,45.601608761833106,1,268.20110134646853,1.0,0
5,60.51840053366735,2,215.69589159405362,0.9148694344352203,0
6,102.86081837494416,0,264.72521761851135,0.7914391573024095,0
37,45.250966870604756,6,91.77005286690144,0.2867847812279185,1
6,59.00016433421965,0,300.9846936505569,0.7688332600410467,0
35,35.134677967983215,11,160.79629715690035,0.32341478906386384,1
7,108.92614087362051,0,362.86929125340623,0.9157956521676609,0
121,32.702168621748385,2,40.0,0.11137857447655648,1
4,65.4529447303007,0,379.757222039398,0.8069137575174806,0
52,18.003094341407046,2,117.9777000377752,0.1972644502848349,1
3,86.91450977829925,0,295.53730853784833,0.888501010536266,0
5,120.09536696628145,0,295.40564509767916,0.8120538664099912,0
19,66.57699452708255,5,101.63665651909675,0.0,1
12,110.96577494971449,6,214.91372082802545,0.503286646295244,1
4,115.86118824554353,0,260.8526153688187,1.0,0
20,68.93750164966103,1,191.1679965483013,0.0559965407960144,1
45,78.15031197997737,10,82.05612326373387,0.5965238322907274,1
5,72.08034251335434,0,167.73993083156785,0.6070718308419252,0
4,111.92959963078637,0,196.99443065783407,1.0,0
59,4.465754396735845,1,172.23260133352338,0.15619527952839982,1
65,11.30428622701566,0,113.34262164070509,0.05658517724265463,1
7,118.60143720221521,0,188.00608421015588,0.8769842331422286,0
3,109.64968359966252,1,269.7523572129131,0.873553923143866,0
121,18.08815269061423,1,217.74005055921154,0.10046343185316371,1
22,47.43338718214117,9,102.70007433331972,0.48569394715923186,1
127,24.47108208608177,4,169.32394480751714,0.08235044099524821,1
117,3.8417015314143277,2,197.94891077303933,0.05043884412999008,1
9,132.34109505385123,0,175.03715489389907,0.9310028550875663,0
5,118.9668660453973,0,322.2405142050091,1.0,0
5,113.30928670075163,3,238.9144854938761,0.16828547574124147,1
17,100.53131175478913,9,62.62877048420249,0.09907928038551189,1
2,164.13380341565087,0,264.60922683890317,1.0,0
5,87.6794936518798,0,339.52571476756515,0.9932297645000544,0
2,135.84289025657804,0,299.26927770422714,0.9651643412938572,0
5,125.76006394402044,0,217.35186257171264,1.0,0
7,123.84643577112098,0,280.5543639956607,0.8429737131769369,0
4,81.88377016873011,0,194.90139737195292,0.9786509531094327,0
8,134.38516998497306,0,230.41208949700106,0.5339916883795176,0
4,118.59974732661028,0,252.37663994165345,0.9824774064524137,0
7,160.69234206158634,0,265.67564505978265,0.9489545338243229,0
6,100.16010877661358,0,113.09215613243694,0.6717408195058819,0
8,96.7061222864842,0,365.9595834392633,0.8473990841238044,0
47,39.607425040003186,5,224.93318849522666,0.4339633677968817,1
2,120.03162151992156,0,268.88664570840876,0.9879181574622556,0
2,177.29649223529995,1,339.3971732977587,1.0,0
4,148.06255150878306,0,319.72614193565676,0.8612744032829136,0
8,142.26882545107242,0,390.26242700277123,0.8040337270099078,0
6,162.70305745375092,0,327.1567070393794,1.0,0
11,155.34619413068236,0,86.54620931822916,1.0,0
9,150.25161295770386,0,336.7943408327085,0.799181769650957,0
2,190.82677524248592,0,124.96372663803378,0.6158783542548105,0
5,98.23091295050544,0,334.14637978175955,0.9677229886695381,0
6,150.54137026241605,0,112.16634661895809,0.71332497722981,0
8,198.77382184166157,1,215.8813263245413,0.6200770793748656,0
5,188.163980958228,0,206.1217778019284,0.9062633420346162,0
39,39.83743605259098,6,145.69663664922098,0.4117628867556407,1
3,139.03376227732502,1,208.37752498255216,0.9126556389932744,0
5,121.07809220790604,0,408.5287110017158,0.9885057788225066,0
2,135.13227391479788,0,348.62838158239583,1.0,0
5,135.96633199889317,0,203.0206680269181,0.8210693170487973,0
2,171.85287348302163,1,237.09376753639603,1.0,0
127,9.304554156246821,3,176.2486074617937,0.21268995552443068,1
9,154.10625279320726,1,252.7590247889307,1.0,0
4,186.87874603536892,1,334.7706556108061,0.6169078036149521,0
17,59.80053821075006,5,163.28665682026585,0.34768023296009926,1
5,194.92096249121636,0,254.93134672738114,0.8760383402064683,0
125,16.553857680628138,1,93.87754183607453,0.2666028088043692,1
3,102.55123270671162,0,327.5970487683343,0.6117510906924207,0
44,21.1196967742215,10,179.93210364373107,0.34670468084585915,1
7,90.96558311697088,7,285.00443371256404,0.7658392192991468,1
10,92.09625964380443,0,192.02410426776996,0.7995792140529244,0
7,124.39955652562301,0,389.19103344991834,0.5312892900952001,0
5,95.05853019707433,0,392.95645255291436,0.5546605573511172,0
10,161.54282826580902,0,157.39423834036833,0.556138437766276,0
4,156.18168611915044,0,292.2571534763355,0.8427219874409937,0
5,140.61884924048667,0,197.27081323771944,0.7915994013603225,0
10,61.18084220254674,0,161.110300190455,0.9465946737571126,0
22,74.3258621186222,3,172.77598776426927,0.4276968250048343,1
6,108.80944915913418,0,244.28847963920538,1.0,0
9,120.11351973743265,0,362.75387010296583,0.8880600753366543,0
3,126.7983948374211,0,192.1267467799101,0.8908974094169763,0
5,112.59282245799828,0,181.553932041911,0.8494678023232609,0
3,145.0528709475432,1,160.8060535310042,0.9194529885727354,0
2,110.57974423466375,0,183.46882944734162,0.9690633577190615,0
41,57.533663656632505,6,178.98668125690932,0.37661181150863327,1
9,94.23490030556246,0,75.6399674951052,0.8291719399110216,0
3,124.52266640337714,1,233.49364558094553,0.952854430474597,0
2,78.29122711610344,0,305.48156842839944,0.8734124327904912,0
7,146.70089602773686,0,186.23423967406617,0.925999196306317,0
3,69.09807122309209,0,196.33399741909273,0.7716811162939556,0
2,84.59248415933003,0,519.4272931105462,1.0,0
66,16.30427336792027,4,185.5150947102761,0.12387912172093178,1
8,88.60429193901128,1,237.21307790865367,0.7931129859165545,0
5,131.271096437527,0,295.2770371512268,0.9541830398089919,0
5,83.22982061312221,1,308.68627439085526,1.0,0
11,29.65451137925818,0,248.62080108467381,0.8488637488128059,0
5,105.49024145709306,0,236.86809674817252,0.8305981811938139,0
8,123.03381439778741,0,373.0299472272877,0.824036327789349,0
6,165.31623652549547,0,273.9604144318682,0.9519595541445558,0
78,34.69797679219376,2,247.4561590494604,0.0,1
8,77.04222833919354,1,271.11278303622737,0.7022230111604989,0
27,18.007293014257613,6,99.8955506287947,0.34118667318455503,1
5,115.62057290070682,0,501.00204530596227,0.8766676272653724,0
4,55.14707988802982,0,244.91582883540607,1.0,0
4,82.82712556223305,1,376.6295441896906,1.0,0
10,118.60661736762533,0,368.7256455008565,1.0,0
3,107.33499123689789,0,371.152911102044,0.9409576505116527,0
3,103.63784174009726,1,130.34983405034927,0.9519431714340616,0
0,136.87763375782998,0,135.54746467506683,0.9186186574987879,0
6,56.44136487653272,1,259.7485819110844,0.949033699457814,0
40,11.292292508028925,6,224.97585130067603,0.14568348435522888,1
7,79.2975587976348,2,240.3247695737302,0.4347037508779379,1
5,137.41511298649826,1,355.0080929774028,1.0,0
6,119.20390878861365,5,173.63029932554866,0.4232045200031306,1
3,104.41746643539327,0,300.81708137581296,0.8201200941462671,0
18,23.020119117499867,5,201.9312888644506,0.7273909421910613,1
5,148.99524631122617,0,226.77171474199616,1.0,0
2,10.0,0,186.76804372078718,0.9892672344541713,0
5,189.96498592349366,0,321.1885515737339,0.6488730226722033,0
9,154.2241368876782,1,333.1360922974267,0.9088418927694911,0
26,12.011689970071934,11,247.63955622089708,0.493231182161912,1
12,147.78356624641455,0,337.0127409547567,0.8997599809859081,0
5,132.29580135940054,0,153.47087323886615,0.7543942489714767,0
124,4.351090607997157,1,232.248247740973,0.22820633784483668,1
7,69.56245428799481,3,260.3927570245705,0.7439992125086099,1
9,234.22087243346934,0,241.39939549853702,1.0,0
6,83.506836444768,0,133.58783333379642,0.8552090847919115,0
1,129.70763671208175,0,242.82671178129362,0.688027378946427,0
5,116.26848293673666,0,333.5275521310256,0.9663640681324328,0
9,107.48616181481317,0,147.05043277604946,1.0,0
12,51.92079905711682,6,155.80944248719018,0.10893929315659082,1
8,114.5494239007713,0,288.3235814667118,0.6545118104627186,0
6,115.04420156998604,0,262.3776164268567,0.901446895808727,0
68,16.43395256876159,3,156.68686833673013,0.0127990581625447,1
7,120.62255337656725,0,60.0,0.7802768450377824,0
126,12.683940784205454,0,100.3756134671434,0.08497743780768549,1
43,34.06829449454823,12,256.8714029921721,0.2596080180674894,1
6,47.09754934016143,1,149.08781829481947,0.7233157153209459,0
5,110.20917472477517,1,141.51104879336182,1.0,0
7,82.68295195830072,0,369.36157777734775,0.7609567562318477,0
45,46.36160047797013,14,110.93444472258187,0.23839224924401622,1
7,110.80442713208215,0,377.1736429550041,1.0,0
9,144.5206128356428,0,289.67066635912755,0.9518046184626497,0
6,100.93506169896659,0,314.6870366471582,0.8282463468617891,0
117,12.792505745422082,2,146.01778727913782,0.032545454373909856,1
13,80.23563223151915,2,188.61502040508898,0.41130398667844226,1
11,125.16881842823972,1,275.6643823669108,0.6558309059432851,0
13,53.47629358127446,6,118.83533070249327,0.5823395232439249,1
12,91.68426150450335,2,116.3260515626571,0.4832785484370467,1
29,51.09716113738604,10,220.04325469345213,0.4847070791993397,1
9,61.4685097438383,4,223.69253992263185,0.4329586594162728,1
4,103.29971021621641,0,203.69459195395316,0.9478573814684573,0
122,15.127173320423047,2,232.42705154056642,0.0,1
32,13.742539549619995,11,331.7528035238838,0.44995239625466,1
7,114.9516048491844,0,334.5223440330259,0.6854021509285303,0
3,111.55405652130982,0,224.29598366450952,0.7179929554329411,0
116,23.483510529808626,0,176.60841272252472,0.08784254191672287,1
8,155.71963694404073,1,283.1968555420149,0.745576157170181,0
3,92.72877190958349,0,297.5559962577041,0.6031474105922499,0
2,44.327799125627635,0,161.3687126220092,0.9638658906348183,0
2,100.22143175285608,0,155.20678390862872,0.8383795973030135,0
5,108.24215886017097,1,237.3086803270178,0.40906972791395724,0
6,145.1553132344636,0,333.3733919346555,0.9548310808468282,0
6,109.63110522244097,0,408.26122573920486,0.9678105876886847,0
8,67.4667512144927,0,121.8533849276563,0.8729740822362398,0
27,51.40892594001247,5,306.67972041202046,0.4395939178393005,1
38,26.283558469738335,8,224.05838877348637,0.0573974245909271,1
2,82.38487220573182,1,187.3169893051698,0.7783626478862689,0
5,89.73673549723313,0,60.0,0.8613272864472514,0
7,164.28828406568186,0,303.3318258987434,0.9314159390159659,0
2,43.8605987060859,1,277.0039830018487,0.9335358323377931,0
33,21.19510704797627,10,298.9445666224082,0.559208740207746,1
1,103.31828314947505,0,381.7817158474771,0.8325086066447064,0
142,30.4021802693963,0,140.19511995653374,0.17057349140277123,1
7,107.30608086562275,0,236.90055418272863,0.8653446880207843,0
56,2.0,0,142.81369896707025,0.0,1
8,168.80226851961712,1,322.2058699067379,0.9254986941596727,0
6,79.97182096614529,0,300.5681258563697,0.6305531568504015,0
8,165.3926331598676,0,213.66468706339876,0.9396051324141956,0
4,64.48523561285947,0,142.83745544937733,0.8738565038545011,0
4,157.50818395313286,0,371.63977088507687,0.7773323710696494,0
5,112.1957244943606,1,278.5108662081129,1.0,0
8,156.82673969980584,0,179.78271321217264,0.7062176786075935,0
1,143.30170392886498,0,386.1432293231967,0.8776377134115619,0
15,83.52924829976168,3,163.80459585426235,0.3342845995395574,1
8,147.24335708735376,0,375.7739553867497,0.6462282409146236,0
4,62.16583964693876,0,179.93666356185605,0.7684944723421091,0
2,94.719107662218,0,271.8107584502457,0.8520185834631482,0
135,2.0,2,85.12191270219795,0.1761284636111819,1
111,11.89240064559409,0,198.40527943939392,0.21771472535598438,1
19,34.16107042592764,3,223.50537837459015,0.6021803442104597,1
4,93.35675635753509,0,339.276797138495,0.6582328012448743,0
3,117.12720552693291,0,387.8586190114832,0.9996073765338315,0
3,147.44795704261819,0,266.91499507674695,0.794163622322001,0
7,161.88799200727635,1,262.609966808057,0.8234965676170591,0
8,190.6997425416185,2,332.9310121191305,0.8211205606210613,0
120,5.161866051399864,0,61.92687544338997,0.07189577671692586,1
10,96.71753596456264,3,299.774712149141,0.6487870294278874,1
5,161.43133487544839,0,268.0036245823356,0.8296537783649194,0
6,60.5140394526801,0,76.76411142214434,1.0,0
6,128.10436305036384,0,166.2133922141514,1.0,0
7,116.27208748316409,0,247.85712724431372,1.0,0
